Timestamp,System_Uptime,State,EAR,MAR,Pitch,Yaw,Roll,Risk,Attention,Blink_Count,Yawn_Count,Alert_Active,Latency_MS
2026-05-29 11:46:10,7.89,CALIBRATING,0.000,0.000,0.0,0.0,0.0,0.40,100.0,0,0,0,167.13
2026-05-29 11:46:11,8.93,CALIBRATING,0.000,0.000,0.0,0.0,0.0,0.40,100.0,0,0,0,87.44
2026-05-29 11:46:12,9.99,CALIBRATING,0.000,0.000,0.0,0.0,0.0,0.40,100.0,0,0,0,77.48
2026-05-29 11:46:13,11.00,CALIBRATING,0.000,0.000,0.0,0.0,0.0,0.40,100.0,0,0,0,72.77
2026-05-29 11:46:14,12.01,CALIBRATING,0.000,0.000,0.0,0.0,0.0,0.40,100.0,0,0,0,58.93
2026-05-29 11:46:15,13.06,CALIBRATING,0.000,0.000,0.0,0.0,0.0,0.40,100.0,0,0,0,55.08
2026-05-29 11:46:16,14.07,CALIBRATING,0.000,0.000,0.0,0.0,0.0,0.40,100.0,0,0,0,49.22
2026-05-29 11:46:17,15.09,CALIBRATING,0.000,0.000,0.0,0.0,0.0,0.40,100.0,0,0,0,47.66
2026-05-29 11:46:18,16.13,CALIBRATING,0.000,0.000,0.0,0.0,0.0,0.40,100.0,0,0,0,48.18
2026-05-29 11:46:19,17.19,CALIBRATING,0.000,0.000,0.0,0.0,0.0,0.40,100.0,0,0,0,48.68
2026-05-29 11:46:20,18.26,CALIBRATING,0.000,0.000,0.0,0.0,0.0,0.40,100.0,0,0,0,49.05
2026-05-29 11:46:21,19.31,CALIBRATING,0.000,0.000,0.0,0.0,0.0,0.40,100.0,0,0,0,49.19
2026-05-29 11:46:22,20.34,CALIBRATING,0.000,0.000,0.0,0.0,0.0,0.40,100.0,0,0,0,49.03
2026-05-29 11:46:23,21.39,CALIBRATING,0.000,0.000,0.0,0.0,0.0,0.40,100.0,0,0,0,47.76
2026-05-29 11:46:26,24.26,CALIBRATING,0.225,0.618,50.7,9.2,89.0,0.29,100.0,0,0,0,80.03
2026-05-29 11:46:27,25.32,CALIBRATING,0.242,0.610,49.3,14.4,-89.0,0.24,100.0,0,0,0,92.05
2026-05-29 11:46:28,26.62,CALIBRATING,0.235,0.621,49.0,8.4,-89.0,0.28,100.0,1,0,0,105.66
2026-05-29 11:46:30,27.79,CALIBRATING,0.248,0.631,48.4,6.1,-89.0,0.19,100.0,1,0,0,119.70
2026-05-29 11:46:31,28.88,CALIBRATING,0.257,0.657,48.7,6.7,-89.0,0.13,100.0,1,0,0,133.32
2026-05-29 11:46:32,29.99,CALIBRATING,0.259,0.655,48.8,7.6,-89.0,0.10,100.0,1,0,0,147.20
2026-05-29 11:46:33,30.90,CALIBRATING,0.264,0.655,48.8,7.6,-89.0,0.07,100.0,1,0,0,148.94
2026-05-29 11:46:34,31.94,CALIBRATING,0.162,0.626,51.7,19.4,89.0,0.08,100.0,1,0,0,125.62
2026-05-29 11:46:35,33.08,CALIBRATING,0.217,0.593,53.3,-4.4,-89.0,0.06,100.0,1,0,0,120.73
2026-05-29 11:46:36,34.18,CALIBRATING,0.222,0.597,53.9,-6.5,89.0,0.06,100.0,1,0,0,120.30
2026-05-29 11:46:37,35.28,CALIBRATING,0.255,0.605,52.1,-47.4,-89.0,0.05,100.0,1,0,0,119.66
2026-05-29 11:47:21,7.39,CALIBRATING,0.000,0.000,0.0,0.0,0.0,0.40,100.0,0,0,0,82.23
2026-05-29 11:47:22,8.43,CALIBRATING,0.000,0.000,0.0,0.0,0.0,0.40,100.0,0,0,0,61.95
2026-05-29 11:47:23,9.46,CALIBRATING,0.000,0.000,0.0,0.0,0.0,0.40,100.0,0,0,0,57.25
2026-05-29 11:47:25,11.88,CALIBRATING,0.245,0.637,52.1,46.2,89.0,0.29,100.0,0,0,0,80.72
2026-05-29 11:47:26,13.13,CALIBRATING,0.196,0.617,53.2,3.2,89.0,0.22,100.0,0,0,0,93.93
2026-05-29 11:47:27,14.13,CALIBRATING,0.185,0.618,52.4,5.3,89.0,0.32,100.0,0,0,0,106.28
2026-05-29 11:47:28,15.31,CALIBRATING,0.232,0.627,50.5,2.9,89.0,0.29,100.0,1,0,0,120.16
2026-05-29 11:47:30,16.47,CALIBRATING,0.261,0.630,50.5,-2.8,89.0,0.20,100.0,1,0,0,134.25
2026-05-29 11:47:31,17.48,CALIBRATING,0.296,0.643,50.5,-3.5,89.0,0.15,100.0,1,0,0,146.60
2026-05-29 11:47:32,18.65,CALIBRATING,0.238,0.642,51.1,-3.9,89.0,0.11,100.0,1,0,0,161.05
2026-05-29 11:47:33,19.80,CALIBRATING,0.242,0.637,51.5,-3.1,89.0,0.09,100.0,1,0,0,174.67
2026-05-29 11:47:34,20.88,CALIBRATING,0.235,0.638,51.5,-2.7,89.0,0.08,100.0,1,0,0,188.33
2026-05-29 11:47:35,22.01,CALIBRATING,0.235,0.633,51.7,-2.5,89.0,0.07,100.0,1,0,0,201.60
2026-05-29 11:47:36,23.20,CALIBRATING,0.228,0.634,51.7,-2.3,89.0,0.06,100.0,1,0,0,216.48
2026-05-29 11:47:38,24.35,CALIBRATING,0.234,0.633,51.7,-3.3,89.0,0.05,100.0,1,0,0,191.04
2026-05-29 11:47:39,25.39,ATTENTIVE,0.247,0.629,51.8,-2.4,89.0,0.05,97.9,1,0,0,192.22
2026-05-29 11:47:40,26.43,FATIGUED,0.221,0.627,52.0,-2.2,89.0,0.04,92.5,1,0,0,193.23
2026-05-29 11:47:41,27.51,FATIGUED,0.187,0.618,47.2,20.0,-89.0,0.05,87.7,1,0,0,194.67
2026-05-29 11:47:42,28.53,FATIGUED,0.205,0.596,40.3,23.0,-89.0,0.05,82.3,1,0,0,195.50
2026-05-29 11:47:43,29.60,FATIGUED,0.199,0.579,39.8,22.3,-89.0,0.05,80.3,1,0,0,196.43
2026-05-29 11:47:44,30.78,FATIGUED,0.218,0.584,40.6,23.6,-89.0,0.04,73.9,1,0,0,196.91
2026-05-29 11:47:45,31.79,FATIGUED,0.255,0.600,43.0,7.3,-89.0,0.03,68.7,1,0,0,198.14
2026-05-29 11:47:46,32.89,FATIGUED,0.244,0.620,52.0,-10.7,89.0,0.03,63.4,1,0,0,200.64
2026-05-29 11:47:47,34.03,FATIGUED,0.210,0.625,54.4,-5.0,89.0,0.03,58.2,1,0,0,203.89
2026-05-29 11:47:48,35.11,FATIGUED,0.154,0.662,52.7,-6.1,89.0,0.13,50.0,1,0,0,206.33
2026-05-29 11:47:49,36.18,FATIGUED,0.209,0.665,51.9,5.3,-89.0,0.17,31.7,2,0,0,206.72
2026-05-29 11:47:50,37.15,FATIGUED,0.225,0.614,49.9,7.2,-89.0,0.10,26.3,2,0,0,203.31
2026-05-29 11:47:51,38.20,FATIGUED,0.129,0.541,49.5,11.9,89.0,0.09,23.0,2,0,0,200.20
2026-05-29 11:47:53,39.43,FATIGUED,0.214,0.556,52.3,4.8,-89.0,0.06,18.1,2,0,0,200.18
2026-05-29 11:47:54,40.50,FATIGUED,0.253,0.614,50.6,3.9,-89.0,0.05,12.7,2,0,0,200.89
2026-05-29 11:47:55,41.67,FATIGUED,0.258,0.614,50.5,2.9,-89.0,0.04,9.7,2,0,0,199.18
2026-05-29 11:47:56,42.82,FATIGUED,0.264,0.610,50.9,3.3,-89.0,0.03,3.3,2,0,0,198.60
2026-05-29 11:47:57,44.03,FATIGUED,0.261,0.611,50.7,1.8,-89.0,0.03,0.0,2,0,0,198.57
2026-05-29 11:47:58,45.17,FATIGUED,0.269,0.614,51.1,1.1,-89.0,0.02,0.0,2,0,0,195.26
2026-05-29 11:48:00,46.37,FATIGUED,0.251,0.618,51.3,-10.9,-89.0,0.02,0.0,2,0,0,193.01
2026-05-29 11:48:01,47.36,FATIGUED,0.249,0.631,51.7,-8.2,-89.0,0.01,0.0,2,0,0,191.70
2026-05-29 11:48:02,48.59,FATIGUED,0.245,0.635,51.9,-9.6,-89.0,0.01,0.0,2,0,0,190.97
2026-05-29 11:48:03,49.63,FATIGUED,0.242,0.639,51.2,-9.9,-89.0,0.01,0.0,2,0,0,194.67
2026-05-29 11:48:04,50.79,FATIGUED,0.267,0.649,50.7,-8.7,-89.0,0.01,0.0,2,0,0,197.17
2026-05-29 11:48:05,51.87,FATIGUED,0.272,0.730,52.8,-7.7,89.0,0.01,0.0,2,0,0,197.96
2026-05-29 11:48:06,52.95,FATIGUED,0.253,0.820,54.7,-4.0,89.0,0.02,0.0,2,0,0,198.93
2026-05-29 11:48:07,53.97,FATIGUED,0.242,0.855,55.4,-3.6,-89.0,0.03,0.0,2,0,0,199.63
2026-05-29 11:48:08,55.07,FATIGUED,0.237,0.890,55.5,-3.2,89.0,0.09,0.0,2,0,0,202.18
2026-05-29 11:48:09,56.17,FATIGUED,0.231,0.902,55.9,-3.0,89.0,0.19,0.0,2,0,0,203.32
2026-05-29 11:48:10,57.28,DROWSY,0.222,0.919,56.1,-3.6,89.0,0.24,0.0,2,0,0,206.01
2026-05-29 11:48:12,58.34,DROWSY,0.224,0.954,56.1,-3.4,89.0,0.27,0.0,2,0,0,207.25
2026-05-29 11:48:13,59.42,DROWSY,0.227,0.961,55.9,-2.2,89.0,0.29,0.0,2,0,1,208.65
2026-05-29 11:48:14,60.60,DROWSY,0.241,0.841,52.6,3.3,-89.0,0.30,0.0,2,0,1,211.20
2026-05-29 11:48:15,61.77,DROWSY,0.275,0.677,47.3,3.7,-89.0,0.21,0.0,2,1,0,213.77
2026-05-29 11:48:16,62.78,DROWSY,0.295,0.638,46.0,3.8,-89.0,0.16,0.0,2,1,0,216.71
2026-05-29 11:48:17,63.82,FATIGUED,0.300,0.659,46.3,2.7,-89.0,0.11,0.0,2,1,0,217.67
2026-05-29 11:48:18,64.83,FATIGUED,0.296,0.665,46.1,4.4,-89.0,0.09,0.0,2,1,0,217.77
2026-05-29 11:48:19,66.03,FATIGUED,0.295,0.634,43.6,26.1,-89.0,0.06,0.0,2,1,0,216.07
2026-05-29 11:48:20,67.22,FATIGUED,0.311,0.588,41.9,30.7,-89.0,0.04,0.0,2,1,0,215.45
2026-05-29 11:48:21,68.28,FATIGUED,0.320,0.553,41.6,31.2,-89.0,0.02,0.0,2,1,0,214.40
2026-05-29 11:48:22,69.29,FATIGUED,0.325,0.512,41.8,31.1,-89.0,0.01,0.0,2,1,0,213.34
2026-05-29 11:48:24,70.34,FATIGUED,0.266,0.554,46.9,-14.5,-89.0,0.01,0.0,2,1,0,212.27
2026-05-29 11:48:25,71.44,FATIGUED,0.261,0.642,47.6,-30.3,-89.0,0.00,0.0,2,1,0,213.03
2026-05-29 11:48:26,72.46,FATIGUED,0.262,0.633,40.8,89.0,-89.0,0.00,0.0,2,1,0,212.12
2026-05-29 11:48:27,73.52,FATIGUED,0.183,0.600,31.8,89.0,-89.0,0.01,0.0,2,1,0,209.95
2026-05-29 11:48:28,74.53,FATIGUED,0.189,0.614,33.4,-7.4,-89.0,0.16,0.0,2,1,0,207.79
2026-05-29 11:48:29,75.76,FATIGUED,0.289,0.634,34.7,-5.7,-89.0,0.22,0.0,3,1,0,204.38
2026-05-29 11:48:30,76.77,FATIGUED,0.284,0.621,43.6,2.6,-89.0,0.33,0.0,3,1,0,203.62
2026-05-29 11:48:31,77.78,MICROSLEEP,0.231,0.599,55.0,20.3,89.0,0.38,0.0,3,1,0,204.13
2026-05-29 11:48:32,78.99,MICROSLEEP,0.202,0.589,60.3,15.8,89.0,0.15,0.0,3,1,0,204.12
2026-05-29 11:48:33,80.16,FATIGUED,0.147,0.610,62.2,14.3,89.0,0.22,0.0,3,1,0,203.21
2026-05-29 11:48:35,81.34,FATIGUED,0.114,0.624,63.7,8.3,89.0,0.33,0.0,3,1,0,202.79
2026-05-29 11:48:36,82.54,FATIGUED,0.171,0.626,57.3,1.8,-89.0,0.40,0.0,3,1,0,201.96
2026-05-29 11:48:37,83.76,FATIGUED,0.215,0.633,51.6,1.2,-89.0,0.27,0.0,4,1,0,200.14
2026-05-29 11:48:38,84.79,FATIGUED,0.244,0.646,51.7,1.8,-89.0,0.15,0.0,4,1,0,200.08
2026-05-29 11:48:39,85.89,FATIGUED,0.258,0.645,51.4,0.0,-89.0,0.09,0.0,4,1,0,200.96
2026-05-29 11:48:40,86.94,FATIGUED,0.261,0.642,51.3,-0.8,-89.0,0.07,0.0,4,1,0,201.45
2026-05-29 11:48:41,87.96,FATIGUED,0.264,0.648,51.3,-0.2,-89.0,0.06,0.0,4,1,0,201.78
2026-05-29 11:48:42,89.00,FATIGUED,0.266,0.652,51.5,0.6,-89.0,0.05,0.0,4,1,0,201.55
2026-05-29 11:48:43,90.11,FATIGUED,0.258,0.649,51.6,1.0,-89.0,0.05,0.0,4,1,0,203.33
2026-05-29 11:48:45,91.56,FATIGUED,0.262,0.642,52.0,1.1,-89.0,0.05,0.0,4,1,0,209.17
2026-05-29 11:48:46,92.66,FATIGUED,0.273,0.646,52.3,-0.4,-89.0,0.05,0.0,4,1,0,215.18
2026-05-29 11:48:47,94.11,FATIGUED,0.248,0.665,52.0,-3.7,-89.0,0.05,0.0,4,1,0,223.52
2026-05-29 11:48:48,95.22,FATIGUED,0.242,0.681,50.8,-3.2,-89.0,0.05,0.0,4,1,0,233.18
2026-05-29 11:48:49,96.21,FATIGUED,0.239,0.682,50.0,-3.1,-89.0,0.05,0.0,4,1,0,240.15
2026-05-29 11:48:51,97.40,FATIGUED,0.260,0.666,49.8,-3.1,-89.0,0.05,0.0,4,1,0,250.55
2026-05-29 11:48:52,98.42,FATIGUED,0.252,0.640,49.7,-4.4,-89.0,0.05,0.0,4,1,0,257.18
2026-05-29 11:48:53,99.80,FATIGUED,0.259,0.620,50.1,-2.6,-89.0,0.05,0.0,4,1,0,266.55
2026-05-29 11:48:54,100.82,FATIGUED,0.254,0.624,51.4,7.9,-89.0,0.05,0.0,4,1,0,270.69
2026-05-29 11:48:55,101.99,FATIGUED,0.248,0.610,51.4,11.0,-89.0,0.05,0.0,4,1,0,272.37
2026-05-29 11:48:56,103.20,FATIGUED,0.292,0.575,50.1,9.7,-89.0,0.05,0.0,4,1,0,274.22
2026-05-29 11:48:58,104.43,FATIGUED,0.294,0.567,49.8,8.7,-89.0,0.05,0.0,4,1,0,277.17
2026-05-29 11:48:59,105.51,FATIGUED,0.292,0.581,49.5,7.7,-89.0,0.05,0.0,4,1,0,278.99
2026-05-29 11:49:00,106.86,FATIGUED,0.314,0.595,49.6,7.3,-89.0,0.05,0.0,4,1,0,280.38
2026-05-29 11:49:01,107.90,FATIGUED,0.313,0.596,49.8,7.2,-89.0,0.05,0.0,4,1,0,281.98
2026-05-29 11:49:02,108.95,FATIGUED,0.318,0.593,50.1,7.7,-89.0,0.05,0.0,4,1,0,280.27
2026-05-29 11:49:03,110.28,FATIGUED,0.316,0.588,50.2,7.8,-89.0,0.05,0.0,4,1,0,279.76
2026-05-29 11:49:05,111.66,FATIGUED,0.297,0.596,50.0,5.6,-89.0,0.05,0.0,4,1,0,286.42
2026-05-29 11:49:06,112.93,FATIGUED,0.275,0.606,49.2,4.8,-89.0,0.05,0.0,4,1,0,289.80
2026-05-29 11:49:07,114.25,FATIGUED,0.238,0.630,49.7,5.8,-89.0,0.05,0.0,4,1,0,293.12
2026-05-29 11:49:09,115.47,FATIGUED,0.221,0.643,50.5,4.4,-89.0,0.04,0.0,4,1,0,296.51
2026-05-29 11:49:10,116.72,FATIGUED,0.212,0.658,50.6,-2.1,-89.0,0.04,0.0,4,1,0,297.81
2026-05-29 11:49:11,117.96,FATIGUED,0.232,0.658,50.1,-1.8,-89.0,0.04,0.0,4,1,0,302.00
2026-05-29 11:49:12,119.20,FATIGUED,0.225,0.668,48.9,-1.9,-89.0,0.04,0.0,4,1,0,305.48
2026-05-29 11:49:14,120.42,FATIGUED,0.228,0.679,48.3,-3.2,-89.0,0.04,0.0,4,1,0,313.55
2026-05-29 11:49:15,121.83,FATIGUED,0.219,0.687,47.8,-3.0,-89.0,0.04,0.0,4,1,0,324.26
2026-05-29 11:49:16,123.01,FATIGUED,0.242,0.677,47.6,-4.1,-89.0,0.04,0.0,4,1,0,332.72
2026-05-29 11:49:17,124.19,FATIGUED,0.250,0.675,47.5,-4.6,-89.0,0.04,0.0,4,1,0,340.38
2026-05-29 11:49:19,125.44,FATIGUED,0.254,0.661,47.6,-2.5,-89.0,0.03,0.0,4,1,0,349.06
2026-05-29 11:49:20,126.64,FATIGUED,0.259,0.657,47.8,-3.5,-89.0,0.03,0.0,4,1,0,356.10
2026-05-29 11:49:21,127.82,FATIGUED,0.266,0.652,47.2,-4.0,-89.0,0.02,0.0,4,1,0,364.98
2026-05-29 11:49:22,129.07,FATIGUED,0.278,0.648,46.7,-3.9,-89.0,0.02,0.0,4,1,0,374.83
2026-05-29 11:49:24,130.80,FATIGUED,0.279,0.641,46.4,-4.0,-89.0,0.01,0.0,4,1,0,383.30
2026-05-29 11:49:25,131.41,FATIGUED,0.278,0.640,46.2,-3.7,-89.0,0.01,0.0,4,1,0,396.49
2026-05-29 11:49:26,132.65,FATIGUED,0.272,0.642,46.4,-3.6,-89.0,0.01,0.0,4,1,0,405.20
2026-05-29 11:49:27,133.80,FATIGUED,0.268,0.648,46.9,-3.1,-89.0,0.00,0.0,4,1,0,412.50
2026-05-29 11:49:28,135.00,FATIGUED,0.266,0.661,47.0,-2.5,-89.0,0.00,0.0,4,1,0,419.37
2026-05-29 11:49:29,136.20,FATIGUED,0.265,0.667,47.1,-2.4,-89.0,0.00,0.0,4,1,0,421.24
2026-05-29 11:49:31,137.50,FATIGUED,0.259,0.672,47.2,-3.0,-89.0,0.00,0.0,4,1,0,419.93
2026-05-29 11:49:32,138.77,FATIGUED,0.252,0.672,47.5,-3.3,-89.0,0.00,0.0,4,1,0,419.46
2026-05-29 11:49:33,140.04,FATIGUED,0.256,0.670,47.6,-3.2,-89.0,0.00,0.0,4,1,0,419.14
2026-05-29 11:49:34,141.29,FATIGUED,0.266,0.663,47.6,-2.1,-89.0,0.00,0.0,4,1,0,420.02
2026-05-29 11:49:36,142.50,FATIGUED,0.271,0.619,47.2,5.5,-89.0,0.00,0.0,4,1,0,419.23
2026-05-29 11:49:37,143.80,FATIGUED,0.274,0.583,48.6,10.3,-89.0,0.00,0.0,4,1,0,420.65
2026-05-29 11:49:38,145.06,FATIGUED,0.260,0.560,50.5,-89.0,89.0,0.00,0.0,4,1,0,420.69
2026-05-29 11:49:40,146.37,FATIGUED,0.261,0.571,48.5,7.2,-89.0,0.00,0.0,4,1,0,421.22
2026-05-29 11:49:41,147.64,FATIGUED,0.277,0.579,46.3,7.2,-89.0,0.00,0.0,4,1,0,419.86
2026-05-29 11:49:42,148.91,FATIGUED,0.289,0.578,47.3,13.8,-89.0,0.00,0.0,4,1,0,421.06
2026-05-29 11:49:43,150.18,FATIGUED,0.268,0.600,47.2,-89.0,-89.0,0.00,0.0,4,1,0,422.61
2026-05-29 11:49:45,151.50,FATIGUED,0.269,0.609,46.4,4.0,89.0,0.00,0.0,4,1,0,423.46
2026-05-29 11:49:46,152.52,FATIGUED,0.276,0.644,46.6,-25.5,-89.0,0.00,0.0,4,1,0,421.08
2026-05-29 11:49:47,153.80,FATIGUED,0.299,0.695,45.6,-30.8,-89.0,0.01,0.0,4,1,0,423.00
2026-05-29 11:49:48,155.02,FATIGUED,0.310,0.720,43.3,-29.6,-89.0,0.01,0.0,4,1,0,422.63
2026-05-29 11:49:50,156.36,FATIGUED,0.315,0.740,45.6,-26.9,-89.0,0.01,0.0,4,1,0,412.79
2026-05-29 11:49:51,157.56,FATIGUED,0.306,0.716,46.7,-29.8,-89.0,0.01,0.0,4,1,0,412.85
2026-05-29 11:49:52,158.81,FATIGUED,0.299,0.680,46.9,-30.2,-89.0,0.01,0.0,4,1,0,413.16
2026-05-29 11:49:53,160.05,FATIGUED,0.299,0.645,45.6,-19.3,-89.0,0.01,0.0,4,1,0,413.64
2026-05-29 11:49:55,161.36,FATIGUED,0.303,0.611,45.5,1.6,-89.0,0.01,0.0,4,1,0,415.67
2026-05-29 11:49:56,162.63,FATIGUED,0.303,0.599,47.6,5.4,-89.0,0.02,0.0,4,1,0,415.36
2026-05-29 11:49:57,163.89,FATIGUED,0.292,0.596,49.2,7.1,-89.0,0.02,0.0,4,1,0,415.85
2026-05-29 11:49:59,165.32,FATIGUED,0.325,0.513,49.0,21.8,-89.0,0.02,0.0,4,1,0,410.91
2026-05-29 11:50:00,166.67,FATIGUED,0.360,0.424,47.4,4.7,-89.0,0.02,0.0,4,1,0,412.42
2026-05-29 11:50:01,168.04,FATIGUED,0.355,0.352,46.6,13.3,-89.0,0.02,0.0,4,1,0,415.19
2026-05-29 11:50:03,169.32,FATIGUED,0.282,0.355,45.7,-15.0,-89.0,0.02,0.0,4,1,0,414.93
2026-05-29 11:50:04,170.79,FATIGUED,0.272,0.457,44.6,-8.2,-89.0,0.02,0.0,4,1,0,418.81
2026-05-29 11:50:05,172.06,FATIGUED,0.289,0.540,43.9,-7.7,-89.0,0.02,0.0,4,1,0,417.57
2026-05-29 11:50:06,173.25,FATIGUED,0.304,0.626,43.0,89.0,-89.0,0.02,0.0,4,1,0,417.11
2026-05-29 11:50:08,174.40,FATIGUED,0.300,0.604,42.3,1.0,-89.0,0.02,0.0,4,1,0,415.04
2026-05-29 11:50:09,175.62,FATIGUED,0.303,0.585,45.4,2.0,-89.0,0.01,0.0,4,1,0,414.13
2026-05-29 11:50:37,8.94,CALIBRATING,0.278,0.645,51.2,3.9,-89.0,0.00,100.0,0,0,0,2406.57
2026-05-29 11:50:38,10.11,CALIBRATING,0.245,0.640,51.3,5.8,89.0,0.00,100.0,0,0,0,511.26
2026-05-29 11:50:39,11.25,CALIBRATING,0.201,0.643,51.5,5.7,89.0,0.00,100.0,0,0,0,362.65
2026-05-29 11:50:40,12.47,CALIBRATING,0.216,0.642,51.1,3.2,89.0,0.19,100.0,0,0,0,311.06
2026-05-29 11:50:41,13.64,CALIBRATING,0.256,0.643,50.6,1.3,89.0,0.11,100.0,1,0,0,282.96
2026-05-29 11:50:43,14.78,CALIBRATING,0.269,0.642,50.4,3.5,89.0,0.07,100.0,1,0,0,265.00
2026-05-29 11:50:44,15.97,CALIBRATING,0.256,0.643,50.7,4.1,89.0,0.05,100.0,1,0,0,252.79
2026-05-29 11:50:45,17.14,CALIBRATING,0.252,0.641,50.6,4.0,89.0,0.04,100.0,1,0,0,244.78
2026-05-29 11:50:46,18.18,CALIBRATING,0.259,0.636,50.6,4.5,89.0,0.04,100.0,1,0,0,240.70
2026-05-29 11:50:47,19.26,CALIBRATING,0.253,0.638,50.7,4.3,89.0,0.03,100.0,1,0,0,237.76
2026-05-29 11:50:48,20.39,CALIBRATING,0.253,0.643,50.6,2.0,89.0,0.03,100.0,1,0,0,236.32
2026-05-29 11:50:49,21.62,ATTENTIVE,0.261,0.643,50.5,3.0,89.0,0.03,97.9,1,0,0,201.52
2026-05-29 11:50:51,22.75,FATIGUED,0.267,0.639,50.9,3.4,89.0,0.02,92.7,1,0,0,204.49
2026-05-29 11:50:52,23.84,FATIGUED,0.257,0.637,50.7,3.9,89.0,0.02,87.5,1,0,0,207.33
2026-05-29 11:50:53,24.97,FATIGUED,0.237,0.645,51.1,0.2,89.0,0.02,82.4,1,0,0,209.22
2026-05-29 11:50:54,26.16,FATIGUED,0.244,0.642,52.5,0.7,89.0,0.02,77.2,1,0,0,212.22
2026-05-29 11:50:55,27.19,FATIGUED,0.266,0.630,53.3,-1.8,-89.0,0.02,72.1,1,0,0,213.71
2026-05-29 11:50:56,28.36,FATIGUED,0.266,0.635,53.0,2.0,89.0,0.02,65.9,1,0,0,214.67
2026-05-29 11:50:57,29.54,FATIGUED,0.260,0.639,52.8,-2.5,89.0,0.02,59.8,1,0,0,214.00
2026-05-29 11:50:59,30.72,FATIGUED,0.257,0.632,52.4,0.0,89.0,0.02,53.6,1,0,0,214.10
2026-05-29 11:51:00,31.94,FATIGUED,0.249,0.637,52.1,-0.1,89.0,0.01,47.5,1,0,0,212.94
2026-05-29 11:51:01,33.06,FATIGUED,0.244,0.644,52.2,-0.3,89.0,0.01,42.4,1,0,0,212.96
2026-05-29 11:51:02,34.10,FATIGUED,0.247,0.644,52.2,-0.8,-89.0,0.01,37.3,1,0,0,210.81
2026-05-29 11:51:03,35.13,FATIGUED,0.262,0.663,52.6,2.1,89.0,0.01,32.2,1,0,0,208.70
2026-05-29 11:51:04,36.12,FATIGUED,0.270,0.666,52.5,0.5,89.0,0.01,27.1,1,0,0,206.52
2026-05-29 11:51:05,37.31,FATIGUED,0.264,0.649,52.2,2.1,89.0,0.01,21.0,1,0,0,204.15
2026-05-29 11:51:06,38.34,FATIGUED,0.244,0.642,51.9,0.0,89.0,0.01,15.9,1,0,0,201.29
2026-05-29 11:51:07,39.36,FATIGUED,0.225,0.644,51.4,-0.5,89.0,0.01,10.8,1,0,0,200.68
2026-05-29 11:51:08,40.56,FATIGUED,0.264,0.628,47.4,-0.3,89.0,0.01,4.7,1,0,0,200.95
2026-05-29 11:51:09,41.60,FATIGUED,0.297,0.615,39.9,-1.4,89.0,0.01,0.0,1,0,0,201.89
2026-05-29 11:51:10,42.61,FATIGUED,0.252,0.647,35.4,8.0,89.0,0.01,0.0,1,0,0,202.55
2026-05-29 11:51:12,43.72,FATIGUED,0.191,0.743,33.0,15.2,89.0,0.01,0.0,1,0,0,204.12
2026-05-29 11:51:13,44.78,FATIGUED,0.201,0.808,31.6,14.6,89.0,0.18,0.0,1,0,0,205.16
2026-05-29 11:51:14,45.90,FATIGUED,0.211,0.829,32.0,13.0,89.0,0.31,0.0,1,0,0,204.58
2026-05-29 11:51:15,47.01,MICROSLEEP,0.253,0.823,33.7,11.5,89.0,0.46,0.0,1,0,0,205.89
2026-05-29 11:51:16,48.12,MICROSLEEP,0.295,0.794,34.4,12.8,89.0,0.53,0.0,1,1,0,207.56
2026-05-29 11:51:17,49.21,MICROSLEEP,0.270,0.715,42.4,2.2,-89.0,0.49,0.0,1,1,0,209.17
2026-05-29 11:51:18,50.25,MICROSLEEP,0.240,0.622,52.7,-4.2,-89.0,0.47,0.0,1,1,1,209.99
2026-05-29 11:51:19,51.33,MICROSLEEP,0.225,0.595,54.5,-12.1,-89.0,0.26,0.0,1,1,0,210.58
2026-05-29 11:51:20,52.44,MICROSLEEP,0.220,0.535,53.9,-9.8,-89.0,0.14,0.0,1,1,0,212.28
2026-05-29 11:51:21,53.42,FATIGUED,0.215,0.485,52.9,-0.8,-89.0,0.08,0.0,1,1,0,212.49
2026-05-29 11:51:22,54.61,FATIGUED,0.232,0.515,52.1,-0.1,-89.0,0.05,0.0,1,1,0,211.58
2026-05-29 11:51:24,55.81,FATIGUED,0.233,0.528,51.8,-2.1,-89.0,0.03,0.0,1,1,0,210.70
2026-05-29 11:51:25,56.82,FATIGUED,0.232,0.523,51.6,-2.6,-89.0,0.01,0.0,1,1,0,209.13
2026-05-29 11:51:26,58.01,FATIGUED,0.234,0.525,51.4,-1.1,-89.0,0.01,0.0,1,1,0,207.78
2026-05-29 11:51:27,59.10,FATIGUED,0.236,0.541,51.2,-1.6,-89.0,0.00,0.0,1,1,0,206.24
2026-05-29 11:51:28,60.14,FATIGUED,0.241,0.578,51.2,-2.2,89.0,0.00,0.0,1,1,0,205.49
2026-05-29 11:51:29,61.15,FATIGUED,0.236,0.577,51.4,-2.2,89.0,0.00,0.0,1,1,0,204.16
2026-05-29 11:51:30,62.18,FATIGUED,0.249,0.580,51.1,3.0,89.0,0.00,0.0,1,1,0,203.15
2026-05-29 11:51:31,63.21,FATIGUED,0.263,0.619,51.1,5.2,89.0,0.00,0.0,1,1,0,202.96
2026-05-29 11:51:32,64.20,FATIGUED,0.254,0.644,51.4,4.4,89.0,0.00,0.0,1,1,0,201.01
2026-05-29 11:51:33,65.23,FATIGUED,0.251,0.646,51.5,2.5,89.0,0.00,0.0,1,1,0,200.55
2026-05-29 11:51:34,66.26,FATIGUED,0.249,0.643,51.6,2.0,89.0,0.00,0.0,1,1,0,201.41
2026-05-29 11:51:35,67.33,FATIGUED,0.257,0.644,51.4,5.0,89.0,0.00,0.0,1,1,0,202.51
2026-05-29 11:51:36,68.37,FATIGUED,0.251,0.644,51.4,6.4,89.0,0.00,0.0,1,1,0,203.27
2026-05-29 11:51:37,69.49,FATIGUED,0.232,0.630,51.2,-2.2,89.0,0.00,0.0,1,1,0,204.86
2026-05-29 11:51:38,70.65,FATIGUED,0.228,0.613,51.9,-1.9,89.0,0.00,0.0,1,1,0,205.92
2026-05-29 11:51:40,71.67,FATIGUED,0.240,0.605,51.9,-1.4,89.0,0.00,0.0,1,1,0,209.42
2026-05-29 11:51:41,72.81,FATIGUED,0.259,0.601,52.0,-3.0,89.0,0.00,0.0,1,1,0,210.66
2026-05-29 11:51:42,73.91,FATIGUED,0.260,0.596,51.9,-1.9,89.0,0.00,0.0,1,1,0,213.32
2026-05-29 11:51:43,75.06,FATIGUED,0.253,0.601,51.7,-0.9,89.0,0.00,0.0,1,1,0,216.33
2026-05-29 11:51:44,76.13,FATIGUED,0.247,0.607,51.7,0.4,89.0,0.00,0.0,1,1,0,219.58
2026-05-29 11:51:45,77.26,FATIGUED,0.241,0.612,51.7,0.3,89.0,0.00,0.0,1,1,0,222.22
2026-05-29 11:51:46,78.35,FATIGUED,0.247,0.616,51.5,-0.1,89.0,0.00,0.0,1,1,0,225.42
2026-05-29 11:51:47,79.50,FATIGUED,0.227,0.618,51.9,2.8,89.0,0.00,0.0,1,1,0,228.32
2026-05-29 11:51:49,80.66,FATIGUED,0.235,0.618,51.4,2.1,89.0,0.00,0.0,1,1,0,231.36
2026-05-29 11:51:50,81.69,FATIGUED,0.268,0.620,51.4,2.4,89.0,0.00,0.0,1,1,0,231.70
2026-05-29 11:51:51,82.78,FATIGUED,0.269,0.622,51.5,2.8,89.0,0.00,0.0,1,1,0,232.16
2026-05-29 11:51:52,84.12,FATIGUED,0.245,0.620,51.7,1.3,89.0,0.00,0.0,1,1,0,237.94
2026-05-29 11:51:53,85.40,FATIGUED,0.234,0.621,51.8,1.6,89.0,0.00,0.0,1,1,0,248.03
2026-05-29 11:51:54,86.62,FATIGUED,0.207,0.625,51.8,4.1,89.0,0.00,0.0,1,1,0,256.77
2026-05-29 11:51:56,87.80,FATIGUED,0.192,0.633,51.8,7.6,89.0,0.01,0.0,1,1,0,266.61
2026-05-29 11:51:57,89.06,FATIGUED,0.163,0.653,50.9,8.6,89.0,0.08,0.0,1,1,0,274.00
2026-05-29 11:51:58,90.23,FATIGUED,0.171,0.658,50.1,4.1,-89.0,0.18,0.0,1,1,0,281.50
2026-05-29 11:51:59,91.54,FATIGUED,0.147,0.671,49.7,5.7,89.0,0.27,0.0,1,1,0,291.21
2026-05-29 11:52:01,92.76,FATIGUED,0.180,0.672,48.8,4.1,89.0,0.33,0.0,1,1,0,299.59
2026-05-29 11:52:02,93.98,FATIGUED,0.194,0.683,47.9,2.9,89.0,0.37,0.0,1,1,0,308.15
2026-05-29 11:52:03,95.21,FATIGUED,0.212,0.679,47.7,1.6,89.0,0.28,0.0,2,1,0,314.93
2026-05-29 11:52:04,96.44,FATIGUED,0.207,0.680,47.6,5.2,89.0,0.18,0.0,2,1,0,322.36
2026-05-29 11:52:06,97.72,FATIGUED,0.211,0.676,47.6,4.1,89.0,0.12,0.0,2,1,0,330.84
2026-05-29 11:52:07,99.02,FATIGUED,0.195,0.680,47.5,4.4,89.0,0.09,0.0,2,1,0,340.73
2026-05-29 11:52:08,100.25,FATIGUED,0.203,0.680,46.8,2.8,89.0,0.07,0.0,2,1,0,348.16
2026-05-29 11:52:09,101.50,FATIGUED,0.204,0.681,46.8,2.5,89.0,0.05,0.0,2,1,0,355.08
2026-05-29 11:52:11,102.79,FATIGUED,0.209,0.693,47.1,6.8,89.0,0.04,0.0,2,1,0,363.68
2026-05-29 11:52:12,103.99,FATIGUED,0.185,0.698,47.1,5.7,89.0,0.04,0.0,2,1,0,372.60
2026-05-29 11:52:13,105.30,FATIGUED,0.167,0.700,47.3,5.3,89.0,0.08,0.0,2,1,0,382.55
2026-05-29 11:52:14,106.46,FATIGUED,0.201,0.697,47.2,6.1,89.0,0.13,0.0,3,1,0,391.97
2026-05-29 11:52:16,107.71,FATIGUED,0.230,0.696,47.1,4.8,89.0,0.10,0.0,3,1,0,400.36
2026-05-29 11:52:17,108.94,FATIGUED,0.243,0.694,46.5,3.6,89.0,0.07,0.0,3,1,0,404.62
2026-05-29 11:52:18,110.21,FATIGUED,0.237,0.691,45.7,2.6,89.0,0.06,0.0,3,1,0,403.81
2026-05-29 11:52:19,111.43,FATIGUED,0.229,0.696,45.8,3.9,89.0,0.05,0.0,3,1,0,404.79
2026-05-29 11:52:21,112.68,FATIGUED,0.235,0.700,45.9,5.1,89.0,0.04,0.0,3,1,0,404.79
2026-05-29 11:52:22,113.94,FATIGUED,0.242,0.703,45.9,5.6,89.0,0.04,0.0,3,1,0,405.29
2026-05-29 11:52:23,115.11,FATIGUED,0.252,0.707,45.5,6.3,89.0,0.04,0.0,3,1,0,405.44
2026-05-29 11:52:24,116.37,FATIGUED,0.274,0.703,45.2,3.8,89.0,0.03,0.0,3,1,0,403.65
2026-05-29 11:52:25,117.65,FATIGUED,0.276,0.702,45.5,3.5,89.0,0.03,0.0,3,1,0,404.86
2026-05-29 11:52:27,118.99,FATIGUED,0.253,0.696,45.9,5.0,89.0,0.03,0.0,3,1,0,406.64
2026-05-29 11:52:28,120.18,FATIGUED,0.234,0.696,46.1,4.1,89.0,0.03,0.0,3,1,0,406.64
2026-05-29 11:52:29,121.36,FATIGUED,0.232,0.702,46.0,6.9,89.0,0.03,0.0,3,1,0,405.71
2026-05-29 11:52:30,122.58,FATIGUED,0.241,0.707,46.2,5.4,89.0,0.03,0.0,3,1,0,405.03
2026-05-29 11:52:32,123.80,FATIGUED,0.232,0.712,46.6,5.0,89.0,0.03,0.0,3,1,0,403.31
2026-05-29 11:52:33,125.07,FATIGUED,0.227,0.712,46.4,4.5,89.0,0.03,0.0,3,1,0,403.26
2026-05-29 11:52:34,126.28,FATIGUED,0.244,0.707,46.2,5.9,89.0,0.03,0.0,3,1,0,404.10
2026-05-29 11:52:35,127.56,FATIGUED,0.251,0.703,46.2,4.8,89.0,0.03,0.0,3,1,0,404.03
2026-05-29 11:52:37,129.03,FATIGUED,0.247,0.695,46.0,5.2,89.0,0.03,0.0,3,1,0,407.87
2026-05-29 11:52:38,130.28,FATIGUED,0.209,0.690,46.2,4.2,89.0,0.03,0.0,3,1,0,408.11
2026-05-29 11:52:39,131.57,FATIGUED,0.198,0.687,46.2,4.8,89.0,0.03,0.0,3,1,0,409.31
2026-05-29 11:52:41,132.86,FATIGUED,0.221,0.691,45.4,4.9,89.0,0.03,0.0,3,1,0,410.11
2026-05-29 11:52:42,134.12,FATIGUED,0.258,0.692,44.3,6.5,89.0,0.03,0.0,3,1,0,411.32
2026-05-29 11:52:43,135.33,FATIGUED,0.257,0.685,45.8,4.5,-89.0,0.03,0.0,3,1,0,411.21
2026-05-29 11:52:44,136.60,FATIGUED,0.187,0.667,50.1,-6.7,-89.0,0.04,0.0,3,1,0,411.24
2026-05-29 11:52:46,137.80,FATIGUED,0.117,0.649,52.4,-0.8,-89.0,0.15,0.0,3,1,0,410.79
2026-05-29 11:52:47,139.01,FATIGUED,0.096,0.631,52.1,-0.7,-89.0,0.26,0.0,3,1,0,410.01
2026-05-29 11:52:48,140.29,FATIGUED,0.120,0.634,51.9,-2.2,-89.0,0.33,0.0,3,1,0,411.41
2026-05-29 11:52:49,141.62,FATIGUED,0.160,0.630,51.8,-0.9,-89.0,0.38,0.0,3,1,0,412.62
2026-05-29 11:52:51,142.79,FATIGUED,0.149,0.628,52.0,-0.4,-89.0,0.41,0.0,3,1,0,411.12
2026-05-29 11:52:52,144.01,DROWSY,0.128,0.624,52.2,2.4,-89.0,0.43,0.0,3,1,0,408.13
2026-05-29 11:52:53,145.17,DROWSY,0.107,0.628,52.1,3.1,-89.0,0.45,0.0,3,1,0,408.38
2026-05-29 11:52:54,146.36,MICROSLEEP,0.143,0.636,51.7,0.1,-89.0,0.46,0.0,3,1,1,408.44
2026-05-29 11:52:55,147.58,MICROSLEEP,0.184,0.618,51.3,-7.9,-89.0,0.47,0.0,3,1,1,407.63
2026-05-29 11:52:57,148.71,MICROSLEEP,0.226,0.621,51.0,25.6,89.0,0.30,0.0,4,1,0,399.56
2026-05-29 11:52:58,150.05,MICROSLEEP,0.241,0.606,49.1,26.2,89.0,0.22,0.0,4,1,0,400.19
2026-05-29 11:52:59,151.28,FATIGUED,0.253,0.617,50.0,-17.8,89.0,0.17,0.0,4,1,0,401.23
2026-05-29 11:53:00,152.64,FATIGUED,0.232,0.632,54.4,-8.3,-89.0,0.13,0.0,4,1,0,395.07
2026-05-29 11:53:02,153.87,FATIGUED,0.233,0.617,53.9,-24.0,-89.0,0.11,0.0,4,1,0,391.52
2026-05-29 11:53:03,155.11,FATIGUED,0.229,0.610,51.5,-10.2,-89.0,0.10,0.0,4,1,0,390.84
2026-05-29 11:53:04,156.41,FATIGUED,0.227,0.602,52.0,-2.5,-89.0,0.09,0.0,4,1,0,391.00
2026-05-29 11:53:06,157.71,FATIGUED,0.219,0.610,52.9,-2.3,-89.0,0.09,0.0,4,1,0,391.78
2026-05-29 11:53:07,158.97,FATIGUED,0.223,0.623,52.9,-4.3,-89.0,0.08,0.0,4,1,0,391.79
2026-05-29 11:53:08,160.26,FATIGUED,0.236,0.624,52.1,-8.7,-89.0,0.08,0.0,4,1,0,392.14
2026-05-29 11:53:09,161.56,FATIGUED,0.276,0.589,47.1,-19.9,-89.0,0.08,0.0,4,1,0,393.64
2026-05-29 11:53:11,162.84,FATIGUED,0.313,0.561,39.7,-22.4,-89.0,0.08,0.0,4,1,0,395.53
2026-05-29 11:53:12,164.26,FATIGUED,0.290,0.567,43.0,27.8,89.0,0.08,0.0,4,1,0,390.43
2026-05-29 11:53:13,165.51,FATIGUED,0.264,0.599,51.9,11.2,89.0,0.08,0.0,4,1,0,390.02
2026-05-29 11:53:15,166.82,FATIGUED,0.240,0.656,53.2,53.1,89.0,0.08,0.0,4,1,0,392.29
2026-05-29 11:53:16,168.14,FATIGUED,0.307,0.697,47.7,44.9,89.0,0.08,0.0,4,1,0,394.02
2026-05-29 11:54:33,8.67,CALIBRATING,0.188,1.114,52.5,22.7,10.9,0.38,100.0,0,0,0,1210.75
2026-05-29 11:54:34,9.84,CALIBRATING,0.185,0.899,53.0,9.1,6.6,0.48,100.0,0,0,0,447.96
2026-05-29 11:54:35,11.04,CALIBRATING,0.234,0.686,52.9,-2.3,-3.0,0.46,100.0,1,0,0,338.93
2026-05-29 11:54:37,12.18,CALIBRATING,0.234,0.626,51.9,-1.7,-2.7,0.30,100.0,1,0,0,295.34
2026-05-29 11:54:38,13.32,CALIBRATING,0.231,0.617,52.3,-3.5,-3.4,0.21,100.0,1,0,0,270.05
2026-05-29 11:54:39,14.42,CALIBRATING,0.249,0.617,52.2,-1.0,-4.6,0.15,100.0,1,0,0,253.83
2026-05-29 11:54:40,15.57,CALIBRATING,0.251,0.619,52.1,-1.4,-3.5,0.12,100.0,1,0,0,243.56
2026-05-29 11:54:41,16.70,CALIBRATING,0.230,0.625,52.2,-3.0,-3.8,0.10,100.0,1,0,0,235.87
2026-05-29 11:54:42,17.80,CALIBRATING,0.228,0.626,52.2,-0.7,-3.1,0.08,100.0,1,0,0,229.40
2026-05-29 11:54:43,18.99,CALIBRATING,0.233,0.618,52.2,-0.8,-2.7,0.07,100.0,1,0,0,225.47
2026-05-29 11:54:45,20.22,CALIBRATING,0.244,0.614,52.2,-0.8,-3.8,0.06,100.0,1,0,0,189.88
2026-05-29 11:54:46,21.31,ATTENTIVE,0.262,0.619,52.2,-1.0,-4.6,0.05,100.0,1,0,0,191.71
2026-05-29 11:54:47,22.38,ATTENTIVE,0.260,0.615,52.1,-2.8,-4.7,0.05,100.0,1,0,0,193.33
2026-05-29 11:54:48,23.53,ATTENTIVE,0.257,0.622,52.1,-1.9,-3.5,0.05,100.0,1,0,0,196.25
2026-05-29 11:54:49,24.63,ATTENTIVE,0.264,0.631,52.1,-1.8,-3.9,0.04,100.0,1,0,0,198.41
2026-05-29 11:54:50,25.73,ATTENTIVE,0.266,0.624,52.1,-1.7,-3.9,0.04,100.0,1,0,0,200.99
2026-05-29 11:54:51,26.81,ATTENTIVE,0.267,0.678,52.5,-2.2,-4.3,0.04,100.0,1,0,0,203.97
2026-05-29 11:54:52,27.86,ATTENTIVE,0.262,0.793,52.7,-3.1,-3.9,0.04,100.0,1,0,0,205.69
2026-05-29 11:54:53,28.88,ATTENTIVE,0.264,0.865,52.7,-2.6,-4.7,0.03,100.0,1,0,0,207.30
2026-05-29 11:54:54,29.89,ATTENTIVE,0.271,0.882,52.6,-2.2,-4.3,0.03,100.0,1,0,0,207.97
2026-05-29 11:54:55,30.96,ATTENTIVE,0.251,0.829,51.9,-1.6,-5.0,0.13,100.0,1,0,0,210.35
2026-05-29 11:54:56,32.01,ATTENTIVE,0.241,0.692,51.6,-3.4,-4.3,0.09,100.0,1,1,0,211.25
2026-05-29 11:54:57,33.01,ATTENTIVE,0.245,0.609,51.5,-0.5,-3.9,0.06,100.0,1,1,0,211.39
2026-05-29 11:54:58,34.06,ATTENTIVE,0.245,0.615,51.5,0.3,-4.0,0.04,100.0,1,1,0,210.53
2026-05-29 11:55:00,35.22,ATTENTIVE,0.252,0.617,51.7,-1.8,-3.9,0.03,100.0,1,1,0,208.57
2026-05-29 11:55:01,36.41,ATTENTIVE,0.263,0.612,51.9,-1.4,-5.2,0.03,100.0,1,1,0,205.36
2026-05-29 11:55:02,37.58,ATTENTIVE,0.243,0.612,52.4,-2.6,-5.4,0.03,100.0,1,1,0,203.10
2026-05-29 11:55:03,38.75,ATTENTIVE,0.140,0.611,53.0,-2.9,-6.2,0.12,93.8,1,1,0,201.00
2026-05-29 11:55:04,39.93,FATIGUED,0.152,0.606,52.3,-3.0,-6.0,0.27,74.1,1,1,0,199.39
2026-05-29 11:55:05,40.98,FATIGUED,0.212,0.611,52.0,0.5,-5.7,0.25,59.9,2,1,0,199.20
2026-05-29 11:55:06,42.07,FATIGUED,0.237,0.615,51.9,0.1,-4.9,0.12,59.3,2,1,0,201.05
2026-05-29 11:55:08,43.29,FATIGUED,0.234,0.627,51.5,4.0,-2.4,0.06,62.9,2,1,0,199.97
2026-05-29 11:55:09,44.40,ATTENTIVE,0.253,0.628,47.7,3.7,5.2,0.04,66.5,2,1,0,197.95
2026-05-29 11:55:10,45.42,ATTENTIVE,0.271,0.614,45.1,2.6,-2.3,0.03,69.5,2,1,0,197.92
2026-05-29 11:55:11,46.47,ATTENTIVE,0.284,0.631,51.6,8.2,1.1,0.03,72.5,2,1,0,198.31
2026-05-29 11:55:12,47.54,ATTENTIVE,0.279,0.643,54.0,1.9,-4.9,0.03,75.5,2,1,0,199.92
2026-05-29 11:55:13,48.59,ATTENTIVE,0.275,0.631,50.2,2.6,-6.0,0.03,78.5,2,1,0,200.91
2026-05-29 11:55:14,49.64,ATTENTIVE,0.272,0.644,49.6,1.8,-1.8,0.03,81.5,2,1,0,201.91
2026-05-29 11:55:15,50.77,ATTENTIVE,0.271,0.660,49.3,2.2,-0.4,0.03,84.5,2,1,0,204.05
2026-05-29 11:55:16,51.78,ATTENTIVE,0.269,0.665,49.0,-2.9,11.7,0.03,86.9,2,1,0,208.26
2026-05-29 11:55:17,52.85,ATTENTIVE,0.258,0.656,46.6,1.9,29.1,0.03,89.9,2,1,0,209.68
2026-05-29 11:55:18,53.95,ATTENTIVE,0.241,0.652,41.9,0.6,26.4,0.03,92.9,2,1,0,210.42
2026-05-29 11:55:19,54.99,ATTENTIVE,0.248,0.657,42.5,0.6,26.4,0.03,90.9,2,1,0,209.65
2026-05-29 11:55:20,56.02,FATIGUED,0.273,0.660,42.1,1.2,26.7,0.03,85.7,2,1,0,209.97
2026-05-29 11:55:21,57.06,FATIGUED,0.242,0.658,49.1,8.3,0.9,0.03,80.5,2,1,0,212.09
2026-05-29 11:55:22,58.07,FATIGUED,0.210,0.628,59.4,12.6,-6.8,0.03,75.2,2,1,0,211.94
2026-05-29 11:55:24,59.24,FATIGUED,0.144,0.611,59.6,-5.9,-29.6,0.13,68.1,2,1,0,210.90
2026-05-29 11:55:25,60.42,FATIGUED,0.098,0.597,56.4,-11.1,-33.8,0.29,48.3,2,1,0,209.22
2026-05-29 11:55:26,61.43,FATIGUED,0.092,0.588,56.3,-10.1,-35.6,0.38,28.8,2,1,0,208.62
2026-05-29 11:55:27,62.63,FATIGUED,0.086,0.581,56.2,-16.4,-35.9,0.43,1.2,2,1,0,207.12
2026-05-29 11:55:28,63.80,DROWSY,0.094,0.574,56.3,-12.0,-35.9,0.46,0.0,2,1,0,203.03
2026-05-29 11:55:29,64.97,DROWSY,0.105,0.564,56.1,-13.2,-35.8,0.47,0.0,2,1,0,200.24
2026-05-29 11:55:30,65.98,MICROSLEEP,0.109,0.563,56.2,-16.2,-35.9,0.48,0.0,2,1,0,198.83
2026-05-29 11:55:31,67.00,MICROSLEEP,0.114,0.577,56.2,-15.0,-35.9,0.50,0.0,2,1,1,197.91
2026-05-29 11:55:32,68.03,MICROSLEEP,0.091,0.587,56.2,-8.1,-34.6,0.51,0.0,2,1,1,198.31
2026-05-29 11:55:33,69.09,MICROSLEEP,0.080,0.591,56.2,-14.3,-36.2,0.52,0.0,2,1,1,199.08
2026-05-29 11:55:34,70.10,MICROSLEEP,0.093,0.590,56.7,-10.9,-36.3,0.52,0.0,2,1,1,198.54
2026-05-29 11:55:35,71.03,MICROSLEEP,0.240,0.583,57.0,16.5,-14.4,0.47,0.0,2,1,0,200.02
2026-05-29 11:55:37,72.37,ATTENTIVE,0.156,0.596,55.3,3.2,8.4,0.32,0.0,2,1,0,176.44
2026-05-29 11:55:38,73.56,FATIGUED,0.229,0.630,49.7,0.1,8.7,0.29,0.0,3,1,0,178.80
2026-05-29 11:55:39,74.60,FATIGUED,0.240,0.656,48.4,2.4,11.4,0.21,0.0,3,1,0,182.99
2026-05-29 11:55:40,75.62,FATIGUED,0.241,0.666,51.0,3.4,9.2,0.17,0.0,3,1,0,187.60
2026-05-29 11:55:41,76.76,FATIGUED,0.243,0.642,57.0,-6.0,-10.9,0.15,0.0,3,1,0,190.70
2026-05-29 11:55:42,77.88,FATIGUED,0.214,0.607,54.5,-5.2,-16.6,0.14,2.4,3,1,0,192.11
2026-05-29 11:55:43,78.96,ATTENTIVE,0.249,0.590,49.4,-16.3,-19.7,0.14,5.4,3,1,0,193.82
2026-05-29 11:55:44,80.02,ATTENTIVE,0.262,0.631,50.6,-9.0,-10.0,0.14,8.4,3,1,0,194.26
2026-05-29 11:55:45,81.10,ATTENTIVE,0.237,0.727,52.1,-10.1,-7.4,0.14,11.4,3,1,0,194.28
2026-05-29 11:55:47,82.43,ATTENTIVE,0.207,0.811,54.4,-7.6,-2.1,0.14,14.4,3,1,0,196.60
2026-05-29 11:55:48,83.55,ATTENTIVE,0.188,0.759,53.4,-14.8,-4.7,0.17,14.9,3,1,0,199.77
2026-05-29 11:55:49,85.14,FATIGUED,0.239,0.628,52.1,-11.9,-6.9,0.16,13.7,3,1,0,215.43
2026-05-29 11:55:51,86.48,FATIGUED,0.244,0.589,51.2,-14.6,-8.8,0.16,12.9,3,1,0,234.41
2026-05-29 11:55:52,87.74,FATIGUED,0.229,0.586,50.3,-10.7,-7.9,0.16,12.2,3,1,0,249.78
2026-05-29 11:55:53,89.09,FATIGUED,0.262,0.590,50.2,-10.4,-7.5,0.16,11.5,3,1,0,259.95
2026-05-29 11:57:12,8.62,CALIBRATING,0.237,0.624,49.9,-0.2,-4.8,0.18,100.0,0,0,0,2469.88
2026-05-29 11:57:13,9.80,CALIBRATING,0.248,0.641,49.5,2.4,-3.7,0.08,100.0,0,0,0,514.87
2026-05-29 11:57:14,10.83,CALIBRATING,0.223,0.635,50.0,-0.4,0.4,0.04,100.0,0,0,0,359.32
2026-05-29 11:57:16,11.95,CALIBRATING,0.214,0.635,49.7,0.9,3.7,0.02,100.0,0,0,0,303.73
2026-05-29 11:57:17,13.09,CALIBRATING,0.225,0.651,49.6,2.8,3.4,0.02,100.0,0,0,0,275.31
2026-05-29 11:57:18,14.22,CALIBRATING,0.225,0.653,49.6,1.3,3.3,0.01,100.0,0,0,0,257.97
2026-05-29 11:57:19,15.31,CALIBRATING,0.213,0.646,49.9,1.0,2.7,0.01,100.0,0,0,0,245.79
2026-05-29 11:57:20,16.42,CALIBRATING,0.224,0.644,49.9,2.2,2.2,0.01,100.0,0,0,0,236.67
2026-05-29 11:57:21,17.56,CALIBRATING,0.229,0.648,49.4,3.3,5.7,0.01,100.0,0,0,0,230.79
2026-05-29 11:57:22,18.69,ATTENTIVE,0.242,0.657,49.5,1.9,4.6,0.01,100.0,0,0,0,226.06
2026-05-29 11:57:23,19.82,ATTENTIVE,0.243,0.646,49.7,1.4,4.9,0.00,100.0,0,0,0,184.69
2026-05-29 11:57:24,20.92,ATTENTIVE,0.243,0.650,49.4,1.3,4.1,0.00,100.0,0,0,0,183.89
2026-05-29 11:57:26,22.12,ATTENTIVE,0.255,0.650,49.3,1.6,4.2,0.00,100.0,0,0,0,185.75
2026-05-29 11:57:27,23.32,ATTENTIVE,0.240,0.651,49.4,1.3,3.8,0.00,100.0,0,0,0,187.14
2026-05-29 11:57:28,24.32,ATTENTIVE,0.247,0.656,49.5,1.6,4.2,0.00,100.0,0,0,0,188.84
2026-05-29 11:57:29,25.44,ATTENTIVE,0.249,0.653,49.6,1.7,3.4,0.00,100.0,0,0,0,190.97
2026-05-29 11:57:30,26.47,ATTENTIVE,0.179,0.648,50.4,-1.3,4.0,0.04,100.0,0,0,0,192.52
2026-05-29 11:57:31,27.55,ATTENTIVE,0.126,0.642,50.8,-2.4,2.0,0.18,84.3,0,0,0,195.70
2026-05-29 11:57:32,28.66,FATIGUED,0.133,0.635,50.8,-1.7,2.4,0.33,64.0,0,0,0,195.78
2026-05-29 11:57:33,29.80,FATIGUED,0.112,0.634,51.0,-1.2,3.1,0.40,42.8,0,0,0,195.63
2026-05-29 11:57:34,30.90,FATIGUED,0.116,0.634,51.2,-0.8,1.6,0.43,21.0,0,0,0,195.45
2026-05-29 11:57:36,32.07,DROWSY,0.134,0.607,52.3,-15.0,-48.7,0.45,0.0,0,0,0,195.72
2026-05-29 11:57:37,33.08,DROWSY,0.148,0.571,51.5,-13.1,-48.5,0.47,0.0,0,0,0,197.53
2026-05-29 11:57:38,34.30,MICROSLEEP,0.157,0.561,51.0,-13.2,-47.8,0.48,0.0,0,0,1,197.45
2026-05-29 11:57:39,35.34,MICROSLEEP,0.155,0.561,51.1,-11.0,-47.9,0.50,0.0,0,0,1,198.54
2026-05-29 11:57:40,36.43,MICROSLEEP,0.160,0.556,51.7,-19.3,-20.9,0.51,0.0,0,0,1,199.46
2026-05-29 11:57:41,37.43,MICROSLEEP,0.184,0.570,51.7,-1.4,-10.9,0.52,0.0,0,0,1,198.38
2026-05-29 11:57:42,38.47,MICROSLEEP,0.205,0.610,53.7,6.2,-1.6,0.34,0.0,1,0,0,198.23
2026-05-29 11:57:43,39.49,MICROSLEEP,0.193,0.628,53.7,-2.1,-0.5,0.24,0.0,1,0,0,196.67
2026-05-29 11:57:44,40.54,FATIGUED,0.179,0.619,52.5,17.0,2.9,0.22,0.0,1,0,0,198.75
2026-05-29 11:57:45,41.57,FATIGUED,0.177,0.634,51.2,-1.6,-3.0,0.34,0.0,1,0,0,200.13
2026-05-29 11:57:46,42.62,FATIGUED,0.260,0.656,48.9,-0.7,-1.3,0.26,0.0,2,0,0,202.02
2026-05-29 11:57:47,43.61,FATIGUED,0.266,0.662,48.6,0.1,-0.8,0.20,0.0,2,0,0,203.50
2026-05-29 11:57:48,44.78,FATIGUED,0.257,0.658,49.1,0.4,0.0,0.16,0.0,2,0,0,203.21
2026-05-29 11:57:49,45.90,FATIGUED,0.250,0.649,49.2,0.1,-0.9,0.14,1.8,2,0,0,201.31
2026-05-29 11:57:51,47.06,ATTENTIVE,0.250,0.651,49.1,-1.5,-4.8,0.13,5.4,2,0,0,200.14
2026-05-29 11:57:52,48.09,ATTENTIVE,0.260,0.642,48.8,1.3,-4.4,0.13,8.4,2,0,0,200.62
2026-05-29 11:57:53,49.14,ATTENTIVE,0.282,0.646,48.9,0.9,-2.9,0.13,11.4,2,0,0,199.80
2026-05-29 11:57:54,50.16,ATTENTIVE,0.240,0.653,51.9,5.2,0.0,0.13,14.4,2,0,0,200.07
2026-05-29 11:57:55,51.35,ATTENTIVE,0.273,0.634,53.4,1.6,-3.8,0.13,18.0,2,0,0,199.39
2026-05-29 11:57:56,52.46,ATTENTIVE,0.254,0.627,52.4,-0.1,-1.4,0.13,21.0,2,0,0,199.93
2026-05-29 11:57:57,53.54,ATTENTIVE,0.224,0.627,51.9,1.9,-3.7,0.13,24.0,2,0,0,201.02
2026-05-29 11:57:58,54.67,ATTENTIVE,0.214,0.641,51.7,3.5,2.7,0.13,27.6,2,0,0,199.12
2026-05-29 11:57:59,55.76,ATTENTIVE,0.212,0.655,51.9,-0.6,1.8,0.13,30.6,2,0,0,200.11
2026-05-29 11:58:00,56.90,ATTENTIVE,0.221,0.674,52.6,-1.2,0.5,0.14,33.6,2,0,0,202.36
2026-05-29 11:58:01,57.91,ATTENTIVE,0.258,0.782,54.4,0.7,-0.5,0.14,36.6,2,0,0,204.42
2026-05-29 11:58:03,59.10,ATTENTIVE,0.251,0.760,53.1,3.2,0.0,0.14,40.2,2,0,0,205.39
2026-05-29 11:58:04,60.30,ATTENTIVE,0.217,0.646,52.1,1.3,0.5,0.13,43.8,2,0,0,205.05
2026-05-29 11:58:05,61.41,ATTENTIVE,0.217,0.660,52.2,-0.7,-0.9,0.13,46.8,2,0,0,205.44
2026-05-29 11:58:06,62.48,ATTENTIVE,0.230,0.734,53.3,9.7,-0.4,0.12,49.8,2,0,0,206.58
2026-05-29 11:58:07,63.56,ATTENTIVE,0.221,0.736,52.3,4.2,0.9,0.12,52.8,2,0,0,208.29
2026-05-29 11:58:08,64.70,ATTENTIVE,0.229,0.700,52.7,0.2,-0.5,0.11,56.4,2,0,0,206.18
2026-05-29 11:58:09,65.86,ATTENTIVE,0.257,0.837,53.8,4.1,0.0,0.10,60.0,2,0,0,203.53
2026-05-29 11:58:11,67.06,ATTENTIVE,0.236,0.787,50.9,-2.5,5.9,0.08,63.6,2,0,0,204.29
2026-05-29 11:58:12,68.20,ATTENTIVE,0.281,0.668,47.5,1.9,8.8,0.07,67.2,2,0,0,201.98
2026-05-29 11:58:13,69.34,ATTENTIVE,0.286,0.774,50.0,4.2,6.2,0.06,70.8,2,0,0,198.65
2026-05-29 11:58:14,70.34,ATTENTIVE,0.263,0.882,53.2,0.9,1.7,0.05,73.8,2,0,0,198.92
2026-05-29 11:58:15,71.52,ATTENTIVE,0.212,0.879,52.8,-0.2,0.9,0.05,77.4,2,0,0,198.67
2026-05-29 11:58:16,72.59,ATTENTIVE,0.212,0.772,52.6,5.1,1.4,0.08,80.4,2,1,0,199.43
2026-05-29 11:58:17,73.64,ATTENTIVE,0.202,0.670,51.2,7.1,12.0,0.05,83.4,2,1,0,198.60
2026-05-29 11:58:18,74.73,ATTENTIVE,0.239,0.684,47.6,6.0,19.2,0.03,86.4,2,1,0,198.48
2026-05-29 11:58:19,75.79,ATTENTIVE,0.274,0.800,47.8,11.7,23.4,0.02,89.4,2,1,0,198.37
2026-05-29 11:58:20,76.80,ATTENTIVE,0.212,0.891,51.3,6.4,16.1,0.02,89.1,2,1,0,199.66
2026-05-29 11:58:21,77.85,FATIGUED,0.184,0.795,51.1,8.4,15.0,0.04,83.9,2,1,0,200.85
2026-05-29 11:58:22,78.85,FATIGUED,0.202,0.682,47.5,7.4,33.9,0.03,78.7,2,1,0,201.78
2026-05-29 11:58:24,80.00,FATIGUED,0.223,0.735,41.3,10.6,31.0,0.02,72.4,2,1,0,201.33
2026-05-29 11:58:25,81.21,FATIGUED,0.230,0.847,48.4,8.8,22.7,0.02,66.2,2,1,0,201.74
2026-05-29 11:58:26,82.38,FATIGUED,0.216,0.845,47.4,3.8,10.9,0.02,61.0,2,1,0,205.26
2026-05-29 11:58:27,83.52,FATIGUED,0.204,0.715,53.4,-12.4,-1.3,0.02,55.9,2,1,0,207.74
2026-05-29 11:58:28,84.60,FATIGUED,0.240,0.600,57.5,-22.2,-11.2,0.02,52.4,2,1,0,209.40
2026-05-29 11:58:29,85.74,FATIGUED,0.184,0.593,57.0,-9.0,-33.6,0.02,56.0,2,1,0,207.39
2026-05-29 11:58:30,86.88,FATIGUED,0.153,0.590,55.2,-2.9,-33.2,0.19,40.7,2,1,0,204.90
2026-05-29 11:58:32,88.03,FATIGUED,0.194,0.657,55.2,39.1,37.6,0.33,20.5,2,1,0,202.64
2026-05-29 11:58:33,89.19,FATIGUED,0.217,0.643,53.2,-0.2,-2.7,0.17,12.0,3,1,0,201.49
2026-05-29 11:58:34,90.33,FATIGUED,0.273,0.636,43.8,4.9,8.8,0.09,13.9,3,1,0,199.74
2026-05-29 11:58:35,91.45,ATTENTIVE,0.313,0.649,40.5,7.0,8.8,0.05,17.5,3,1,0,198.49
2026-05-29 11:58:36,92.58,ATTENTIVE,0.280,0.656,45.7,11.8,19.9,0.04,21.1,3,1,0,198.15
2026-05-29 11:58:37,93.74,ATTENTIVE,0.259,0.664,49.5,-0.9,17.1,0.04,24.7,3,1,0,196.24
2026-05-29 11:58:38,94.86,ATTENTIVE,0.217,0.650,52.8,0.9,10.3,0.04,28.3,3,1,0,192.14
2026-05-29 11:58:40,96.02,ATTENTIVE,0.258,0.642,53.5,5.0,8.3,0.04,31.9,3,1,0,188.75
2026-05-29 11:58:41,97.21,ATTENTIVE,0.268,0.630,54.3,-22.8,4.3,0.05,35.5,3,1,0,189.19
2026-05-29 11:58:42,98.22,ATTENTIVE,0.256,0.611,55.4,-15.7,-8.9,0.05,38.5,3,1,0,190.52
2026-05-29 11:58:43,99.22,ATTENTIVE,0.241,0.591,55.3,-13.0,-8.6,0.05,41.5,3,1,0,191.29
2026-05-29 11:58:44,100.28,ATTENTIVE,0.251,0.590,54.7,-13.9,-9.9,0.05,44.5,3,1,0,192.66
2026-05-29 11:58:45,101.31,ATTENTIVE,0.253,0.592,52.7,-18.1,-8.9,0.05,47.5,3,1,0,193.86
2026-05-29 11:58:46,102.35,ATTENTIVE,0.301,0.567,47.9,-18.2,-0.9,0.05,50.5,3,1,0,195.62
2026-05-29 11:58:47,103.53,ATTENTIVE,0.326,0.493,48.1,-37.6,-14.9,0.04,54.1,3,1,0,196.63
2026-05-29 11:58:48,104.67,ATTENTIVE,0.324,0.466,50.2,-48.7,-21.0,0.04,56.1,3,1,0,196.50
2026-05-29 11:58:49,105.75,ATTENTIVE,0.301,0.478,52.5,-51.7,-22.6,0.04,50.8,3,1,0,198.24
2026-05-29 11:58:50,106.86,FATIGUED,0.267,0.470,54.6,-30.1,-14.9,0.05,45.4,3,1,0,200.78
2026-05-29 11:58:51,107.93,FATIGUED,0.264,0.858,55.2,45.4,14.6,0.05,40.1,3,1,0,203.16
2026-05-29 11:58:53,109.04,FATIGUED,0.320,1.300,52.1,42.8,22.1,0.06,35.3,3,1,0,202.27
2026-05-29 11:58:54,110.07,FATIGUED,0.282,1.223,52.4,56.9,24.3,0.07,34.9,3,1,0,202.76
2026-05-29 11:58:55,111.23,FATIGUED,0.212,0.922,53.9,20.9,10.3,0.17,28.0,3,1,0,201.97
2026-05-29 11:58:56,112.24,FATIGUED,0.167,0.706,54.7,-3.1,-8.4,0.33,15.3,3,2,0,201.93
2026-05-29 11:58:57,113.43,FATIGUED,0.221,0.626,51.7,1.2,-2.5,0.41,0.0,4,2,0,200.55
2026-05-29 11:58:58,114.59,FATIGUED,0.240,0.655,50.4,2.2,-2.6,0.33,0.0,4,2,0,199.20
2026-05-29 11:58:59,115.74,FATIGUED,0.257,0.651,50.6,4.1,-1.7,0.29,0.0,4,2,0,198.59
2026-05-29 11:59:00,116.89,FATIGUED,0.259,0.650,50.4,3.7,-1.7,0.27,0.0,4,2,0,198.82
2026-05-29 11:59:02,118.02,FATIGUED,0.262,0.643,50.3,0.3,-4.0,0.24,0.0,4,2,0,196.00
2026-05-29 11:59:03,119.19,FATIGUED,0.259,0.646,50.2,3.2,-3.1,0.23,0.0,4,2,0,193.64
2026-05-29 11:59:04,120.35,FATIGUED,0.264,0.642,50.8,2.5,-1.7,0.22,0.0,4,2,0,193.77
2026-05-29 11:59:05,121.36,FATIGUED,0.310,0.647,49.4,-2.6,0.9,0.22,0.0,4,2,0,193.59
2026-05-29 11:59:06,122.46,FATIGUED,0.275,0.638,48.2,0.2,-0.9,0.22,0.0,4,2,0,194.37
2026-05-29 11:59:07,123.55,FATIGUED,0.258,0.635,51.3,7.5,0.5,0.22,0.0,4,2,0,196.50
2026-05-29 11:59:08,124.64,FATIGUED,0.234,0.653,52.6,4.9,0.9,0.22,0.0,4,2,0,197.93
2026-05-29 11:59:09,125.75,FATIGUED,0.238,0.654,52.7,5.7,1.4,0.22,0.0,4,2,0,200.02
2026-05-29 11:59:10,126.82,FATIGUED,0.230,0.647,52.1,3.7,0.9,0.22,0.0,4,2,0,202.03
2026-05-29 11:59:11,127.86,FATIGUED,0.240,0.647,52.3,4.4,0.9,0.22,0.0,4,2,0,203.03
2026-05-29 11:59:13,128.98,FATIGUED,0.284,0.644,53.1,4.9,0.9,0.22,0.0,4,2,0,205.38
2026-05-29 11:59:14,130.08,FATIGUED,0.300,0.639,53.4,5.6,2.3,0.21,0.0,4,2,0,208.58
2026-05-29 11:59:15,131.20,FATIGUED,0.297,0.647,53.5,6.5,2.8,0.21,0.0,4,2,0,210.23
2026-05-29 11:59:16,132.18,FATIGUED,0.302,0.653,53.3,6.4,2.8,0.21,0.0,4,2,0,213.83
2026-05-29 11:59:17,133.15,FATIGUED,0.300,0.652,53.3,5.5,1.4,0.21,0.0,4,2,0,214.53
2026-05-29 11:59:18,134.26,FATIGUED,0.296,0.648,53.4,5.1,0.5,0.21,0.0,4,2,0,216.63
2026-05-29 11:59:19,135.40,FATIGUED,0.223,0.614,49.6,-11.7,-31.3,0.21,0.0,4,2,0,214.73
2026-05-29 11:59:20,136.61,FATIGUED,0.280,0.612,47.4,-3.2,-7.9,0.21,0.0,4,2,0,212.13
2026-05-29 11:59:21,137.61,FATIGUED,0.280,0.632,48.1,-3.7,-6.9,0.21,0.0,4,2,0,211.14
2026-05-29 11:59:22,138.67,FATIGUED,0.284,0.629,49.2,-2.3,-6.8,0.21,0.0,4,2,0,209.95
2026-05-29 11:59:23,139.82,FATIGUED,0.276,0.624,48.1,-1.9,-7.2,0.21,0.0,4,2,0,207.80
2026-05-29 11:59:25,140.94,FATIGUED,0.296,0.624,47.5,-1.6,-6.7,0.21,0.0,4,2,0,209.24
2026-05-29 11:59:26,142.11,FATIGUED,0.305,0.630,47.5,-0.3,-3.4,0.21,0.0,4,2,0,205.79
2026-05-29 11:59:27,143.25,FATIGUED,0.317,0.637,47.2,-0.3,-2.8,0.21,0.0,4,2,0,204.17
2026-05-29 11:59:28,144.38,FATIGUED,0.318,0.639,46.2,-1.6,-1.6,0.21,0.0,4,2,0,198.58
2026-05-29 11:59:29,145.49,FATIGUED,0.316,0.647,44.4,-0.8,1.2,0.20,0.0,4,2,0,197.72
2026-05-29 11:59:30,146.67,FATIGUED,0.311,0.652,43.4,-3.9,0.8,0.20,0.0,4,2,0,195.20
2026-05-29 11:59:31,147.75,FATIGUED,0.316,0.635,44.4,-4.6,-1.3,0.20,0.0,4,2,0,197.61
2026-05-29 11:59:32,148.86,FATIGUED,0.312,0.614,46.7,-7.4,-3.4,0.20,0.0,4,2,0,198.95
2026-05-29 11:59:33,149.90,FATIGUED,0.308,0.596,48.8,-7.6,-16.1,0.20,0.0,4,2,0,199.73
2026-05-29 11:59:35,150.97,FATIGUED,0.299,0.567,47.7,-14.7,-42.6,0.20,0.0,4,2,0,199.84
2026-05-29 11:59:36,152.15,FATIGUED,0.305,0.544,46.6,-9.5,-37.0,0.20,0.0,4,2,0,200.69
2026-05-29 11:59:37,153.15,FATIGUED,0.292,0.568,52.1,-6.6,-35.6,0.20,0.0,4,2,0,198.71
2026-05-29 11:59:38,154.17,FATIGUED,0.239,0.602,54.0,15.7,-28.4,0.21,0.0,4,2,0,199.36
2026-05-29 11:59:39,155.16,FATIGUED,0.198,0.670,55.7,11.3,8.3,0.21,0.0,4,2,0,200.01
2026-05-29 11:59:40,156.33,FATIGUED,0.243,0.696,49.2,3.5,4.8,0.25,0.0,4,2,0,200.36
2026-05-29 11:59:41,157.36,FATIGUED,0.285,0.683,50.4,6.8,7.2,0.23,0.0,4,2,0,202.05
2026-05-29 11:59:42,158.37,FATIGUED,0.274,0.676,51.1,7.8,7.2,0.22,0.0,4,2,0,203.23
2026-05-29 11:59:43,159.57,FATIGUED,0.270,0.666,51.1,5.0,6.8,0.22,0.0,4,2,0,202.21
2026-05-29 11:59:44,160.65,FATIGUED,0.262,0.667,51.0,4.7,5.9,0.22,0.0,4,2,0,202.41
2026-05-29 11:59:45,161.75,FATIGUED,0.268,0.664,51.1,4.7,5.8,0.21,0.0,4,2,0,202.77
2026-05-29 11:59:46,162.90,FATIGUED,0.268,0.669,51.1,4.9,5.5,0.21,0.0,4,2,0,204.80
2026-05-29 11:59:48,163.97,FATIGUED,0.266,0.671,51.2,4.8,5.4,0.21,0.0,4,2,0,205.11
2026-05-29 11:59:49,165.29,FATIGUED,0.264,0.665,51.0,4.4,4.9,0.20,0.0,4,2,0,207.13
2026-05-29 11:59:50,166.43,FATIGUED,0.266,0.659,51.1,5.1,4.5,0.20,0.0,4,2,0,206.19
2026-05-29 11:59:51,167.55,FATIGUED,0.267,0.656,51.1,5.4,5.4,0.20,0.0,4,2,0,204.73
2026-05-29 11:59:52,168.69,FATIGUED,0.260,0.669,51.1,5.4,4.9,0.20,0.0,4,2,0,204.85
2026-05-29 11:59:53,169.81,FATIGUED,0.265,0.665,50.9,3.9,4.8,0.20,0.0,4,2,0,202.76
2026-05-29 11:59:55,170.96,FATIGUED,0.259,0.660,51.0,5.0,4.9,0.20,0.0,4,2,0,201.80
2026-05-29 11:59:56,172.12,FATIGUED,0.260,0.660,50.9,5.0,4.9,0.20,0.0,4,2,0,200.86
2026-05-29 11:59:57,173.18,FATIGUED,0.267,0.663,50.8,4.4,5.4,0.20,0.0,4,2,0,199.77
2026-05-29 11:59:58,174.18,FATIGUED,0.273,0.664,51.0,5.1,4.4,0.20,0.0,4,2,0,198.11
2026-05-29 11:59:59,175.21,FATIGUED,0.269,0.663,51.1,4.3,4.0,0.20,0.0,4,2,0,196.61
2026-05-29 12:00:00,176.22,FATIGUED,0.263,0.664,51.0,4.5,4.4,0.20,0.0,4,2,0,196.01
2026-05-29 12:00:01,177.23,FATIGUED,0.265,0.659,51.1,3.6,4.5,0.20,0.0,4,2,0,194.17
2026-05-29 12:00:02,178.27,FATIGUED,0.261,0.657,51.1,4.7,3.9,0.20,0.0,4,2,0,195.59
2026-05-29 12:00:03,179.29,FATIGUED,0.266,0.660,51.2,3.7,4.0,0.20,0.0,4,2,0,197.14
2026-05-29 12:00:04,180.39,FATIGUED,0.275,0.654,51.5,3.0,4.5,0.20,0.0,4,2,0,196.29
2026-05-29 12:00:05,181.52,FATIGUED,0.270,0.652,51.7,6.3,3.9,0.20,0.0,4,2,0,196.66
2026-05-29 12:00:06,182.68,FATIGUED,0.268,0.650,51.8,4.5,5.0,0.20,0.0,4,2,0,196.98
2026-05-29 12:00:07,183.81,FATIGUED,0.277,0.652,51.7,6.6,5.0,0.20,0.0,4,2,0,196.46
2026-05-29 12:00:09,185.03,FATIGUED,0.269,0.653,51.7,5.6,4.4,0.20,0.0,4,2,0,195.81
2026-05-29 12:00:10,186.24,FATIGUED,0.257,0.648,51.8,4.6,4.4,0.20,0.0,4,2,0,195.64
2026-05-29 12:00:11,187.38,FATIGUED,0.246,0.644,51.9,4.7,4.0,0.20,0.0,4,2,0,194.67
2026-05-29 12:00:12,188.56,FATIGUED,0.233,0.638,51.7,4.8,4.0,0.20,0.0,4,2,0,194.08
2026-05-29 12:00:13,189.63,FATIGUED,0.239,0.645,51.8,6.6,4.4,0.20,0.0,4,2,0,194.12
2026-05-29 12:00:14,190.69,FATIGUED,0.249,0.647,51.8,5.9,4.8,0.20,0.0,4,2,0,194.90
2026-05-29 12:00:15,191.71,FATIGUED,0.245,0.650,52.1,5.8,3.9,0.20,0.0,4,2,0,195.99
2026-05-29 12:00:16,192.78,FATIGUED,0.250,0.654,52.6,4.7,3.9,0.20,0.0,4,2,0,198.04
2026-05-29 12:00:17,193.86,FATIGUED,0.242,0.652,52.3,6.1,5.0,0.20,0.0,4,2,0,199.96
2026-05-29 12:00:18,194.84,FATIGUED,0.253,0.657,52.4,7.5,5.4,0.20,0.0,4,2,0,200.99
2026-05-29 12:00:20,195.98,FATIGUED,0.257,0.659,52.3,5.7,4.5,0.20,0.0,4,2,0,201.18
2026-05-29 12:00:21,197.00,FATIGUED,0.255,0.663,52.2,4.7,3.9,0.20,0.0,4,2,0,201.68
2026-05-29 12:00:22,198.20,FATIGUED,0.236,0.663,52.1,5.9,5.5,0.20,0.0,4,2,0,201.31
2026-05-29 12:00:23,199.25,FATIGUED,0.234,0.659,52.2,6.3,5.3,0.20,0.0,4,2,0,202.34
2026-05-29 12:00:24,200.23,FATIGUED,0.252,0.647,52.5,3.2,4.9,0.20,0.0,4,2,0,202.74
2026-05-29 12:00:25,201.41,FATIGUED,0.268,0.638,52.6,4.5,5.2,0.20,0.0,4,2,0,202.17
2026-05-29 12:00:26,202.50,FATIGUED,0.243,0.648,52.2,6.9,6.2,0.20,0.0,4,2,0,201.54
2026-05-29 12:00:27,203.48,FATIGUED,0.230,0.658,52.0,6.6,5.1,0.20,0.0,4,2,0,201.96
2026-05-29 12:00:28,204.62,FATIGUED,0.223,0.669,52.2,4.7,6.1,0.20,0.0,4,2,0,199.83
2026-05-29 12:00:29,205.75,FATIGUED,0.236,0.666,52.1,4.3,6.1,0.20,0.0,4,2,0,197.53
2026-05-29 12:00:30,206.87,FATIGUED,0.206,0.656,52.3,4.8,6.2,0.20,0.0,4,2,0,195.92
2026-05-29 12:00:32,208.01,FATIGUED,0.204,0.648,52.4,4.3,5.6,0.20,0.0,4,2,0,195.73
2026-05-29 12:00:33,209.15,FATIGUED,0.221,0.657,52.4,5.7,5.3,0.20,0.0,4,2,0,194.55
2026-05-29 12:00:34,210.26,FATIGUED,0.240,0.664,52.4,5.7,5.3,0.20,0.0,4,2,0,192.90
2026-05-29 12:00:35,211.40,FATIGUED,0.249,0.656,52.3,8.6,6.2,0.20,0.0,4,2,0,191.32
2026-05-29 12:00:36,212.52,FATIGUED,0.262,0.652,52.3,9.2,6.3,0.20,0.0,4,2,0,190.01
2026-05-29 12:00:37,213.64,FATIGUED,0.260,0.658,52.5,8.0,6.2,0.20,0.0,4,2,0,188.70
2026-05-29 12:00:38,214.83,FATIGUED,0.244,0.667,52.2,8.7,6.3,0.20,0.0,4,2,0,187.35
2026-05-29 12:00:39,215.85,FATIGUED,0.239,0.667,52.4,8.6,6.2,0.20,0.0,4,2,0,188.80
2026-05-29 12:00:41,217.07,FATIGUED,0.249,0.665,52.6,8.8,6.3,0.20,0.0,4,2,0,189.97
2026-05-29 12:00:42,218.05,FATIGUED,0.254,0.663,52.4,7.6,5.7,0.20,0.0,4,2,0,191.00
2026-05-29 12:00:43,219.08,FATIGUED,0.267,0.670,52.3,8.2,5.8,0.20,0.0,4,2,0,192.09
2026-05-29 12:00:44,220.11,FATIGUED,0.265,0.671,52.4,8.0,6.2,0.20,0.0,4,2,0,193.41
2026-05-29 12:00:45,221.13,FATIGUED,0.268,0.660,52.3,8.2,5.8,0.20,0.0,4,2,0,194.61
2026-05-29 12:00:46,222.17,FATIGUED,0.266,0.661,52.3,7.3,5.2,0.20,0.0,4,2,0,196.24
2026-05-29 12:00:47,223.19,FATIGUED,0.245,0.655,52.1,5.1,5.2,0.20,0.0,4,2,0,197.93
2026-05-29 12:00:48,224.20,FATIGUED,0.245,0.651,52.1,6.2,5.2,0.20,0.0,4,2,0,199.04
2026-05-29 12:00:49,225.36,FATIGUED,0.247,0.655,52.3,6.2,5.2,0.20,0.0,4,2,0,202.70
2026-05-29 12:00:50,226.39,FATIGUED,0.242,0.655,52.1,7.2,5.8,0.20,0.0,4,2,0,204.15
2026-05-29 12:00:51,227.57,FATIGUED,0.248,0.653,52.3,6.5,5.6,0.20,0.0,4,2,0,203.40
2026-05-29 12:00:52,228.72,FATIGUED,0.257,0.654,52.2,5.4,5.6,0.20,0.0,4,2,0,202.96
2026-05-29 12:00:53,229.86,FATIGUED,0.272,0.654,50.7,4.5,3.4,0.20,0.0,4,2,0,201.63
2026-05-29 12:00:55,231.00,FATIGUED,0.278,0.662,49.4,3.6,1.4,0.20,0.0,4,2,0,200.46
2026-05-29 12:00:56,232.12,FATIGUED,0.286,0.664,48.6,2.4,1.0,0.20,0.0,4,2,0,198.86
2026-05-29 12:00:57,233.25,FATIGUED,0.290,0.669,48.2,1.8,0.3,0.20,0.0,4,2,0,197.11
2026-05-29 12:00:58,234.39,FATIGUED,0.292,0.667,48.2,2.1,1.0,0.20,0.0,4,2,0,194.93
2026-05-29 12:00:59,235.50,FATIGUED,0.288,0.666,48.3,2.1,1.0,0.20,0.0,4,2,0,193.58
2026-05-29 12:01:00,236.64,FATIGUED,0.239,0.667,53.4,0.9,-3.6,0.20,0.0,4,2,0,190.63
2026-05-29 12:01:01,237.78,FATIGUED,0.244,0.648,58.1,8.5,-12.5,0.20,0.0,4,2,0,188.67
2026-05-29 12:01:02,238.92,FATIGUED,0.210,0.625,59.1,11.7,-26.6,0.20,0.0,4,2,0,187.81
2026-05-29 12:01:04,240.06,FATIGUED,0.193,0.640,59.7,7.4,11.2,0.20,0.0,4,2,0,187.51
2026-05-29 12:01:05,241.18,FATIGUED,0.164,0.686,51.4,15.2,29.7,0.27,0.0,4,2,0,187.14
2026-05-29 12:01:06,242.34,FATIGUED,0.130,0.725,47.9,21.6,37.0,0.43,0.0,4,2,0,187.69
2026-05-29 12:01:07,243.41,FATIGUED,0.137,0.739,47.2,22.5,36.1,0.54,0.0,4,2,0,189.31
2026-05-29 12:01:08,244.41,FATIGUED,0.138,0.730,47.2,20.5,37.0,0.59,0.0,4,2,0,190.61
2026-05-29 12:01:09,245.64,FATIGUED,0.168,0.720,45.3,21.4,38.9,0.63,0.0,4,2,0,191.80
2026-05-29 12:01:10,246.62,DROWSY,0.174,0.735,44.0,19.9,36.6,0.65,0.0,4,2,0,192.88
2026-05-29 12:01:11,247.68,DROWSY,0.186,0.753,43.5,19.0,35.7,0.66,0.0,4,2,0,195.04
2026-05-29 12:01:12,248.76,DROWSY,0.221,0.723,49.1,5.9,9.9,0.48,0.0,5,2,1,196.87
2026-05-29 12:01:13,249.82,DROWSY,0.233,0.670,52.0,4.9,5.1,0.37,0.0,5,3,1,198.60
2026-05-29 12:01:15,250.98,FATIGUED,0.231,0.646,52.6,5.9,3.6,0.32,0.0,5,3,0,202.34
2026-05-29 12:01:16,252.00,FATIGUED,0.257,0.647,52.4,5.3,2.8,0.29,0.0,5,3,0,203.74
2026-05-29 12:01:17,253.01,FATIGUED,0.241,0.649,53.2,0.0,-8.9,0.28,0.0,5,3,0,205.10
2026-05-29 12:01:18,254.14,FATIGUED,0.292,0.629,52.8,2.1,-7.7,0.28,0.0,5,3,0,204.74
2026-05-29 12:01:19,255.29,FATIGUED,0.261,0.627,52.7,-0.0,-9.6,0.27,0.0,5,3,0,203.99
2026-05-29 12:01:20,256.45,FATIGUED,0.243,0.631,53.5,3.6,-12.7,0.27,0.0,5,3,0,202.58
2026-05-29 12:01:21,257.59,FATIGUED,0.270,0.626,53.9,1.3,-11.6,0.27,0.0,5,3,0,201.70
2026-05-29 12:01:22,258.76,FATIGUED,0.274,0.631,53.7,4.5,-10.1,0.27,0.0,5,3,0,200.72
2026-05-29 12:01:23,259.92,FATIGUED,0.240,0.643,50.8,4.3,25.6,0.27,0.0,5,3,0,199.13
2026-05-29 12:01:25,261.05,FATIGUED,0.273,0.644,52.9,-4.5,36.0,0.27,0.0,5,3,0,196.70
2026-05-29 12:01:26,262.18,FATIGUED,0.311,0.620,54.5,-13.4,32.1,0.27,0.0,5,3,0,193.70
2026-05-29 12:01:27,263.36,FATIGUED,0.307,0.579,49.6,-18.5,-7.3,0.27,0.0,5,3,0,190.93
2026-05-29 12:01:28,264.43,FATIGUED,0.327,0.586,48.5,-14.6,-8.3,0.28,0.0,5,3,0,191.67
2026-05-29 12:01:29,265.47,FATIGUED,0.245,0.728,53.6,-10.3,-7.1,0.28,0.0,5,3,0,193.08
2026-05-29 12:01:30,266.51,FATIGUED,0.210,0.732,54.0,-14.7,-15.2,0.29,0.0,5,3,0,194.49
2026-05-29 12:01:31,267.70,FATIGUED,0.264,0.596,54.0,-10.5,-12.6,0.29,0.0,5,3,0,195.18
2026-05-29 12:01:33,269.09,FATIGUED,0.273,0.593,54.0,-4.7,-10.6,0.29,0.0,5,3,0,195.38
2026-05-29 12:01:34,270.41,FATIGUED,0.264,0.597,53.7,1.9,-7.7,0.29,0.0,5,3,0,209.08
2026-05-29 12:01:35,271.80,FATIGUED,0.264,0.614,53.4,3.2,-6.3,0.29,0.0,5,3,0,221.57
2026-05-29 12:01:37,273.13,FATIGUED,0.255,0.635,53.1,5.9,-3.9,0.29,0.0,5,3,0,234.59
2026-05-29 12:01:38,274.42,FATIGUED,0.257,0.649,52.6,7.2,-0.9,0.29,0.0,5,3,0,246.17
2026-05-29 12:01:39,275.67,FATIGUED,0.255,0.657,52.2,6.8,0.4,0.29,0.0,5,3,0,256.48
2026-05-29 12:01:40,276.89,FATIGUED,0.260,0.652,52.3,2.4,-7.5,0.28,0.0,5,3,0,267.42
2026-05-29 12:01:42,278.20,FATIGUED,0.264,0.655,52.8,7.0,-5.1,0.28,0.0,5,3,0,279.36
2026-05-29 12:01:43,279.43,FATIGUED,0.270,0.643,52.8,3.9,-8.9,0.27,0.0,5,3,0,290.79
2026-05-29 12:01:44,280.66,FATIGUED,0.261,0.646,52.3,4.6,-10.4,0.26,0.0,5,3,0,301.06
2026-05-29 12:01:46,282.03,FATIGUED,0.246,0.641,52.3,19.9,-4.4,0.26,0.0,5,3,0,313.12
2026-05-29 12:01:47,283.39,FATIGUED,0.234,0.654,52.3,10.5,0.9,0.25,0.0,5,3,0,325.62
2026-05-29 12:01:48,284.72,FATIGUED,0.225,0.670,52.1,8.9,0.9,0.24,0.0,5,3,0,338.41
2026-05-29 18:09:28,12.16,CALIBRATING,0.256,0.651,53.9,12.5,7.1,0.00,100.0,0,0,0,4148.46
2026-05-29 18:09:29,13.15,CALIBRATING,0.266,0.633,53.7,10.9,6.6,0.00,100.0,0,0,0,1304.57
2026-05-29 18:09:31,14.47,CALIBRATING,0.268,0.626,53.4,10.6,6.7,0.00,100.0,0,0,0,810.72
2026-05-29 18:09:32,15.48,CALIBRATING,0.276,0.621,53.3,11.9,6.3,0.00,100.0,0,0,0,682.15
2026-05-29 18:09:33,17.01,CALIBRATING,0.256,0.620,52.7,3.5,2.0,0.00,100.0,0,0,0,601.68
2026-05-29 18:09:35,18.36,CALIBRATING,0.217,0.624,52.6,4.4,2.0,0.00,100.0,0,0,0,544.21
2026-05-29 18:09:36,19.50,CALIBRATING,0.217,0.626,52.8,5.6,3.1,0.00,100.0,0,0,0,521.18
2026-05-29 18:09:37,20.77,CALIBRATING,0.218,0.631,52.7,4.3,3.1,0.00,100.0,0,0,0,506.67
2026-05-29 18:09:38,21.83,CALIBRATING,0.216,0.626,52.4,6.2,3.1,0.00,100.0,0,0,0,492.63
2026-05-29 18:09:39,22.97,CALIBRATING,0.203,0.627,52.0,5.7,3.4,0.00,100.0,0,0,0,480.41
2026-05-29 18:09:40,23.99,CALIBRATING,0.195,0.623,52.0,6.6,4.0,0.10,100.0,0,0,0,468.24
2026-05-29 18:09:41,25.21,CALIBRATING,0.192,0.626,52.1,7.0,3.4,0.24,100.0,0,0,0,451.66
2026-05-29 18:09:43,26.51,CALIBRATING,0.209,0.621,52.7,2.4,0.7,0.35,100.0,0,0,0,438.67
2026-05-29 18:09:44,27.56,CALIBRATING,0.243,0.618,53.8,2.1,-1.2,0.24,100.0,1,0,0,432.20
2026-05-29 18:09:45,28.66,CALIBRATING,0.269,0.613,54.2,4.6,-0.8,0.17,100.0,1,0,0,427.00
2026-05-29 18:09:46,29.76,CALIBRATING,0.273,0.610,53.6,2.5,-1.5,0.12,100.0,1,0,0,417.36
2026-05-29 18:09:47,31.11,CALIBRATING,0.270,0.605,53.7,4.4,-1.2,0.09,100.0,1,0,0,408.46
2026-05-29 18:09:48,32.18,CALIBRATING,0.270,0.604,53.8,3.8,-1.1,0.07,100.0,1,0,0,407.11
2026-05-29 18:09:50,33.38,CALIBRATING,0.267,0.607,53.5,3.7,-1.2,0.06,100.0,1,0,0,343.14
2026-05-29 18:09:51,34.47,ATTENTIVE,0.265,0.609,53.4,3.6,-0.8,0.06,100.0,1,0,0,345.51
2026-05-29 18:09:52,35.64,ATTENTIVE,0.264,0.609,53.4,1.5,-1.5,0.05,100.0,1,0,0,349.42
2026-05-29 18:09:53,36.62,ATTENTIVE,0.263,0.610,53.3,2.5,-0.8,0.05,100.0,1,0,0,349.13
2026-05-29 18:09:54,37.88,ATTENTIVE,0.260,0.610,53.2,1.8,-1.2,0.04,100.0,1,0,0,344.58
2026-05-29 18:09:55,39.15,ATTENTIVE,0.248,0.615,53.2,-4.1,-1.2,0.04,100.0,1,0,0,344.15
2026-05-29 18:09:57,40.42,ATTENTIVE,0.250,0.591,53.5,-15.1,-5.6,0.04,100.0,1,0,0,340.42
2026-05-29 18:09:58,41.78,ATTENTIVE,0.256,0.582,54.1,12.0,2.7,0.04,100.0,1,0,0,335.93
2026-05-29 18:09:59,43.06,ATTENTIVE,0.253,0.588,53.9,11.4,2.3,0.04,100.0,1,0,0,337.76
2026-05-29 18:10:00,44.21,ATTENTIVE,0.246,0.603,53.1,-1.2,0.8,0.03,100.0,1,0,0,338.51
2026-05-29 18:10:02,45.36,ATTENTIVE,0.241,0.610,53.5,-0.2,0.4,0.03,100.0,1,0,0,341.38
2026-05-29 18:10:03,46.52,ATTENTIVE,0.251,0.613,53.9,3.6,1.1,0.03,100.0,1,0,0,345.90
2026-05-29 18:10:04,47.71,ATTENTIVE,0.239,0.609,52.9,-8.7,-6.4,0.03,100.0,1,0,0,348.84
2026-05-29 18:10:05,48.75,ATTENTIVE,0.246,0.615,52.0,2.1,-2.6,0.03,100.0,1,0,0,350.13
2026-05-29 18:10:06,50.12,ATTENTIVE,0.250,0.610,52.2,1.9,-2.2,0.03,100.0,1,0,0,348.40
2026-05-29 18:10:08,51.34,ATTENTIVE,0.194,0.619,52.5,1.7,-2.1,0.03,100.0,1,0,0,351.55
2026-05-29 18:10:09,52.71,ATTENTIVE,0.081,0.621,52.6,-0.6,-1.8,0.17,90.6,1,0,0,351.09
2026-05-29 18:10:10,53.73,ATTENTIVE,0.031,0.622,52.6,-1.0,-1.8,0.27,80.6,1,0,0,351.94
2026-05-29 18:10:11,55.16,FATIGUED,0.084,0.607,51.6,-4.7,-4.8,0.35,66.8,1,0,0,348.39
2026-05-29 18:10:12,56.19,FATIGUED,0.176,0.602,50.7,5.0,-1.5,0.39,56.1,1,0,0,347.84
2026-05-29 18:10:14,57.53,FATIGUED,0.277,0.623,52.9,2.9,-2.5,0.23,51.2,2,0,0,345.74
2026-05-29 18:10:15,58.57,FATIGUED,0.271,0.678,54.4,0.4,-3.3,0.16,50.3,2,0,0,347.38
2026-05-29 18:10:16,59.93,FATIGUED,0.263,0.755,55.1,-4.3,-3.6,0.11,51.8,2,0,0,347.61
2026-05-29 18:10:17,60.91,FATIGUED,0.251,0.804,55.3,-1.2,0.0,0.09,53.6,2,0,0,348.82
2026-05-29 18:10:18,61.95,ATTENTIVE,0.233,0.829,55.0,-0.4,1.0,0.08,55.4,2,0,0,350.89
2026-05-29 18:10:19,62.98,ATTENTIVE,0.174,0.823,54.5,-0.6,-0.3,0.11,57.2,2,0,0,350.32
2026-05-29 18:10:20,64.04,ATTENTIVE,0.129,0.784,54.1,5.8,1.4,0.22,47.6,2,0,0,347.97
2026-05-29 18:10:21,65.09,ATTENTIVE,0.157,0.718,53.9,2.4,1.0,0.31,37.4,2,0,0,346.13
2026-05-29 18:10:23,66.57,FATIGUED,0.225,0.680,54.4,3.5,1.4,0.28,26.4,3,0,0,344.30
2026-05-29 18:10:24,67.57,FATIGUED,0.236,0.720,54.7,1.3,2.3,0.21,25.3,3,0,0,342.45
2026-05-29 18:10:25,68.85,FATIGUED,0.230,0.809,54.9,0.2,2.3,0.15,24.2,3,0,0,338.84
2026-05-29 18:10:27,70.29,FATIGUED,0.229,0.830,54.6,0.8,2.0,0.13,25.8,3,0,0,338.85
2026-05-29 18:10:28,71.36,FATIGUED,0.238,0.819,54.6,0.1,1.7,0.12,27.6,3,0,0,339.86
2026-05-29 18:10:29,72.36,DROWSY,0.245,0.812,54.5,2.3,2.0,0.11,29.4,3,0,0,342.88
2026-05-29 18:10:30,73.67,DROWSY,0.252,0.815,54.3,1.3,1.7,0.13,31.8,3,0,0,341.21
2026-05-29 18:10:31,74.97,DROWSY,0.254,0.808,54.2,3.2,1.7,0.21,31.6,3,0,0,341.19
2026-05-29 18:10:32,76.14,DROWSY,0.248,0.781,54.2,5.1,3.0,0.17,30.3,3,1,0,336.55
2026-05-29 18:10:33,77.19,DROWSY,0.249,0.723,54.3,5.5,2.4,0.13,30.5,3,1,0,335.53
2026-05-29 18:10:34,78.24,DROWSY,0.249,0.652,52.0,-14.4,-9.2,0.11,32.3,3,1,0,337.17
2026-05-29 18:10:36,79.58,ATTENTIVE,0.260,0.556,45.3,-16.6,-18.7,0.09,34.7,3,1,0,335.75
2026-05-29 18:10:37,80.82,ATTENTIVE,0.286,0.513,43.9,-15.4,-19.1,0.07,37.1,3,1,0,334.82
2026-05-29 18:10:38,81.83,ATTENTIVE,0.305,0.494,42.9,-27.8,-44.2,0.07,38.9,3,1,0,334.50
2026-05-29 18:10:39,83.17,ATTENTIVE,0.334,0.465,40.9,-31.6,-41.2,0.06,36.2,3,1,0,333.20
2026-05-29 18:10:40,84.20,ATTENTIVE,0.314,0.487,44.9,-25.8,-25.8,0.06,32.9,3,1,0,334.41
2026-05-29 18:10:42,85.52,FATIGUED,0.279,0.572,53.5,8.6,30.3,0.06,28.6,3,1,0,333.07
2026-05-29 18:10:43,86.69,FATIGUED,0.277,0.663,49.4,0.6,28.0,0.06,24.2,3,1,0,328.01
2026-05-29 18:10:44,88.02,FATIGUED,0.285,0.657,47.8,3.4,26.0,0.05,21.6,3,1,0,326.83
2026-05-29 18:10:45,88.98,FATIGUED,0.292,0.651,48.5,4.8,24.7,0.05,23.4,3,1,0,327.84
2026-05-29 18:10:46,90.02,FATIGUED,0.267,0.621,50.0,-3.5,2.7,0.05,20.1,3,1,0,327.59
2026-05-29 18:10:48,91.31,FATIGUED,0.234,0.595,55.4,-19.2,-9.7,0.05,15.8,3,1,0,324.19
2026-05-29 18:10:49,92.41,FATIGUED,0.226,0.583,54.9,-11.5,-20.4,0.05,13.2,3,1,0,320.64
2026-05-29 18:10:50,93.75,FATIGUED,0.231,0.566,52.2,-13.5,-8.5,0.05,13.9,3,1,0,320.95
2026-05-29 18:10:51,95.03,FATIGUED,0.237,0.600,54.5,-5.0,-6.4,0.05,16.3,3,1,0,321.79
2026-05-29 18:10:53,96.28,ATTENTIVE,0.227,0.629,55.4,-9.3,-5.1,0.05,18.1,3,1,0,326.64
2026-05-29 18:10:54,97.42,ATTENTIVE,0.233,0.685,55.2,-10.6,-6.0,0.05,19.9,3,1,0,328.95
2026-05-29 18:10:55,98.45,ATTENTIVE,0.228,0.671,55.1,0.5,-1.4,0.05,21.7,3,1,0,328.56
2026-05-29 18:10:56,99.58,ATTENTIVE,0.227,0.663,54.8,3.6,9.2,0.05,23.5,3,1,0,330.36
2026-05-29 18:10:57,100.54,ATTENTIVE,0.230,0.623,54.3,5.3,-0.4,0.05,25.3,3,1,0,331.14
2026-05-29 18:10:58,101.60,ATTENTIVE,0.233,0.608,52.0,-10.8,-16.8,0.05,27.1,3,1,0,332.42
2026-05-29 18:10:59,102.64,ATTENTIVE,0.284,0.556,45.8,-14.9,-26.2,0.04,28.9,3,1,0,332.87
2026-05-29 18:11:00,103.71,ATTENTIVE,0.314,0.526,42.5,-15.3,-30.4,0.04,30.7,3,1,0,333.37
2026-05-29 18:11:01,104.70,ATTENTIVE,0.320,0.517,45.2,-4.4,-33.0,0.04,32.5,3,1,0,333.79
2026-05-29 18:11:02,106.11,ATTENTIVE,0.247,0.567,51.3,8.2,-9.2,0.03,31.6,3,1,0,334.66
2026-05-29 18:11:04,107.43,ATTENTIVE,0.242,0.597,54.1,-7.2,0.3,0.03,27.4,3,1,0,337.53
2026-05-29 18:11:05,108.39,FATIGUED,0.248,0.594,54.5,-1.0,0.3,0.02,24.3,3,1,0,338.20
2026-05-29 18:11:06,109.44,FATIGUED,0.252,0.586,54.1,-0.3,0.7,0.02,22.8,3,1,0,338.21
2026-05-29 18:11:07,110.75,FATIGUED,0.241,0.590,53.3,-3.4,-0.3,0.02,25.2,3,1,0,337.37
2026-05-29 18:11:08,111.77,FATIGUED,0.234,0.593,52.8,0.3,1.7,0.02,27.0,3,1,0,338.88
2026-05-29 18:11:09,112.82,ATTENTIVE,0.245,0.599,51.2,-2.8,1.6,0.02,28.8,3,1,0,342.92
2026-05-29 18:11:10,113.82,ATTENTIVE,0.262,0.604,49.1,-0.6,0.3,0.02,30.6,3,1,0,343.09
2026-05-29 18:11:11,114.92,ATTENTIVE,0.272,0.608,48.7,-5.0,1.7,0.02,32.4,3,1,0,344.59
2026-05-29 18:11:12,116.05,ATTENTIVE,0.276,0.591,51.3,-10.7,2.5,0.01,34.2,3,1,0,346.69
2026-05-29 18:11:13,117.22,ATTENTIVE,0.285,0.574,53.8,-10.7,3.5,0.01,36.6,3,1,0,339.90
2026-05-29 18:11:15,118.31,ATTENTIVE,0.281,0.573,53.9,-6.7,3.2,0.00,39.6,3,1,0,327.86
2026-05-29 18:11:16,119.45,ATTENTIVE,0.283,0.589,54.0,5.9,5.0,0.00,42.6,3,1,0,316.86
2026-05-29 18:11:17,120.37,ATTENTIVE,0.238,0.598,55.6,7.2,0.5,0.00,45.0,3,1,0,309.87
2026-05-29 18:11:18,121.56,ATTENTIVE,0.220,0.610,55.2,-1.9,-3.2,0.01,49.8,3,1,0,280.85
2026-05-29 18:11:19,122.73,ATTENTIVE,0.180,0.619,55.8,-8.0,-4.9,0.02,52.8,3,1,0,271.44
2026-05-29 18:11:20,124.06,ATTENTIVE,0.206,0.612,54.1,-0.2,-6.1,0.02,55.2,3,1,0,265.38
2026-05-29 18:11:21,125.13,ATTENTIVE,0.228,0.600,53.0,3.8,-4.0,0.01,56.4,3,1,0,271.64
2026-05-29 18:11:22,126.26,ATTENTIVE,0.246,0.597,52.6,9.3,-4.0,0.01,57.6,3,1,0,279.93
2026-05-29 18:11:24,127.28,ATTENTIVE,0.245,0.593,52.6,10.2,-3.7,0.01,58.8,3,1,0,287.65
2026-05-29 18:11:24,128.27,ATTENTIVE,0.253,0.598,52.3,12.5,-7.6,0.00,60.6,3,1,0,287.44
2026-05-29 18:11:26,129.62,ATTENTIVE,0.252,0.610,52.2,15.7,-7.0,0.00,63.0,3,1,0,286.61
2026-05-29 18:11:27,131.26,ATTENTIVE,0.266,0.621,52.2,21.5,-3.4,0.00,64.8,3,1,0,293.35
2026-05-29 18:11:29,132.50,ATTENTIVE,0.263,0.639,51.8,22.5,14.9,0.00,66.6,3,1,0,297.15
2026-05-29 18:11:30,133.78,ATTENTIVE,0.257,0.671,51.2,18.0,13.9,0.00,67.8,3,1,0,306.37
2026-05-29 18:11:31,134.78,ATTENTIVE,0.257,0.735,51.4,10.5,13.2,0.00,69.0,3,1,0,311.20
2026-05-29 18:11:32,135.83,ATTENTIVE,0.218,0.799,52.3,-1.4,7.8,0.00,70.2,3,1,0,318.24
2026-05-29 18:11:34,137.53,ATTENTIVE,0.196,0.784,53.8,11.3,1.3,0.01,72.0,3,1,0,326.52
2026-05-30 11:33:44,14.46,CALIBRATING,0.276,0.626,54.8,7.2,0.9,0.00,100.0,0,0,0,6043.31
2026-05-30 11:33:46,15.84,CALIBRATING,0.264,0.639,54.0,2.8,-0.4,0.00,100.0,0,0,0,1854.49
2026-05-30 11:33:47,17.25,CALIBRATING,0.259,0.641,53.6,1.8,-0.4,0.00,100.0,0,0,0,1253.43
2026-05-30 11:33:48,18.55,CALIBRATING,0.253,0.640,53.5,3.1,-0.4,0.00,100.0,0,0,0,1010.96
2026-05-30 11:33:50,19.71,CALIBRATING,0.256,0.635,53.3,1.9,-0.8,0.00,100.0,0,0,0,869.95
2026-05-30 11:33:51,21.09,CALIBRATING,0.257,0.633,53.4,2.2,-0.4,0.00,100.0,0,0,0,785.44
2026-05-30 11:33:52,22.35,CALIBRATING,0.261,0.632,53.4,3.2,-0.4,0.00,100.0,0,0,0,728.97
2026-05-30 11:33:53,23.60,CALIBRATING,0.257,0.635,53.4,2.4,-0.8,0.00,100.0,0,0,0,686.83
2026-05-30 11:33:55,24.82,CALIBRATING,0.251,0.633,53.4,5.4,0.0,0.00,100.0,0,0,0,653.59
2026-05-30 11:33:56,26.11,CALIBRATING,0.256,0.629,53.2,4.5,-0.4,0.00,100.0,0,0,0,627.28
2026-05-30 11:33:57,27.36,CALIBRATING,0.261,0.629,53.0,4.4,0.0,0.00,100.0,0,0,0,607.18
2026-05-30 11:33:59,28.70,CALIBRATING,0.257,0.630,52.8,5.4,0.0,0.00,100.0,0,0,0,591.94
2026-05-30 11:34:00,30.02,CALIBRATING,0.251,0.628,52.6,5.3,-0.4,0.00,100.0,0,0,0,579.87
2026-05-30 11:34:01,31.33,CALIBRATING,0.234,0.634,54.2,7.3,0.8,0.00,100.0,0,0,0,568.69
2026-05-30 11:34:02,32.54,CALIBRATING,0.232,0.639,55.7,7.4,0.4,0.00,100.0,0,0,0,558.30
2026-05-30 11:34:04,33.94,CALIBRATING,0.231,0.641,54.6,5.6,0.0,0.00,100.0,0,0,0,550.58
2026-05-30 11:34:05,35.34,CALIBRATING,0.248,0.643,53.7,4.8,-0.4,0.00,100.0,0,0,0,545.48
2026-05-30 11:34:07,36.65,CALIBRATING,0.255,0.631,54.0,4.7,0.0,0.00,100.0,0,0,0,539.96
2026-05-30 11:34:08,37.99,ATTENTIVE,0.253,0.627,54.1,2.9,-0.4,0.00,100.0,0,0,0,534.45
2026-05-30 11:34:09,39.46,ATTENTIVE,0.252,0.623,54.2,4.9,-0.4,0.00,100.0,0,0,0,530.51
2026-05-30 11:34:11,40.89,ATTENTIVE,0.257,0.610,53.7,-41.5,-2.3,0.00,100.0,0,0,0,435.50
2026-05-30 11:34:12,41.84,ATTENTIVE,0.279,0.568,53.3,-45.8,-3.4,0.00,100.0,0,0,0,436.41
2026-05-30 11:34:13,43.30,ATTENTIVE,0.310,0.489,52.7,-48.5,-3.7,0.00,100.0,0,0,0,437.96
2026-05-30 11:34:15,44.80,ATTENTIVE,0.343,0.401,53.0,-44.6,-7.2,0.00,100.0,0,0,0,440.69
2026-05-30 11:34:16,46.22,ATTENTIVE,0.323,0.353,52.9,-46.6,-7.5,0.00,100.0,0,0,0,442.45
2026-05-30 11:34:17,47.59,ATTENTIVE,0.311,0.352,52.8,-45.0,-3.0,0.00,97.0,0,0,0,446.22
2026-05-30 11:34:19,49.03,ATTENTIVE,0.276,0.469,53.1,52.1,4.4,0.00,94.0,0,0,0,447.36
2026-05-30 11:34:20,50.44,FATIGUED,0.265,0.641,53.5,53.0,16.3,0.00,91.0,0,0,0,450.15
2026-05-30 11:34:22,51.66,FATIGUED,0.285,0.809,53.5,52.4,13.7,0.00,88.0,0,0,0,450.19
2026-05-30 11:34:23,52.96,FATIGUED,0.284,0.886,53.9,52.2,8.7,0.00,86.6,0,0,0,451.38
2026-05-30 11:34:24,54.47,FATIGUED,0.270,0.852,54.6,25.5,7.0,0.00,85.2,0,0,0,454.59
2026-05-30 11:34:25,55.47,FATIGUED,0.232,0.821,55.3,9.1,5.8,0.00,83.2,0,0,0,456.48
2026-05-30 11:34:27,56.90,FATIGUED,0.203,0.791,56.4,4.6,3.6,0.00,80.2,0,0,0,458.90
2026-05-30 11:34:28,58.39,FATIGUED,0.196,0.787,57.1,1.8,0.9,0.01,77.2,0,0,0,460.73
2026-05-30 11:34:29,59.44,FATIGUED,0.193,0.805,57.0,0.1,2.1,0.01,75.1,0,0,0,463.71
2026-05-30 11:34:31,60.82,FATIGUED,0.192,0.798,56.2,-1.8,0.4,0.02,75.3,0,0,0,466.85
2026-05-30 11:34:32,62.26,FATIGUED,0.186,0.778,55.2,-3.4,-0.4,0.02,77.1,0,0,0,469.18
2026-05-30 11:34:34,63.73,FATIGUED,0.185,0.777,54.6,-4.3,-0.4,0.03,78.9,0,0,0,468.94
2026-05-30 11:34:35,65.08,ATTENTIVE,0.187,0.770,54.4,-1.3,-0.4,0.03,80.7,0,0,0,469.86
2026-05-30 11:34:36,66.44,ATTENTIVE,0.196,0.740,54.6,-1.7,-0.9,0.03,82.5,0,0,0,470.44
2026-05-30 11:34:38,67.91,ATTENTIVE,0.187,0.688,55.1,-2.6,-1.3,0.03,84.3,0,0,0,470.13
2026-05-30 11:34:39,68.91,ATTENTIVE,0.194,0.689,55.1,2.1,0.0,0.03,85.5,0,0,0,472.97
2026-05-30 11:34:40,69.90,ATTENTIVE,0.196,0.707,55.1,1.3,-0.8,0.03,86.7,0,0,0,472.71
2026-05-30 11:34:41,71.45,ATTENTIVE,0.208,0.779,54.3,-0.1,0.4,0.02,88.5,0,0,0,473.12
2026-05-30 11:34:43,72.82,ATTENTIVE,0.224,0.817,53.3,-1.0,-0.4,0.02,90.3,0,0,0,472.38
2026-05-30 11:34:44,74.20,ATTENTIVE,0.221,0.767,52.8,-1.0,0.4,0.02,92.1,0,0,0,470.16
2026-05-30 11:34:45,75.13,ATTENTIVE,0.220,0.715,52.7,0.0,0.0,0.02,93.3,0,0,0,471.27
2026-05-30 11:34:46,76.51,ATTENTIVE,0.232,0.647,53.1,1.9,0.4,0.02,95.1,0,0,0,469.90
2026-05-30 11:34:48,77.84,ATTENTIVE,0.239,0.618,53.8,-1.1,0.0,0.01,96.9,0,0,0,469.08
2026-05-30 11:34:49,79.16,ATTENTIVE,0.239,0.609,53.8,2.7,0.9,0.01,98.7,0,0,0,467.42
2026-05-30 11:34:50,80.50,ATTENTIVE,0.212,0.609,53.1,2.8,0.4,0.01,100.0,0,0,0,470.25
2026-05-30 11:34:52,81.76,ATTENTIVE,0.174,0.614,52.8,-1.3,0.8,0.05,100.0,0,0,0,468.93
2026-05-30 11:34:53,83.14,ATTENTIVE,0.133,0.616,53.0,-1.8,-0.4,0.16,90.6,0,0,0,466.81
2026-05-30 11:34:54,84.38,ATTENTIVE,0.123,0.619,53.2,-1.8,-0.4,0.26,80.7,0,0,0,462.96
2026-05-30 11:34:55,85.64,FATIGUED,0.114,0.616,53.0,-4.0,-0.4,0.32,70.4,0,0,0,461.02
2026-05-30 11:34:57,86.89,FATIGUED,0.121,0.613,52.5,-1.3,-4.9,0.36,59.9,0,0,0,456.20
2026-05-30 11:34:58,88.19,FATIGUED,0.140,0.579,44.7,-4.6,-16.6,0.36,48.8,0,0,0,446.66
2026-05-30 11:34:59,89.48,FATIGUED,0.159,0.568,35.7,-8.8,-19.4,0.39,38.1,0,0,0,442.20
2026-05-30 11:35:01,90.69,FATIGUED,0.166,0.541,34.2,-9.6,-20.0,0.41,27.4,0,0,0,439.81
2026-05-30 11:35:02,92.03,DROWSY,0.172,0.548,35.9,-8.9,-20.3,0.42,16.5,0,0,0,438.14
2026-05-30 11:35:03,93.31,MICROSLEEP,0.172,0.534,40.0,-13.9,-26.3,0.43,2.6,0,0,0,437.29
2026-05-30 11:35:05,94.72,MICROSLEEP,0.172,0.531,43.0,-14.9,-26.7,0.44,0.0,0,0,1,435.61
2026-05-30 11:35:06,96.03,MICROSLEEP,0.169,0.518,43.3,-14.5,-27.1,0.45,0.0,0,0,1,432.43
2026-05-30 11:35:07,97.39,MICROSLEEP,0.174,0.517,43.3,-13.1,-26.3,0.46,0.0,0,0,1,429.83
2026-05-30 11:35:09,98.82,MICROSLEEP,0.180,0.546,47.6,1.2,-6.7,0.47,0.0,0,0,1,429.20
2026-05-30 11:35:10,99.80,MICROSLEEP,0.192,0.574,51.4,8.7,0.4,0.47,0.0,0,0,1,431.42
2026-05-30 11:35:11,101.21,MICROSLEEP,0.209,0.608,54.3,6.3,1.7,0.36,0.0,1,0,1,430.52
2026-05-30 11:35:12,102.51,MICROSLEEP,0.219,0.634,54.4,7.3,6.0,0.26,0.0,1,0,0,432.46
2026-05-30 11:35:14,103.85,MICROSLEEP,0.226,0.634,54.1,5.6,2.9,0.19,0.0,1,0,0,430.69
2026-05-30 11:35:15,105.23,FATIGUED,0.225,0.633,52.7,1.2,1.1,0.15,0.0,1,0,0,431.96
2026-05-30 11:35:17,106.74,FATIGUED,0.236,0.632,53.2,7.3,1.9,0.12,1.8,1,0,0,433.03
2026-05-30 11:35:18,107.75,FATIGUED,0.238,0.634,54.0,3.4,-0.4,0.11,3.0,1,0,0,436.13
2026-05-30 11:35:19,109.20,FATIGUED,0.256,0.634,53.4,3.7,0.4,0.10,4.8,1,0,0,439.32
2026-05-30 11:35:20,110.61,ATTENTIVE,0.256,0.631,52.5,3.0,0.0,0.10,6.6,1,0,0,440.71
2026-05-30 11:35:22,111.99,ATTENTIVE,0.249,0.635,52.5,2.3,-0.4,0.09,8.4,1,0,0,441.92
2026-05-30 11:35:23,113.22,ATTENTIVE,0.251,0.635,52.9,7.0,0.0,0.09,10.2,1,0,0,443.65
2026-05-30 11:35:25,114.72,ATTENTIVE,0.256,0.632,53.3,4.6,-1.2,0.09,12.0,1,0,0,446.29
2026-05-30 11:35:26,116.31,ATTENTIVE,0.256,0.636,53.7,3.1,1.3,0.09,13.8,1,0,0,455.72
2026-05-30 11:35:27,117.54,ATTENTIVE,0.227,0.636,54.8,0.9,6.1,0.09,15.0,1,0,0,460.53
2026-05-30 11:35:29,118.92,ATTENTIVE,0.213,0.636,55.2,1.9,5.0,0.09,16.2,1,0,0,467.80
2026-05-30 11:35:30,120.40,ATTENTIVE,0.222,0.636,54.7,-6.4,2.7,0.09,17.4,1,0,0,478.69
2026-05-30 11:35:31,121.53,ATTENTIVE,0.227,0.629,53.7,-5.6,0.9,0.08,18.6,1,0,0,486.49
2026-05-30 11:35:33,122.69,ATTENTIVE,0.260,0.620,53.5,-5.3,-0.5,0.08,19.8,1,0,0,490.83
2026-05-30 11:35:34,123.73,ATTENTIVE,0.281,0.616,53.5,-3.8,-0.4,0.08,21.0,1,0,0,495.50
2026-05-30 11:35:35,125.04,ATTENTIVE,0.279,0.623,53.5,-4.7,0.9,0.08,22.2,1,0,0,497.21
2026-05-30 11:35:36,126.22,ATTENTIVE,0.275,0.633,53.6,12.0,2.6,0.08,23.4,1,0,0,504.42
2026-05-30 11:35:37,127.39,ATTENTIVE,0.267,0.649,53.9,10.7,2.2,0.08,24.6,1,0,0,509.48
2026-05-30 11:35:39,128.68,ATTENTIVE,0.255,0.659,54.2,8.7,1.3,0.08,25.8,1,0,0,515.64
2026-05-30 11:35:40,129.96,ATTENTIVE,0.256,0.668,54.0,1.0,1.3,0.08,27.0,1,0,0,520.79
2026-05-30 11:35:41,131.18,ATTENTIVE,0.262,0.659,53.9,-4.1,0.4,0.08,28.2,1,0,0,524.96
2026-05-30 11:35:42,132.56,ATTENTIVE,0.268,0.651,53.9,-4.6,-0.4,0.08,29.4,1,0,0,529.88
2026-05-30 11:35:44,133.75,ATTENTIVE,0.275,0.637,54.1,-3.8,0.0,0.08,30.6,1,0,0,536.67
2026-05-30 11:35:45,134.96,ATTENTIVE,0.266,0.632,53.9,-1.0,0.0,0.08,31.8,1,0,0,541.18
2026-05-30 11:35:46,136.20,ATTENTIVE,0.259,0.622,53.7,-0.2,0.4,0.09,33.0,1,0,0,547.49
2026-05-30 11:35:47,137.41,ATTENTIVE,0.235,0.625,53.5,-3.7,-2.2,0.09,34.2,1,0,0,553.29
2026-05-30 11:35:48,138.24,ATTENTIVE,0.220,0.623,53.2,-1.0,-1.3,0.09,35.4,1,0,0,555.68
2026-05-30 11:35:49,139.28,ATTENTIVE,0.200,0.628,52.4,0.8,0.4,0.09,37.8,1,0,0,540.62
2026-05-30 11:35:50,140.33,ATTENTIVE,0.204,0.642,52.2,1.2,0.9,0.09,40.2,1,0,0,524.68
2026-05-30 11:35:51,141.32,ATTENTIVE,0.207,0.654,51.9,0.2,0.9,0.09,42.6,1,0,0,509.88
2026-05-30 11:35:52,142.45,ATTENTIVE,0.223,0.659,53.0,-0.6,0.9,0.09,45.0,1,0,0,498.21
2026-05-30 11:35:53,143.54,ATTENTIVE,0.235,0.658,53.7,-0.6,3.5,0.09,48.0,1,0,0,479.82
2026-05-30 11:35:55,144.70,ATTENTIVE,0.240,0.629,48.3,-15.6,-3.5,0.09,51.0,1,0,0,455.78
2026-05-30 11:35:56,145.84,ATTENTIVE,0.248,0.618,47.7,-0.3,0.3,0.09,54.0,1,0,0,415.83
2026-05-30 11:35:57,146.98,ATTENTIVE,0.265,0.660,48.3,5.6,1.3,0.09,57.0,1,0,0,387.48
2026-05-30 11:35:58,148.13,ATTENTIVE,0.267,0.686,49.3,5.6,1.3,0.08,60.0,1,0,0,357.00
2026-05-30 11:35:59,149.27,ATTENTIVE,0.259,0.683,49.2,5.0,1.3,0.08,63.0,1,0,0,324.25
2026-05-30 11:36:00,150.42,ATTENTIVE,0.251,0.673,49.1,3.9,2.2,0.07,66.0,1,0,0,289.86
2026-05-30 11:36:01,151.56,ATTENTIVE,0.255,0.665,48.8,-1.2,-0.3,0.06,69.0,1,0,0,258.94
2026-05-30 11:36:03,152.77,ATTENTIVE,0.230,0.596,51.6,-30.8,-28.6,0.05,72.0,1,0,0,236.10
2026-05-30 11:36:04,153.90,ATTENTIVE,0.224,0.579,55.2,2.6,9.1,0.04,75.0,1,0,0,233.96
2026-05-30 11:36:05,155.05,ATTENTIVE,0.235,0.636,57.2,0.2,11.0,0.03,78.0,1,0,0,231.19
2026-05-30 11:36:06,156.22,ATTENTIVE,0.208,0.637,61.7,-0.0,3.4,0.02,81.0,1,0,0,227.95
2026-05-30 11:36:07,157.40,ATTENTIVE,0.159,0.631,64.1,-3.6,2.0,0.11,76.6,1,0,0,229.03
2026-05-30 11:36:08,158.58,ATTENTIVE,0.198,0.626,52.9,-4.3,1.3,0.25,60.3,1,0,0,229.70
2026-05-30 11:36:10,159.72,FATIGUED,0.272,0.612,41.0,2.0,1.5,0.12,56.7,2,0,0,229.27
2026-05-30 11:36:11,160.88,FATIGUED,0.289,0.613,34.6,2.7,0.6,0.06,59.7,2,0,0,229.83
2026-05-30 11:36:12,162.07,ATTENTIVE,0.264,0.657,39.9,2.5,1.0,0.04,62.7,2,0,0,230.45
2026-05-30 11:36:13,163.23,ATTENTIVE,0.249,0.697,42.2,2.2,0.7,0.03,65.7,2,0,0,230.90
2026-05-30 11:36:14,164.36,ATTENTIVE,0.257,0.703,44.0,1.6,0.3,0.03,68.1,2,0,0,234.04
2026-05-30 11:36:15,165.44,ATTENTIVE,0.200,0.677,52.4,9.2,-3.3,0.05,71.7,2,0,0,229.42
2026-05-30 11:36:16,166.64,ATTENTIVE,0.164,0.649,58.0,6.0,2.3,0.16,63.4,2,0,0,228.70
2026-05-30 11:36:17,167.60,ATTENTIVE,0.159,0.602,55.1,-11.0,-0.9,0.26,50.2,2,0,0,229.91
2026-05-30 11:36:19,168.69,FATIGUED,0.183,0.587,52.7,-9.7,-3.6,0.35,36.4,2,0,0,232.91
2026-05-30 11:36:20,169.78,FATIGUED,0.246,0.607,49.1,0.1,-3.8,0.21,31.7,3,0,0,235.25
2026-05-30 11:36:21,170.86,FATIGUED,0.268,0.621,50.1,-6.5,-0.4,0.13,31.5,3,0,0,237.92
2026-05-30 11:36:22,171.92,FATIGUED,0.261,0.642,51.0,-4.2,1.7,0.09,33.9,3,0,0,239.28
2026-05-30 11:36:23,173.07,FATIGUED,0.262,0.626,50.9,-2.2,0.4,0.08,35.1,3,0,0,246.00
2026-05-30 11:36:24,174.13,ATTENTIVE,0.269,0.621,50.5,1.2,0.4,0.06,37.5,3,0,0,248.28
2026-05-30 11:36:25,175.16,ATTENTIVE,0.256,0.625,50.8,-1.7,-0.4,0.05,39.9,3,0,0,250.30
2026-05-30 11:36:26,176.42,ATTENTIVE,0.257,0.627,50.5,-1.1,-0.9,0.05,42.3,3,0,0,251.85
2026-05-30 11:36:27,177.53,ATTENTIVE,0.254,0.629,50.5,5.4,-1.7,0.04,43.5,3,0,0,261.93
2026-05-30 15:17:28,12.51,CALIBRATING,0.280,0.372,43.1,-39.8,-39.5,0.00,100.0,0,0,0,5676.06
2026-05-30 15:17:29,13.90,CALIBRATING,0.227,0.620,48.4,8.0,7.4,0.00,100.0,0,0,0,1704.15
2026-05-30 15:17:31,15.30,CALIBRATING,0.231,0.628,51.4,4.0,-3.8,0.00,100.0,0,0,0,1156.58
2026-05-30 15:17:32,16.64,CALIBRATING,0.226,0.630,53.2,4.7,-3.0,0.00,100.0,0,0,0,943.96
2026-05-30 15:17:33,17.96,CALIBRATING,0.230,0.637,53.6,2.2,-4.0,0.00,100.0,0,0,0,829.95
2026-05-30 15:17:34,19.12,CALIBRATING,0.224,0.633,53.5,2.3,-2.5,0.00,100.0,0,0,0,747.65
2026-05-30 15:17:36,20.42,CALIBRATING,0.223,0.626,53.4,0.8,-3.5,0.00,100.0,0,0,0,694.08
2026-05-30 15:17:37,21.63,CALIBRATING,0.214,0.628,53.9,6.6,13.4,0.00,100.0,0,0,0,657.62
2026-05-30 15:17:38,22.80,CALIBRATING,0.204,0.680,54.9,6.8,20.6,0.00,100.0,0,0,0,624.03
2026-05-30 15:17:39,24.05,CALIBRATING,0.197,0.742,55.4,6.3,14.5,0.10,100.0,0,0,0,599.01
2026-05-30 15:17:41,25.68,CALIBRATING,0.201,0.794,54.9,4.9,7.2,0.21,100.0,0,0,0,592.02
2026-05-30 15:17:42,27.17,CALIBRATING,0.198,0.763,53.2,2.4,-1.9,0.31,100.0,0,0,0,583.59
2026-05-30 15:17:44,28.57,CALIBRATING,0.192,0.701,52.1,4.6,-2.4,0.38,100.0,0,0,0,573.98
2026-05-30 15:17:45,29.80,CALIBRATING,0.198,0.632,51.8,4.2,-1.4,0.43,100.0,0,0,0,562.54
2026-05-30 15:17:46,31.01,CALIBRATING,0.215,0.627,51.4,3.2,-0.9,0.46,100.0,0,0,0,552.16
2026-05-30 15:17:47,32.19,CALIBRATING,0.237,0.626,51.4,2.3,-1.4,0.33,100.0,1,0,0,541.95
2026-05-30 15:17:49,33.40,CALIBRATING,0.244,0.633,51.2,2.2,-1.4,0.24,100.0,1,0,0,532.07
2026-05-30 15:17:50,34.75,CALIBRATING,0.246,0.638,51.0,0.5,-2.4,0.19,100.0,1,0,0,526.30
2026-05-30 15:17:51,35.97,CALIBRATING,0.245,0.637,51.0,1.8,-1.5,0.15,100.0,1,0,0,520.76
2026-05-30 15:17:52,37.18,CALIBRATING,0.252,0.641,51.1,0.6,-2.9,0.13,100.0,1,0,0,514.59
2026-05-30 15:17:54,38.41,CALIBRATING,0.263,0.637,51.1,2.3,-1.9,0.11,100.0,1,0,0,422.71
2026-05-30 15:17:55,39.61,CALIBRATING,0.253,0.638,51.4,7.5,-4.2,0.10,100.0,1,0,0,423.50
2026-05-30 15:17:56,40.83,CALIBRATING,0.247,0.639,51.7,8.0,-4.7,0.09,100.0,1,0,0,423.06
2026-05-30 15:17:57,42.14,CALIBRATING,0.232,0.639,51.5,6.6,-4.3,0.09,100.0,1,0,0,421.46
2026-05-30 15:17:59,43.45,ATTENTIVE,0.244,0.646,51.3,2.3,-2.9,0.08,100.0,1,0,0,420.64
2026-05-30 15:18:00,44.76,ATTENTIVE,0.254,0.642,50.8,1.0,-3.8,0.08,100.0,1,0,0,421.55
2026-05-30 15:18:01,45.90,ATTENTIVE,0.264,0.641,50.5,2.2,-2.4,0.07,100.0,1,0,0,421.80
2026-05-30 15:18:02,47.09,ATTENTIVE,0.263,0.645,50.5,3.6,-2.9,0.07,100.0,1,0,0,420.18
2026-05-30 15:18:04,48.50,ATTENTIVE,0.234,0.641,50.0,-9.3,-15.3,0.07,100.0,1,0,0,424.10
2026-05-30 15:18:05,49.72,ATTENTIVE,0.196,0.616,47.7,-18.6,-30.9,0.07,100.0,1,0,0,424.53
2026-05-30 15:18:06,51.03,ATTENTIVE,0.192,0.592,45.5,-17.3,-29.0,0.07,100.0,1,0,0,420.56
2026-05-30 15:18:07,52.22,ATTENTIVE,0.234,0.572,45.5,-16.9,-28.6,0.07,100.0,1,0,0,415.22
2026-05-30 15:18:09,53.41,ATTENTIVE,0.223,0.578,50.2,0.4,4.8,0.06,100.0,1,0,0,411.52
2026-05-30 15:18:10,54.70,ATTENTIVE,0.186,0.587,55.1,1.1,4.5,0.06,100.0,1,0,0,411.86
2026-05-30 15:18:11,55.91,ATTENTIVE,0.145,0.606,55.4,-1.0,4.4,0.17,93.7,1,0,0,411.19
2026-05-30 15:18:12,57.07,ATTENTIVE,0.140,0.623,55.5,-1.0,5.9,0.28,83.7,1,0,0,410.11
2026-05-30 15:18:14,58.51,FATIGUED,0.148,0.628,55.8,5.0,10.3,0.35,73.3,1,0,0,413.05
2026-05-30 15:18:15,59.61,FATIGUED,0.174,0.624,55.3,-4.0,2.0,0.39,66.3,1,0,0,417.52
2026-05-30 15:18:16,60.62,FATIGUED,0.231,0.619,54.3,2.1,6.6,0.32,54.9,2,0,0,405.69
2026-05-30 15:18:17,61.63,FATIGUED,0.262,0.607,54.1,-2.6,7.1,0.20,53.3,2,0,0,395.59
2026-05-30 15:18:19,63.28,FATIGUED,0.259,0.614,53.8,6.5,2.0,0.15,52.5,2,0,0,397.26
2026-06-01 19:10:38,15.10,CALIBRATING,0.188,0.640,54.1,-5.3,0.5,0.03,100.0,0,0,0,5784.63
2026-06-01 19:10:39,16.24,CALIBRATING,0.204,0.639,54.2,-0.9,0.5,0.16,100.0,0,0,0,1744.76
2026-06-01 19:10:40,17.45,CALIBRATING,0.213,0.641,54.1,3.1,2.5,0.28,100.0,0,0,0,1171.70
2026-06-01 19:10:41,18.23,CALIBRATING,0.192,0.632,52.6,19.9,-0.5,0.33,100.0,0,0,0,925.68
2026-06-01 19:10:42,19.60,CALIBRATING,0.230,0.665,50.9,37.3,14.8,0.40,100.0,1,0,0,739.00
2026-06-01 19:10:43,20.40,CALIBRATING,0.334,0.721,49.6,35.0,26.3,0.30,100.0,1,0,0,599.99
2026-06-01 19:10:44,21.47,CALIBRATING,0.334,0.721,49.6,35.0,26.3,0.24,100.0,1,0,0,388.34
2026-06-01 19:10:45,22.78,CALIBRATING,0.272,0.747,49.5,40.3,18.4,0.22,100.0,1,0,0,320.11
2026-06-01 19:10:46,23.90,CALIBRATING,0.288,0.770,49.8,6.3,3.7,0.21,100.0,1,0,0,322.60
2026-06-01 19:10:48,25.16,CALIBRATING,0.253,0.755,51.2,6.3,2.9,0.19,100.0,1,0,0,327.77
2026-06-01 19:10:49,26.24,CALIBRATING,0.209,0.684,51.1,-3.8,-3.6,0.17,100.0,1,0,0,329.71
2026-06-01 19:10:50,27.84,CALIBRATING,0.215,0.639,51.7,3.8,0.4,0.15,100.0,1,0,0,312.35
2026-06-01 19:10:52,29.24,CALIBRATING,0.239,0.619,50.2,9.6,-4.6,0.14,100.0,1,0,0,226.00
2026-06-01 19:10:53,30.48,CALIBRATING,0.253,0.616,49.4,1.3,-1.3,0.13,100.0,1,0,0,227.83
2026-06-01 19:10:54,31.83,CALIBRATING,0.263,0.623,50.8,0.5,0.0,0.12,100.0,1,0,0,229.78
2026-06-01 19:10:56,33.18,CALIBRATING,0.267,0.619,49.3,0.3,1.3,0.11,100.0,1,0,0,238.98
2026-06-01 19:10:57,34.48,CALIBRATING,0.262,0.626,48.5,6.1,3.0,0.10,100.0,1,0,0,244.38
2026-06-01 19:10:58,35.83,CALIBRATING,0.266,0.635,51.4,3.6,0.0,0.09,100.0,1,0,0,251.55
2026-06-01 19:11:00,37.20,CALIBRATING,0.265,0.630,53.2,4.6,0.9,0.09,100.0,1,0,0,269.69
2026-06-01 19:11:01,38.54,CALIBRATING,0.274,0.635,52.7,3.5,0.9,0.08,100.0,1,0,0,288.07
2026-06-01 19:11:02,39.91,CALIBRATING,0.279,0.642,52.7,0.7,0.9,0.08,100.0,1,0,0,306.97
2026-06-01 19:11:04,41.22,CALIBRATING,0.290,0.638,53.0,2.2,0.9,0.07,100.0,1,0,0,325.07
2026-06-01 19:11:05,42.65,CALIBRATING,0.291,0.641,53.1,4.0,1.3,0.07,100.0,1,0,0,343.39
2026-06-01 19:11:07,44.11,CALIBRATING,0.291,0.645,53.1,0.3,0.4,0.06,100.0,1,0,0,364.34
2026-06-01 19:11:08,45.12,ATTENTIVE,0.298,0.646,53.1,3.9,0.4,0.06,100.0,1,0,0,378.17
2026-06-01 19:11:09,46.48,ATTENTIVE,0.288,0.648,53.3,3.7,0.0,0.06,100.0,1,0,0,396.50
2026-06-01 19:11:10,47.64,ATTENTIVE,0.281,0.647,53.4,4.1,1.3,0.05,100.0,1,0,0,406.53
2026-06-01 19:11:11,48.77,ATTENTIVE,0.274,0.648,53.6,3.9,1.7,0.05,100.0,1,0,0,414.38
2026-06-01 19:11:12,49.89,ATTENTIVE,0.267,0.646,53.5,1.5,0.0,0.05,100.0,1,0,0,421.17
2026-06-01 19:11:14,51.02,ATTENTIVE,0.260,0.649,53.5,1.4,0.4,0.05,100.0,1,0,0,425.77
2026-06-01 19:11:15,52.23,ATTENTIVE,0.243,0.648,53.4,1.7,0.9,0.05,100.0,1,0,0,436.13
2026-06-01 19:11:16,53.43,ATTENTIVE,0.242,0.649,53.5,3.3,0.9,0.05,100.0,1,0,0,441.89
2026-06-01 19:11:17,54.61,ATTENTIVE,0.250,0.645,53.4,3.9,0.4,0.04,100.0,1,0,0,457.98
2026-06-01 19:11:18,55.77,ATTENTIVE,0.261,0.646,53.3,3.5,0.0,0.04,100.0,1,0,0,474.56
2026-06-01 19:11:20,57.15,ATTENTIVE,0.280,0.639,53.2,1.9,0.4,0.04,100.0,1,0,0,486.32
2026-06-01 19:11:21,58.50,ATTENTIVE,0.279,0.638,53.3,3.4,0.4,0.04,100.0,1,0,0,496.29
2026-06-01 19:11:22,59.93,ATTENTIVE,0.264,0.633,53.4,2.4,0.4,0.04,100.0,1,0,0,504.37
2026-06-01 19:11:24,61.40,ATTENTIVE,0.255,0.631,53.4,3.8,0.9,0.04,100.0,1,0,0,515.14
2026-06-01 19:11:25,62.85,ATTENTIVE,0.241,0.631,53.4,0.6,0.9,0.04,100.0,1,0,0,522.75
2026-06-01 19:11:27,64.26,ATTENTIVE,0.223,0.636,53.4,1.4,0.4,0.04,100.0,1,0,0,530.29
2026-06-01 19:11:28,65.48,ATTENTIVE,0.221,0.636,53.4,1.6,0.0,0.04,100.0,1,0,0,539.43
2026-06-01 19:11:29,66.73,ATTENTIVE,0.219,0.638,53.3,-0.9,-0.4,0.04,100.0,1,0,0,544.70
2026-06-01 19:11:31,68.39,ATTENTIVE,0.218,0.642,53.3,1.1,0.0,0.03,100.0,1,0,0,554.22
2026-06-01 19:11:32,69.92,ATTENTIVE,0.228,0.642,53.4,5.5,2.2,0.03,100.0,1,0,0,566.44
2026-06-01 19:11:34,71.17,ATTENTIVE,0.234,0.643,53.5,4.1,1.3,0.03,100.0,1,0,0,574.37
2026-06-01 19:11:35,72.41,ATTENTIVE,0.228,0.649,53.5,3.7,2.7,0.03,100.0,1,0,0,580.19
2026-06-01 19:11:36,73.80,ATTENTIVE,0.227,0.646,53.1,0.6,1.4,0.03,100.0,1,0,0,588.08
2026-06-01 19:11:37,74.63,ATTENTIVE,0.226,0.646,52.9,1.6,2.7,0.03,100.0,1,0,0,591.18
2026-06-01 19:11:38,75.90,ATTENTIVE,0.225,0.641,52.9,1.4,1.8,0.03,100.0,1,0,0,582.57
2026-06-01 19:11:40,77.07,ATTENTIVE,0.230,0.641,53.0,-0.7,1.8,0.03,100.0,1,0,0,571.85
2026-06-01 19:11:41,78.33,ATTENTIVE,0.227,0.640,53.2,-0.0,1.3,0.03,100.0,1,0,0,560.05
2026-06-01 19:11:42,79.47,ATTENTIVE,0.231,0.639,53.2,1.2,2.3,0.03,100.0,1,0,0,548.73
2026-06-01 19:11:43,80.66,ATTENTIVE,0.238,0.634,53.2,1.9,1.8,0.03,100.0,1,0,0,530.69
2026-06-01 19:11:44,81.75,ATTENTIVE,0.238,0.633,53.2,1.9,1.8,0.03,100.0,1,0,0,512.04
2026-06-01 19:11:45,82.87,ATTENTIVE,0.231,0.643,53.1,-1.1,1.4,0.02,100.0,1,0,0,490.62
2026-06-01 19:11:47,84.02,ATTENTIVE,0.226,0.646,53.2,1.2,2.3,0.02,100.0,1,0,0,470.79
2026-06-01 19:11:48,85.13,ATTENTIVE,0.226,0.647,53.1,0.2,2.3,0.02,100.0,1,0,0,445.63
2026-06-01 19:11:49,86.34,ATTENTIVE,0.227,0.643,53.1,1.9,1.8,0.02,100.0,1,0,0,416.22
2026-06-01 19:11:50,87.46,ATTENTIVE,0.224,0.648,52.8,1.6,1.4,0.02,100.0,1,0,0,391.79
2026-06-01 19:11:51,88.57,ATTENTIVE,0.212,0.675,52.7,2.8,1.8,0.01,100.0,1,0,0,365.40
2026-06-01 19:11:52,89.69,ATTENTIVE,0.208,0.726,52.9,1.1,1.3,0.01,100.0,1,0,0,333.65
2026-06-01 19:11:53,90.85,ATTENTIVE,0.213,0.724,52.9,0.9,1.8,0.00,100.0,1,0,0,308.33
2026-06-01 19:11:54,91.98,ATTENTIVE,0.214,0.686,52.9,0.5,1.4,0.00,100.0,1,0,0,286.70
2026-06-01 19:11:56,93.05,ATTENTIVE,0.216,0.642,53.3,0.3,1.8,0.00,100.0,1,0,0,284.32
2026-06-01 19:11:57,94.18,ATTENTIVE,0.225,0.633,53.1,0.5,1.4,0.00,100.0,1,0,0,283.02
2026-06-01 19:11:58,95.22,ATTENTIVE,0.202,0.639,53.1,0.5,2.7,0.00,100.0,1,0,0,279.59
2026-06-01 19:11:59,96.33,ATTENTIVE,0.175,0.647,53.1,1.0,2.7,0.04,100.0,1,0,0,278.54
2026-06-01 19:12:00,97.57,ATTENTIVE,0.182,0.650,53.1,1.8,2.3,0.17,87.5,1,0,0,279.39
2026-06-01 19:12:01,98.83,FATIGUED,0.203,0.640,53.5,-1.6,0.0,0.22,74.2,2,0,0,281.76
2026-06-01 19:12:03,100.10,FATIGUED,0.224,0.633,53.6,-0.4,0.9,0.12,73.9,2,0,0,284.28
2026-06-01 19:12:04,101.31,FATIGUED,0.244,0.628,53.0,-1.0,0.0,0.07,76.3,2,0,0,285.51
2026-06-01 19:12:05,102.52,ATTENTIVE,0.233,0.639,52.8,1.9,1.8,0.04,78.7,2,0,0,286.12
2026-06-01 19:12:06,103.65,ATTENTIVE,0.227,0.639,52.6,-0.8,0.9,0.03,80.5,2,0,0,287.91
2026-06-01 19:12:07,104.84,ATTENTIVE,0.244,0.640,52.5,0.2,0.9,0.02,82.9,2,0,0,288.60
2026-06-01 19:12:09,106.08,ATTENTIVE,0.229,0.636,52.8,2.6,2.7,0.02,85.3,2,0,0,290.65
2026-06-01 19:12:10,107.33,ATTENTIVE,0.222,0.646,52.8,0.5,1.4,0.02,87.7,2,0,0,292.35
2026-06-01 19:12:11,108.59,ATTENTIVE,0.234,0.645,52.8,3.8,2.2,0.02,90.1,2,0,0,295.72
2026-06-01 19:12:12,109.80,ATTENTIVE,0.223,0.642,52.6,4.4,1.8,0.01,92.5,2,0,0,295.55
2026-06-01 19:12:13,110.95,ATTENTIVE,0.226,0.645,53.0,3.0,0.0,0.01,94.9,2,0,0,296.60
2026-06-01 19:12:15,112.14,ATTENTIVE,0.246,0.655,53.7,6.4,0.4,0.01,97.3,2,0,0,297.76
2026-06-01 19:12:16,113.36,ATTENTIVE,0.252,0.654,54.0,6.0,1.3,0.01,99.7,2,0,0,300.18
2026-06-01 19:12:17,114.52,ATTENTIVE,0.258,0.643,54.2,3.9,0.0,0.01,100.0,2,0,0,302.15
2026-06-01 19:12:18,115.69,ATTENTIVE,0.269,0.647,54.1,5.0,0.0,0.01,100.0,2,0,0,301.22
2026-06-01 19:12:19,116.76,ATTENTIVE,0.278,0.653,54.1,4.4,0.0,0.01,100.0,2,0,0,299.02
2026-06-01 19:12:20,117.87,ATTENTIVE,0.291,0.652,54.2,4.1,-0.4,0.01,100.0,2,0,0,296.55
2026-06-01 19:12:22,119.03,ATTENTIVE,0.277,0.662,54.3,-0.2,-1.8,0.01,100.0,2,0,0,294.34
2026-06-01 19:12:23,120.21,ATTENTIVE,0.258,0.663,53.7,-1.2,-3.5,0.01,100.0,2,0,0,295.75
2026-06-01 19:12:24,121.40,ATTENTIVE,0.211,0.653,53.3,-2.4,-1.8,0.01,100.0,2,0,0,293.85
2026-06-01 19:12:25,122.49,ATTENTIVE,0.174,0.646,53.6,-0.3,-0.4,0.09,96.9,2,0,0,291.90
2026-06-01 19:12:26,123.68,ATTENTIVE,0.187,0.647,53.6,-1.4,-0.4,0.21,84.1,2,0,0,290.67
2026-06-01 19:12:27,124.83,FATIGUED,0.179,0.644,53.5,-0.9,-0.4,0.32,70.6,2,0,0,289.29
2026-06-01 19:12:28,125.92,FATIGUED,0.187,0.656,53.4,-1.7,-0.9,0.37,56.5,2,0,0,286.14
2026-06-01 19:12:30,127.05,FATIGUED,0.220,0.656,53.4,3.3,-0.4,0.25,48.4,3,0,0,285.50
2026-06-01 19:12:31,128.19,FATIGUED,0.227,0.649,53.4,3.6,-2.7,0.15,47.2,3,0,0,285.06
2026-06-01 19:12:32,129.29,FATIGUED,0.236,0.643,53.2,-3.2,1.8,0.10,48.8,3,0,0,283.60
2026-06-01 19:12:33,130.47,FATIGUED,0.259,0.642,53.5,-1.7,1.3,0.07,51.2,3,0,0,282.36
2026-06-01 19:12:34,131.64,ATTENTIVE,0.269,0.639,53.6,5.0,0.8,0.06,53.6,3,0,0,282.40
2026-06-01 19:12:35,132.81,ATTENTIVE,0.262,0.634,52.7,0.2,-0.8,0.05,56.0,3,0,0,283.32
2026-06-01 19:12:37,134.02,ATTENTIVE,0.235,0.646,52.4,4.1,1.3,0.05,58.4,3,0,0,285.11
2026-06-01 19:12:38,135.24,ATTENTIVE,0.235,0.658,52.5,2.6,0.4,0.04,60.8,3,0,0,286.38
2026-06-01 19:12:39,136.48,ATTENTIVE,0.266,0.658,52.8,1.7,-2.1,0.04,63.2,3,0,0,288.54
2026-06-01 19:12:40,137.49,ATTENTIVE,0.280,0.643,53.1,3.9,-1.2,0.04,65.0,3,0,0,289.86
2026-06-01 19:12:41,138.71,ATTENTIVE,0.292,0.646,53.0,1.8,-1.6,0.04,67.4,3,0,0,289.26
2026-06-01 19:12:42,139.90,ATTENTIVE,0.305,0.657,53.0,5.2,0.0,0.04,69.8,3,0,0,291.12
2026-06-01 19:12:44,141.29,ATTENTIVE,0.304,0.659,53.2,2.3,-0.8,0.04,72.2,3,0,0,294.02
2026-06-01 19:12:45,142.58,ATTENTIVE,0.294,0.644,53.2,2.2,-0.8,0.04,74.6,3,0,0,295.87
2026-06-01 19:12:46,143.81,ATTENTIVE,0.289,0.636,53.3,4.1,-0.4,0.04,77.0,3,0,0,298.01
2026-06-01 19:12:48,145.02,ATTENTIVE,0.281,0.640,53.4,2.7,-0.4,0.03,79.4,3,0,0,298.94
2026-06-01 19:12:49,146.27,ATTENTIVE,0.277,0.645,53.3,3.4,0.4,0.03,81.8,3,0,0,300.23
2026-06-01 19:12:50,147.55,ATTENTIVE,0.282,0.644,53.6,5.7,-0.8,0.03,84.2,3,0,0,303.19
2026-06-01 19:12:51,148.72,ATTENTIVE,0.280,0.651,53.7,1.7,-0.4,0.03,86.6,3,0,0,303.55
2026-06-01 19:12:52,150.01,ATTENTIVE,0.281,0.653,53.7,3.1,-0.4,0.03,89.0,3,0,0,305.34
2026-06-01 19:12:54,151.15,ATTENTIVE,0.288,0.662,53.5,2.5,0.0,0.03,91.4,3,0,0,304.53
2026-06-01 19:12:55,152.34,ATTENTIVE,0.288,0.659,53.7,1.2,-0.4,0.03,93.8,3,0,0,303.47
2026-06-01 19:12:56,153.58,ATTENTIVE,0.277,0.652,53.8,2.3,-0.9,0.03,96.2,3,0,0,303.94
2026-06-01 19:12:57,154.77,ATTENTIVE,0.261,0.653,53.5,1.2,-3.1,0.03,98.6,3,0,0,303.03
2026-06-01 19:12:59,156.03,ATTENTIVE,0.253,0.660,53.5,3.6,-0.4,0.03,100.0,3,0,0,302.03
2026-06-01 19:13:00,157.15,ATTENTIVE,0.252,0.641,53.9,3.1,-1.3,0.03,100.0,3,0,0,301.75
2026-06-01 19:13:01,158.24,ATTENTIVE,0.247,0.641,52.5,1.4,-2.6,0.03,100.0,3,0,0,299.41
2026-06-01 19:13:02,159.42,ATTENTIVE,0.233,0.633,51.3,1.7,2.1,0.03,100.0,3,0,0,296.92
2026-06-01 19:13:03,160.55,ATTENTIVE,0.215,0.633,52.0,1.9,1.3,0.03,100.0,3,0,0,295.40
2026-06-01 19:13:04,161.62,ATTENTIVE,0.202,0.630,52.5,1.0,1.3,0.03,100.0,3,0,0,291.96
2026-06-01 19:13:05,162.82,ATTENTIVE,0.216,0.634,53.8,5.2,-1.7,0.03,100.0,3,0,0,291.78
2026-06-01 19:13:07,164.07,ATTENTIVE,0.246,0.629,54.1,3.3,-2.6,0.03,100.0,3,0,0,292.46
2026-06-01 19:13:08,165.29,ATTENTIVE,0.273,0.649,53.7,1.7,0.9,0.03,100.0,3,0,0,291.95
2026-06-01 19:13:09,166.48,ATTENTIVE,0.282,0.643,53.9,5.5,1.7,0.03,100.0,3,0,0,291.88
2026-06-01 19:13:10,167.62,ATTENTIVE,0.280,0.637,54.3,3.5,2.6,0.03,100.0,3,0,0,290.40
2026-06-01 19:13:11,168.65,ATTENTIVE,0.273,0.620,54.3,5.5,3.1,0.02,100.0,3,0,0,289.09
2026-06-01 19:13:12,169.83,ATTENTIVE,0.284,0.554,53.3,-44.5,-5.5,0.02,100.0,3,0,0,288.50
2026-06-01 19:13:13,170.99,ATTENTIVE,0.318,0.466,52.1,-41.7,-4.1,0.01,100.0,3,0,0,287.90
2026-06-01 19:13:15,172.08,ATTENTIVE,0.333,0.405,52.4,-43.4,-5.6,0.01,100.0,3,0,0,286.73
2026-06-01 19:13:16,173.13,ATTENTIVE,0.344,0.392,52.3,-39.9,-3.0,0.00,97.0,3,0,0,283.83
2026-06-01 19:13:17,174.15,FATIGUED,0.301,0.459,53.2,9.3,7.6,0.00,93.0,3,0,0,281.54
2026-06-01 19:13:18,175.23,FATIGUED,0.251,0.561,54.4,7.0,7.5,0.00,89.0,3,0,0,281.10
2026-06-01 19:13:19,176.40,FATIGUED,0.251,0.640,54.5,4.9,6.2,0.00,85.0,3,0,0,280.41
2026-06-01 19:13:20,177.55,FATIGUED,0.258,0.630,54.3,4.0,6.1,0.00,87.4,3,0,0,279.69
2026-06-01 19:13:21,178.75,FATIGUED,0.269,0.628,54.1,0.4,6.9,0.00,89.8,3,0,0,283.30
2026-06-01 19:13:22,179.97,ATTENTIVE,0.271,0.625,54.4,4.4,3.9,0.00,92.2,3,0,0,281.72
2026-06-01 19:13:24,181.03,ATTENTIVE,0.275,0.627,54.4,2.0,3.5,0.00,94.6,3,0,0,278.49
2026-06-01 19:13:25,182.25,ATTENTIVE,0.262,0.634,54.4,4.8,3.6,0.00,97.0,3,0,0,276.88
2026-06-01 19:13:26,183.87,ATTENTIVE,0.247,0.636,54.8,4.7,2.7,0.00,99.4,3,0,0,277.81
2026-06-01 19:13:28,185.12,ATTENTIVE,0.251,0.640,54.8,3.3,3.1,0.00,100.0,3,0,0,288.12
2026-06-01 19:13:29,186.40,ATTENTIVE,0.250,0.637,54.8,3.8,3.1,0.00,100.0,3,0,0,299.79
2026-06-01 19:13:30,187.65,ATTENTIVE,0.253,0.634,54.7,2.7,3.1,0.00,100.0,3,0,0,311.98
2026-06-01 19:13:31,188.91,ATTENTIVE,0.264,0.632,54.7,4.2,2.7,0.00,100.0,3,0,0,324.27
2026-06-01 19:13:33,190.22,ATTENTIVE,0.261,0.634,54.9,5.6,3.8,0.00,100.0,3,0,0,336.87
2026-06-01 19:13:34,191.49,ATTENTIVE,0.258,0.629,55.2,5.3,4.2,0.00,100.0,3,0,0,347.55
2026-06-01 19:13:35,192.74,ATTENTIVE,0.233,0.629,55.4,4.8,6.5,0.00,100.0,3,0,0,358.66
2026-06-01 19:13:37,194.02,ATTENTIVE,0.230,0.637,54.3,3.1,-10.3,0.00,100.0,3,0,0,369.79
2026-06-01 19:13:38,195.28,ATTENTIVE,0.227,0.646,53.8,18.2,2.3,0.00,100.0,3,0,0,381.27
2026-06-01 19:13:40,197.55,ATTENTIVE,0.234,0.645,53.4,6.2,6.1,0.00,100.0,3,0,0,400.77
2026-06-01 19:13:41,198.18,ATTENTIVE,0.235,0.648,54.0,-3.2,6.5,0.00,100.0,3,0,0,415.35
2026-06-01 19:13:42,199.42,ATTENTIVE,0.238,0.644,54.3,-0.3,6.5,0.00,100.0,3,0,0,426.65
2026-06-01 19:13:43,200.70,ATTENTIVE,0.238,0.640,54.3,3.3,4.7,0.00,100.0,3,0,0,439.46
2026-06-01 19:13:44,201.95,ATTENTIVE,0.242,0.629,54.3,6.5,5.1,0.00,100.0,3,0,0,451.07
2026-06-01 19:13:46,203.31,ATTENTIVE,0.244,0.620,54.3,3.3,3.7,0.00,100.0,3,0,0,462.81
2026-06-01 19:13:47,204.51,ATTENTIVE,0.253,0.618,54.3,5.2,3.2,0.00,100.0,3,0,0,476.00
2026-06-01 19:13:48,205.81,ATTENTIVE,0.264,0.625,54.1,3.0,2.6,0.00,100.0,3,0,0,487.96
2026-06-01 19:13:50,207.07,ATTENTIVE,0.274,0.626,54.0,4.0,3.2,0.00,100.0,3,0,0,499.30
2026-06-01 19:13:51,208.34,ATTENTIVE,0.279,0.631,54.0,4.1,4.2,0.00,100.0,3,0,0,510.49
2026-06-01 19:13:52,209.52,ATTENTIVE,0.282,0.635,54.4,1.6,3.3,0.00,100.0,3,0,0,521.18
2026-06-01 19:13:53,210.51,ATTENTIVE,0.260,0.633,54.8,4.3,2.8,0.00,100.0,3,0,0,525.11
2026-06-01 19:13:54,211.71,ATTENTIVE,0.253,0.629,54.7,4.6,3.2,0.00,100.0,3,0,0,526.36
2026-06-01 19:13:55,212.90,ATTENTIVE,0.270,0.629,54.4,4.0,3.2,0.00,100.0,3,0,0,528.57
2026-06-01 19:13:57,214.05,ATTENTIVE,0.280,0.628,54.2,7.8,3.7,0.00,100.0,3,0,0,528.94
2026-06-01 19:13:58,215.19,ATTENTIVE,0.247,0.623,53.3,0.7,3.7,0.00,100.0,3,0,0,527.49
2026-06-01 19:13:59,216.38,ATTENTIVE,0.225,0.623,53.5,3.0,1.8,0.00,100.0,3,0,0,517.11
2026-06-01 19:14:00,217.56,ATTENTIVE,0.262,0.628,54.2,4.0,3.2,0.00,100.0,3,0,0,495.03
2026-06-01 19:14:01,218.65,ATTENTIVE,0.274,0.628,54.5,3.7,2.8,0.00,100.0,3,0,0,471.11
2026-06-01 19:14:02,219.78,ATTENTIVE,0.267,0.642,54.3,4.7,3.3,0.00,100.0,3,0,0,448.45
2026-06-01 19:14:03,220.92,ATTENTIVE,0.265,0.641,54.4,3.4,3.2,0.00,100.0,3,0,0,425.32
2026-06-01 19:14:05,222.07,ATTENTIVE,0.257,0.627,54.6,4.6,3.2,0.00,100.0,3,0,0,386.11
2026-06-01 19:14:06,223.30,ATTENTIVE,0.243,0.619,55.5,-1.0,8.5,0.00,100.0,3,0,0,364.72
2026-06-01 19:14:07,224.91,ATTENTIVE,0.238,0.624,56.4,-1.0,7.7,0.00,100.0,3,0,0,350.94
2026-06-01 19:14:09,226.31,ATTENTIVE,0.226,0.633,56.5,2.7,7.8,0.00,100.0,3,0,0,354.26
2026-06-01 19:14:10,227.56,ATTENTIVE,0.207,0.644,56.3,7.2,18.7,0.00,100.0,3,0,0,354.95
2026-06-01 19:14:11,228.78,ATTENTIVE,0.213,0.655,56.0,4.2,12.9,0.00,100.0,3,0,0,354.20
2026-06-01 19:14:13,230.06,ATTENTIVE,0.213,0.668,55.9,9.4,14.3,0.00,100.0,3,0,0,353.68
2026-06-01 19:14:14,231.35,ATTENTIVE,0.220,0.676,55.7,5.5,13.5,0.00,100.0,3,0,0,355.14
2026-06-01 19:14:15,232.63,ATTENTIVE,0.240,0.669,55.2,12.2,8.0,0.00,100.0,3,0,0,361.81
2026-06-01 19:14:16,233.87,ATTENTIVE,0.226,0.677,54.4,0.4,4.7,0.00,100.0,3,0,0,372.27
2026-06-01 19:14:18,235.14,ATTENTIVE,0.213,0.658,53.3,-19.7,2.8,0.00,100.0,3,0,0,382.89
2026-06-01 19:14:19,236.40,ATTENTIVE,0.216,0.639,53.4,-8.1,0.9,0.00,100.0,3,0,0,393.90
2026-06-01 19:14:20,237.63,ATTENTIVE,0.226,0.622,53.7,-7.2,0.5,0.00,100.0,3,0,0,405.14
2026-06-01 19:14:21,238.87,ATTENTIVE,0.234,0.619,54.3,-6.6,1.4,0.00,100.0,3,0,0,414.84
2026-06-01 19:14:23,240.14,ATTENTIVE,0.246,0.600,54.5,-4.0,2.8,0.00,100.0,3,0,0,426.17
2026-06-01 19:14:24,241.41,ATTENTIVE,0.242,0.607,54.8,-2.4,2.8,0.00,100.0,3,0,0,437.12
2026-06-01 19:14:25,242.71,ATTENTIVE,0.233,0.606,55.0,-3.8,3.8,0.00,100.0,3,0,0,449.25
2026-06-01 19:14:27,244.13,ATTENTIVE,0.228,0.611,55.2,-3.8,3.8,0.00,100.0,3,0,0,460.45
2026-06-01 19:14:28,245.44,ATTENTIVE,0.227,0.612,55.3,-4.0,4.3,0.00,100.0,3,0,0,474.41
2026-06-01 19:14:29,246.75,ATTENTIVE,0.224,0.611,55.4,-3.9,4.6,0.00,100.0,3,0,0,485.66
2026-06-01 19:14:31,248.05,ATTENTIVE,0.228,0.610,55.4,-4.4,4.7,0.00,100.0,3,0,0,497.43
2026-06-01 19:14:32,249.54,ATTENTIVE,0.221,0.616,55.0,3.1,8.4,0.00,100.0,3,0,0,512.77
2026-06-01 19:14:33,250.83,ATTENTIVE,0.219,0.626,54.2,2.8,5.5,0.00,100.0,3,0,0,524.81
2026-06-01 19:14:35,252.11,ATTENTIVE,0.221,0.629,53.4,-0.3,7.5,0.00,100.0,3,0,0,536.71
2026-06-01 19:14:36,253.56,ATTENTIVE,0.207,0.631,53.1,-7.4,7.0,0.00,100.0,3,0,0,550.82
2026-06-01 19:14:37,254.81,ATTENTIVE,0.214,0.638,53.0,-3.3,7.3,0.00,100.0,3,0,0,562.12
2026-06-01 19:14:39,256.02,ATTENTIVE,0.207,0.638,52.8,-3.2,6.2,0.00,100.0,3,0,0,573.69
2026-06-01 19:14:40,257.22,ATTENTIVE,0.193,0.627,52.4,-3.5,5.5,0.00,100.0,3,0,0,583.29
2026-06-01 19:14:41,258.45,ATTENTIVE,0.193,0.624,52.6,-3.2,5.5,0.01,100.0,3,0,0,594.49
2026-06-01 19:14:42,259.70,ATTENTIVE,0.201,0.626,52.9,-4.4,4.6,0.01,100.0,3,0,0,604.56
2026-06-01 19:14:43,260.96,ATTENTIVE,0.205,0.628,53.4,-4.5,6.2,0.01,100.0,3,0,0,615.43
2026-06-01 19:14:45,262.25,ATTENTIVE,0.218,0.633,53.5,-4.8,5.1,0.01,100.0,3,0,0,626.31
2026-06-01 19:14:46,263.51,ATTENTIVE,0.220,0.646,53.6,-4.8,5.8,0.00,100.0,3,0,0,636.31
2026-06-01 19:14:47,264.73,ATTENTIVE,0.206,0.657,53.6,-2.9,4.2,0.00,100.0,3,0,0,631.66
2026-06-01 19:14:48,265.85,ATTENTIVE,0.218,0.659,53.7,-5.0,3.0,0.00,100.0,3,0,0,620.86
2026-06-01 19:14:50,267.03,ATTENTIVE,0.244,0.655,53.9,-3.5,4.7,0.00,100.0,3,0,0,599.98
2026-06-01 19:14:51,268.31,ATTENTIVE,0.253,0.652,54.0,-2.2,3.4,0.00,100.0,3,0,0,579.08
2026-06-01 19:14:52,269.52,ATTENTIVE,0.256,0.654,53.6,-4.5,2.6,0.00,100.0,3,0,0,558.25
2026-06-01 19:14:53,270.71,ATTENTIVE,0.248,0.657,53.8,-1.3,3.8,0.00,100.0,3,0,0,536.88
2026-06-01 19:14:54,271.86,ATTENTIVE,0.255,0.655,53.9,-5.2,2.2,0.00,100.0,3,0,0,522.21
2026-06-01 19:14:56,273.03,ATTENTIVE,0.249,0.652,54.3,-6.5,2.3,0.00,100.0,3,0,0,499.92
2026-06-01 19:14:57,274.23,ATTENTIVE,0.229,0.642,53.8,4.0,4.5,0.00,100.0,3,0,0,474.70
2026-06-01 19:14:58,275.31,ATTENTIVE,0.211,0.646,52.6,-1.0,5.2,0.00,100.0,3,0,0,450.99
2026-06-01 19:14:59,276.41,ATTENTIVE,0.211,0.648,53.3,6.2,4.0,0.00,100.0,3,0,0,422.79
2026-06-01 19:15:00,277.62,ATTENTIVE,0.236,0.649,54.8,-3.1,7.5,0.00,100.0,3,0,0,396.85
2026-06-01 19:15:01,278.76,ATTENTIVE,0.254,0.628,54.7,1.0,8.0,0.00,100.0,3,0,0,375.07
2026-06-01 19:15:02,279.90,ATTENTIVE,0.262,0.626,54.4,-0.0,7.6,0.00,100.0,3,0,0,354.62
2026-06-01 19:15:04,281.04,ATTENTIVE,0.247,0.630,54.4,5.9,5.9,0.00,100.0,3,0,0,333.01
2026-06-01 19:15:05,282.30,ATTENTIVE,0.231,0.637,54.9,1.5,6.8,0.00,100.0,3,0,0,311.62
2026-06-01 19:15:06,283.48,ATTENTIVE,0.216,0.627,55.1,3.8,6.4,0.00,100.0,3,0,0,294.39
2026-06-01 19:15:08,285.30,ATTENTIVE,0.215,0.625,55.0,-0.2,4.5,0.00,100.0,3,0,0,299.78
2026-06-01 19:15:09,286.96,ATTENTIVE,0.224,0.621,54.9,-2.1,4.2,0.00,100.0,3,0,0,311.36
2026-06-01 19:15:10,287.88,ATTENTIVE,0.224,0.623,54.9,-2.2,3.6,0.00,100.0,3,0,0,323.08
2026-06-01 19:15:12,289.68,ATTENTIVE,0.222,0.632,54.8,9.2,0.5,0.00,100.0,3,0,0,342.67
2026-06-08 10:29:33,124.66,CALIBRATING,0.347,0.678,50.0,14.8,0.0,0.00,100.0,0,0,0,34.36
2026-06-08 10:29:34,124.87,CALIBRATING,0.347,0.692,50.0,15.4,-0.4,0.00,100.0,0,0,0,71.49
2026-06-08 10:29:35,125.89,CALIBRATING,0.338,0.694,50.2,14.8,-0.4,0.00,100.0,0,0,0,76.10
2026-06-08 10:29:36,126.92,CALIBRATING,0.329,0.685,50.3,15.8,0.0,0.00,100.0,0,0,0,80.42
2026-06-08 10:29:37,128.09,CALIBRATING,0.323,0.676,50.4,12.3,0.0,0.00,100.0,0,0,0,45.54
2026-06-08 10:29:38,129.00,CALIBRATING,0.310,0.667,50.4,9.0,-1.7,0.00,100.0,0,0,0,50.25
2026-06-08 10:29:39,130.01,CALIBRATING,0.301,0.662,50.5,5.3,-1.3,0.00,100.0,0,0,0,53.45
2026-06-08 10:29:40,131.00,CALIBRATING,0.292,0.658,50.5,2.6,-3.1,0.00,100.0,0,0,0,54.03
2026-06-08 10:29:41,132.06,CALIBRATING,0.282,0.654,50.3,0.9,-3.5,0.00,100.0,0,0,0,53.84
2026-06-08 10:29:42,133.04,CALIBRATING,0.270,0.650,50.1,0.8,-3.1,0.00,100.0,0,0,0,52.99
2026-06-08 10:29:43,134.04,CALIBRATING,0.257,0.645,49.9,0.2,-1.3,0.00,100.0,0,0,0,51.22
2026-06-08 10:29:44,135.07,CALIBRATING,0.249,0.637,49.7,0.3,-2.6,0.00,100.0,0,0,0,44.58
2026-06-08 10:29:45,136.10,CALIBRATING,0.243,0.631,49.4,0.4,-3.4,0.00,100.0,0,0,0,44.81
2026-06-08 10:29:46,137.15,CALIBRATING,0.246,0.629,49.4,1.2,-3.0,0.00,100.0,0,0,0,44.14
2026-06-08 10:29:47,138.18,CALIBRATING,0.249,0.627,49.5,2.1,-2.9,0.00,100.0,0,0,0,45.00
2026-06-08 10:29:48,139.17,CALIBRATING,0.257,0.629,49.5,4.8,-2.9,0.00,100.0,0,0,0,45.69
2026-06-08 10:29:49,140.23,CALIBRATING,0.259,0.631,49.6,3.1,-4.1,0.00,100.0,0,0,0,49.77
2026-06-08 10:29:50,141.25,CALIBRATING,0.263,0.633,49.7,4.4,-3.8,0.00,100.0,0,0,0,53.05
2026-06-08 10:29:51,142.29,CALIBRATING,0.269,0.634,50.0,3.5,-4.4,0.00,100.0,0,0,0,53.01
2026-06-08 10:29:52,143.33,CALIBRATING,0.271,0.635,50.4,9.3,-1.7,0.00,100.0,0,0,0,53.23
2026-06-08 10:29:53,144.36,CALIBRATING,0.270,0.637,50.4,4.2,-0.8,0.00,100.0,0,0,0,50.05
2026-06-08 10:29:54,145.39,CALIBRATING,0.268,0.640,50.7,4.8,-2.0,0.00,100.0,0,0,0,49.70
2026-06-08 10:29:55,146.39,CALIBRATING,0.265,0.642,50.5,2.4,-2.0,0.00,100.0,0,0,0,49.24
2026-06-08 10:29:56,147.41,CALIBRATING,0.260,0.644,50.3,2.1,-1.6,0.00,100.0,0,0,0,48.82
2026-06-08 10:29:57,148.43,CALIBRATING,0.256,0.642,50.1,2.4,-2.0,0.00,100.0,0,0,0,49.39
2026-06-08 10:29:58,149.46,CALIBRATING,0.255,0.645,49.6,2.8,-0.8,0.00,100.0,0,0,0,49.77
2026-06-08 10:29:59,150.49,CALIBRATING,0.258,0.646,49.3,3.7,0.4,0.00,100.0,0,0,0,53.95
2026-06-08 10:30:00,151.53,CALIBRATING,0.260,0.647,49.0,4.3,-0.4,0.00,100.0,0,0,0,53.82
2026-06-08 10:30:01,152.56,CALIBRATING,0.264,0.646,48.9,4.0,-0.4,0.00,100.0,0,0,0,53.47
2026-06-08 10:30:02,153.56,CALIBRATING,0.266,0.646,48.8,4.0,0.0,0.00,100.0,0,0,0,49.18
2026-06-08 10:30:03,154.59,CALIBRATING,0.268,0.646,48.5,4.1,-0.8,0.00,100.0,0,0,0,47.91
2026-06-08 10:30:04,155.59,CALIBRATING,0.271,0.646,48.3,3.3,-1.2,0.00,100.0,0,0,0,46.75
2026-06-08 10:30:05,156.61,CALIBRATING,0.274,0.647,48.3,2.2,-0.8,0.00,100.0,0,0,0,47.32
2026-06-08 10:30:06,157.65,CALIBRATING,0.274,0.647,48.2,3.5,-0.4,0.00,100.0,0,0,0,48.36
2026-06-08 10:30:07,158.68,CALIBRATING,0.270,0.652,48.4,3.7,0.4,0.00,100.0,0,0,0,48.18
2026-06-08 10:30:08,159.69,CALIBRATING,0.271,0.661,48.9,24.2,12.2,0.00,100.0,0,0,0,46.47
2026-06-08 10:30:09,160.69,CALIBRATING,0.269,0.668,50.1,20.9,20.9,0.00,100.0,0,0,0,45.84
2026-06-08 10:30:10,161.71,CALIBRATING,0.268,0.671,51.4,22.2,22.1,0.00,100.0,0,0,0,45.53
2026-06-08 10:30:11,162.72,CALIBRATING,0.264,0.671,52.7,24.2,23.1,0.00,100.0,0,0,0,46.19
2026-06-08 10:30:12,163.72,CALIBRATING,0.259,0.676,53.8,23.9,22.3,0.00,100.0,0,0,0,45.46
2026-06-08 10:30:13,164.74,CALIBRATING,0.255,0.677,54.9,22.4,22.7,0.00,100.0,0,0,0,46.22
2026-06-08 10:30:14,165.76,CALIBRATING,0.251,0.677,55.5,23.4,22.3,0.00,100.0,0,0,0,45.21
2026-06-08 10:30:15,166.78,CALIBRATING,0.249,0.678,55.6,22.4,22.5,0.00,100.0,0,0,0,45.23
2026-06-08 10:30:16,167.80,CALIBRATING,0.244,0.675,55.6,22.2,22.1,0.00,100.0,0,0,0,44.69
2026-06-08 10:30:17,168.85,CALIBRATING,0.240,0.673,55.5,21.2,21.1,0.00,100.0,0,0,0,46.10
2026-06-08 10:30:19,169.89,CALIBRATING,0.239,0.659,55.3,17.8,21.3,0.00,100.0,0,0,0,49.47
2026-06-08 10:30:20,170.90,CALIBRATING,0.237,0.651,55.2,18.3,20.6,0.00,100.0,0,0,0,56.59
2026-06-08 10:30:21,171.95,CALIBRATING,0.240,0.649,55.2,16.1,19.9,0.00,100.0,0,0,0,60.04
2026-06-08 10:30:22,172.99,CALIBRATING,0.241,0.652,54.9,12.9,18.2,0.00,100.0,0,0,0,61.90
2026-06-08 10:30:23,174.03,CALIBRATING,0.246,0.647,54.5,10.3,14.8,0.00,100.0,0,0,0,62.92
2026-06-08 10:30:24,175.08,CALIBRATING,0.251,0.647,54.2,8.9,12.6,0.00,100.0,0,0,0,63.30
2026-06-08 10:30:25,176.11,CALIBRATING,0.258,0.645,54.0,6.0,7.4,0.00,100.0,0,0,0,63.89
2026-06-08 10:30:26,177.17,CALIBRATING,0.263,0.639,53.7,10.4,5.4,0.00,100.0,0,0,0,64.01
2026-06-08 10:30:27,178.20,ATTENTIVE,0.265,0.638,53.5,9.2,5.3,0.00,100.0,0,0,0,64.37
2026-06-08 10:30:28,179.25,ATTENTIVE,0.269,0.638,53.4,9.2,5.3,0.00,100.0,0,0,0,63.90
2026-06-08 10:30:29,180.29,ATTENTIVE,0.272,0.639,53.3,8.4,4.9,0.00,100.0,0,0,0,63.68
2026-06-08 10:30:30,181.31,ATTENTIVE,0.269,0.640,53.3,8.0,5.0,0.00,100.0,0,0,0,63.39
2026-06-08 10:30:31,182.34,ATTENTIVE,0.263,0.635,53.2,5.1,1.8,0.00,100.0,0,0,0,63.88
2026-06-08 10:30:32,183.35,ATTENTIVE,0.254,0.635,53.0,5.3,0.9,0.00,100.0,0,0,0,64.60
2026-06-08 10:30:33,184.39,ATTENTIVE,0.247,0.637,52.9,1.9,0.5,0.00,100.0,0,0,0,64.77
2026-06-08 10:30:34,185.42,ATTENTIVE,0.241,0.635,52.8,5.8,1.3,0.00,100.0,0,0,0,65.76
2026-06-08 10:30:35,186.43,ATTENTIVE,0.236,0.636,52.6,6.2,1.5,0.00,100.0,0,0,0,65.33
2026-06-08 10:30:36,187.48,ATTENTIVE,0.216,0.638,52.5,3.0,1.5,0.00,100.0,0,0,0,65.11
2026-06-08 10:30:37,188.49,ATTENTIVE,0.192,0.640,52.4,1.9,0.8,0.00,100.0,0,0,0,65.65
2026-06-08 10:30:38,189.51,ATTENTIVE,0.181,0.641,52.5,3.2,1.2,0.01,100.0,0,0,0,65.42
2026-06-08 10:30:39,190.54,ATTENTIVE,0.168,0.643,52.5,4.2,0.8,0.04,96.9,0,0,0,65.75
2026-06-08 10:30:40,191.54,ATTENTIVE,0.155,0.643,52.5,4.0,1.2,0.06,93.8,0,0,0,65.87
2026-06-08 10:30:41,192.58,ATTENTIVE,0.143,0.646,52.7,1.5,-0.4,0.09,90.7,0,0,0,66.44
2026-06-08 10:30:42,193.61,ATTENTIVE,0.128,0.640,52.7,3.1,0.0,0.11,87.5,0,0,0,66.48
2026-06-08 10:30:43,194.62,ATTENTIVE,0.131,0.638,52.7,3.2,-1.6,0.13,84.3,0,0,0,66.14
2026-06-08 10:30:44,195.63,ATTENTIVE,0.144,0.640,52.7,4.7,-0.8,0.15,81.1,0,0,0,66.27
2026-06-08 10:30:45,196.70,ATTENTIVE,0.157,0.635,53.0,11.2,1.9,0.17,77.9,0,0,0,66.69
2026-06-08 10:30:46,197.71,ATTENTIVE,0.170,0.636,52.8,8.5,-3.3,0.18,74.6,0,0,0,70.55
2026-06-08 10:30:47,198.76,ATTENTIVE,0.188,0.640,52.5,10.2,-2.1,0.20,71.3,0,0,0,70.55
2026-06-08 10:30:48,199.79,ATTENTIVE,0.204,0.637,52.2,-1.8,-2.2,0.17,71.0,1,0,0,70.97
2026-06-08 10:30:49,200.81,ATTENTIVE,0.217,0.633,51.9,1.0,-2.6,0.15,70.8,1,0,0,70.82
2026-06-08 10:30:50,201.85,ATTENTIVE,0.233,0.632,51.6,2.1,-2.3,0.13,71.4,1,0,0,69.86
2026-06-08 10:30:52,202.88,ATTENTIVE,0.234,0.630,50.7,2.6,0.0,0.12,72.0,1,0,0,69.73
2026-06-08 10:30:53,203.91,ATTENTIVE,0.236,0.632,50.7,-0.6,-0.8,0.11,72.6,1,0,0,69.09
2026-06-08 10:30:54,204.94,ATTENTIVE,0.232,0.631,50.7,0.8,0.0,0.09,73.2,1,0,0,69.11
2026-06-08 10:30:55,205.97,ATTENTIVE,0.221,0.625,50.7,0.9,-5.7,0.08,73.8,1,0,0,69.57
2026-06-08 10:30:56,206.96,ATTENTIVE,0.216,0.627,50.7,0.5,-6.8,0.08,74.4,1,0,0,66.17
2026-06-08 10:30:57,207.96,ATTENTIVE,0.211,0.626,50.7,-0.5,-5.4,0.07,75.0,1,0,0,65.98
2026-06-08 10:30:58,208.99,ATTENTIVE,0.199,0.617,50.9,0.5,-5.3,0.06,75.6,1,0,0,65.82
2026-06-08 10:30:59,210.00,ATTENTIVE,0.189,0.621,50.9,2.0,-4.6,0.06,76.2,1,0,0,65.71
2026-06-08 10:31:00,211.01,ATTENTIVE,0.175,0.623,51.0,1.8,-5.0,0.09,73.1,1,0,0,65.87
2026-06-08 10:31:01,212.06,ATTENTIVE,0.165,0.623,51.1,0.8,-5.7,0.11,69.9,1,0,0,66.34
2026-06-08 10:31:02,213.12,ATTENTIVE,0.168,0.625,51.2,-0.7,-5.8,0.13,66.7,1,0,0,66.86
2026-06-08 10:31:03,214.14,ATTENTIVE,0.170,0.628,51.2,-0.1,-5.5,0.15,63.5,1,0,0,70.74
2026-06-08 10:31:04,215.20,ATTENTIVE,0.164,0.631,51.3,1.0,-6.3,0.17,60.2,1,0,0,72.26
2026-06-08 10:31:05,216.21,ATTENTIVE,0.161,0.636,51.3,2.7,-6.3,0.19,56.9,1,0,0,73.09
2026-06-08 10:31:06,217.26,ATTENTIVE,0.168,0.639,51.1,5.7,-3.5,0.20,53.6,1,0,0,73.09
2026-06-08 10:31:07,218.31,ATTENTIVE,0.180,0.624,51.6,9.8,-16.5,0.22,50.3,1,0,0,72.73
2026-06-08 10:31:08,219.34,ATTENTIVE,0.189,0.623,51.3,6.6,-17.9,0.23,47.0,1,0,0,72.19
2026-06-08 10:31:09,220.36,ATTENTIVE,0.196,0.619,51.2,-1.7,-16.8,0.24,43.6,1,0,0,72.01
2026-06-08 10:31:10,221.41,FATIGUED,0.210,0.630,51.3,14.2,-6.5,0.21,43.3,2,0,0,72.98
2026-06-08 10:31:11,222.43,FATIGUED,0.226,0.640,51.4,18.9,-0.4,0.19,43.0,2,0,0,73.42
2026-06-08 10:31:12,223.45,FATIGUED,0.246,0.644,51.5,19.1,0.4,0.17,42.8,2,0,0,74.48
2026-06-08 10:31:13,224.46,FATIGUED,0.259,0.650,51.1,19.8,1.2,0.15,42.5,2,0,0,74.95
2026-06-08 10:31:14,225.50,FATIGUED,0.268,0.651,51.4,18.1,1.2,0.14,43.1,2,0,0,75.19
2026-06-08 10:31:15,226.56,FATIGUED,0.272,0.653,51.6,18.7,0.8,0.12,43.7,2,0,0,75.13
2026-06-08 10:31:16,227.63,FATIGUED,0.277,0.655,51.4,15.1,-0.4,0.11,44.3,2,0,0,75.58
2026-06-08 10:31:17,228.66,FATIGUED,0.284,0.675,51.3,14.5,0.4,0.10,44.9,2,0,0,75.45
2026-06-08 10:31:18,229.72,FATIGUED,0.268,0.682,51.5,16.3,0.4,0.10,45.5,2,0,0,75.29
2026-06-08 10:31:19,230.77,FATIGUED,0.262,0.688,51.6,15.8,0.0,0.09,46.1,2,0,0,75.38
2026-06-08 10:31:20,231.82,FATIGUED,0.255,0.681,51.6,14.6,-0.4,0.08,46.7,2,0,0,74.84
2026-06-08 10:31:22,232.90,FATIGUED,0.253,0.675,51.9,16.6,-1.2,0.08,47.3,2,0,0,74.91
2026-06-08 10:31:23,233.94,FATIGUED,0.249,0.669,52.1,14.8,-2.0,0.07,47.9,2,0,0,74.32
2026-06-08 10:31:24,234.98,ATTENTIVE,0.247,0.662,52.3,16.4,-2.0,0.07,48.5,2,0,0,74.31
2026-06-08 10:31:25,236.01,ATTENTIVE,0.247,0.662,52.3,16.4,-2.0,0.07,48.5,2,0,0,71.87
2026-06-08 10:31:26,237.07,ATTENTIVE,0.250,0.662,52.5,12.5,-2.0,0.07,49.1,2,0,0,71.98
2026-06-08 10:31:27,238.07,ATTENTIVE,0.250,0.662,52.5,12.5,-2.0,0.07,49.1,2,0,0,66.14
2026-06-08 10:31:28,239.13,ATTENTIVE,0.251,0.659,52.6,13.5,-2.0,0.06,49.7,2,0,0,66.49
2026-06-08 10:31:29,240.17,ATTENTIVE,0.251,0.659,52.6,13.5,-2.0,0.06,49.7,2,0,0,65.85
2026-06-08 10:31:30,241.23,ATTENTIVE,0.265,0.658,52.9,13.2,-2.4,0.06,50.3,2,0,0,65.86
2026-06-08 10:31:31,242.25,ATTENTIVE,0.265,0.658,52.9,13.2,-2.4,0.06,50.3,2,0,0,65.55
2026-06-08 10:31:32,243.29,ATTENTIVE,0.266,0.654,52.9,14.3,-2.9,0.06,50.9,2,0,0,65.10
2026-06-08 10:31:33,244.32,ATTENTIVE,0.266,0.654,52.9,14.3,-2.9,0.06,50.9,2,0,0,65.65
2026-06-08 10:31:34,245.34,ATTENTIVE,0.246,0.650,53.5,17.6,0.5,0.06,51.5,2,0,0,66.34
2026-06-08 10:31:35,246.37,ATTENTIVE,0.246,0.650,53.5,17.6,0.5,0.06,51.5,2,0,0,66.36
2026-06-08 10:31:36,247.39,ATTENTIVE,0.232,0.649,53.5,3.7,5.0,0.05,52.1,2,0,0,67.20
2026-06-08 10:31:37,248.42,ATTENTIVE,0.232,0.649,53.5,3.7,5.0,0.05,52.1,2,0,0,66.94
2026-06-08 10:31:38,249.47,ATTENTIVE,0.237,0.639,52.1,5.1,2.1,0.05,52.7,2,0,0,65.25
2026-06-08 10:31:39,250.47,ATTENTIVE,0.237,0.639,52.1,5.1,2.1,0.05,52.7,2,0,0,65.83
2026-06-08 10:31:40,251.53,ATTENTIVE,0.238,0.636,51.4,6.3,1.4,0.05,53.3,2,0,0,64.44
2026-06-08 10:31:41,252.56,ATTENTIVE,0.238,0.636,51.4,6.3,1.4,0.05,53.3,2,0,0,64.49
2026-06-08 10:31:42,253.58,ATTENTIVE,0.239,0.638,50.8,5.9,1.4,0.05,53.9,2,0,0,64.60
2026-06-08 10:31:43,254.64,ATTENTIVE,0.239,0.638,50.8,5.9,1.4,0.05,53.9,2,0,0,63.63
2026-06-08 10:31:44,255.70,ATTENTIVE,0.237,0.640,50.1,6.3,1.0,0.05,54.5,2,0,0,64.72
2026-06-08 10:31:45,256.72,ATTENTIVE,0.237,0.640,50.1,6.3,1.0,0.05,54.5,2,0,0,64.57
2026-06-08 10:31:46,257.73,ATTENTIVE,0.237,0.638,49.0,4.0,-0.4,0.05,55.1,2,0,0,64.47
2026-06-08 10:31:47,258.78,ATTENTIVE,0.237,0.638,49.0,4.0,-0.4,0.05,55.1,2,0,0,65.06
2026-06-08 10:31:48,259.80,ATTENTIVE,0.235,0.633,49.1,11.1,6.1,0.05,55.7,2,0,0,64.58
2026-06-08 10:31:49,260.83,ATTENTIVE,0.235,0.633,49.1,11.1,6.1,0.05,55.7,2,0,0,66.69
2026-06-08 10:31:50,261.83,ATTENTIVE,0.252,0.633,49.1,11.1,6.1,0.05,56.3,2,0,0,64.45
2026-06-08 10:31:52,262.89,ATTENTIVE,0.252,0.633,49.1,11.1,6.1,0.05,56.3,2,0,0,64.85
2026-06-08 10:31:53,263.91,ATTENTIVE,0.258,0.629,50.0,-0.3,2.4,0.05,56.9,2,0,0,65.63
2026-06-08 10:31:54,264.96,ATTENTIVE,0.258,0.629,50.0,-0.3,2.4,0.05,56.9,2,0,0,64.21
2026-06-08 10:31:55,265.99,ATTENTIVE,0.266,0.615,50.2,-0.7,2.4,0.05,57.5,2,0,0,66.79
2026-06-08 10:31:56,267.03,ATTENTIVE,0.266,0.615,50.2,-0.7,2.4,0.05,57.5,2,0,0,66.57
2026-06-08 10:31:57,268.08,ATTENTIVE,0.259,0.608,50.3,1.8,3.1,0.05,58.1,2,0,0,65.71
2026-06-08 10:31:58,269.14,ATTENTIVE,0.259,0.608,50.3,1.8,3.1,0.05,58.1,2,0,0,65.92
2026-06-08 10:31:59,270.19,ATTENTIVE,0.241,0.595,51.6,-8.6,18.7,0.04,58.7,2,0,0,66.31
2026-06-08 10:32:00,271.21,ATTENTIVE,0.241,0.595,51.6,-8.6,18.7,0.04,58.7,2,0,0,66.75
2026-06-08 10:32:01,272.24,ATTENTIVE,0.131,0.595,51.6,-8.6,18.7,0.06,59.3,2,0,0,63.32
2026-06-08 10:32:02,273.46,ATTENTIVE,0.241,0.598,50.8,-4.4,55.6,0.06,59.3,2,0,0,60.14
2026-06-08 10:32:03,274.33,ATTENTIVE,0.241,0.598,50.8,-4.4,55.6,0.06,59.9,2,0,0,63.10
2026-06-08 10:32:04,275.38,ATTENTIVE,0.279,0.598,50.8,-4.4,55.6,0.06,60.5,2,0,0,62.88
2026-06-08 10:32:05,276.43,ATTENTIVE,0.279,0.598,50.8,-4.4,55.6,0.06,60.5,2,0,0,62.79
2026-06-08 10:32:06,277.56,ATTENTIVE,0.240,0.601,51.4,29.7,30.3,0.06,61.1,2,0,0,63.42
2026-06-08 10:32:07,278.61,ATTENTIVE,0.240,0.601,51.4,29.7,30.3,0.06,61.1,2,0,0,63.41
2026-06-08 10:32:08,279.64,ATTENTIVE,0.239,0.603,52.5,31.4,27.1,0.05,61.7,2,0,0,66.03
2026-06-08 10:32:09,280.69,ATTENTIVE,0.239,0.603,52.5,31.4,27.1,0.05,61.7,2,0,0,66.23
2026-06-08 10:32:10,281.74,ATTENTIVE,0.239,0.603,53.7,23.5,26.7,0.05,62.3,2,0,0,65.88
2026-06-08 10:32:11,282.76,ATTENTIVE,0.239,0.603,53.7,23.5,26.7,0.05,62.3,2,0,0,66.40
2026-06-08 10:32:12,283.76,ATTENTIVE,0.243,0.599,53.2,14.7,17.0,0.05,62.9,2,0,0,67.01
2026-06-08 10:32:13,284.79,ATTENTIVE,0.243,0.599,53.2,14.7,17.0,0.05,62.9,2,0,0,66.85
2026-06-08 10:32:14,285.79,ATTENTIVE,0.251,0.609,52.5,21.7,6.9,0.05,63.5,2,0,0,67.00
2026-06-08 10:32:15,286.80,ATTENTIVE,0.251,0.609,52.5,21.7,6.9,0.05,63.5,2,0,0,66.57
2026-06-08 10:32:24,295.12,ATTENTIVE,0.283,0.609,52.5,21.7,6.9,0.05,63.5,2,0,0,38.64
2026-06-08 10:32:25,296.12,ATTENTIVE,0.283,0.609,52.5,21.7,6.9,0.05,64.1,2,0,0,44.61
2026-06-08 10:32:26,297.37,ATTENTIVE,0.252,0.610,53.6,9.0,-3.1,0.05,64.7,2,0,0,54.03
2026-06-08 10:32:27,298.39,ATTENTIVE,0.252,0.610,53.6,9.0,-3.1,0.05,64.7,2,0,0,60.34
2026-06-08 10:32:28,299.42,ATTENTIVE,0.239,0.610,53.6,9.0,-3.1,0.05,65.3,2,0,0,63.91
2026-06-08 10:32:29,300.44,ATTENTIVE,0.239,0.610,53.6,9.0,-3.1,0.05,65.3,2,0,0,63.94
2026-06-08 10:32:30,301.45,ATTENTIVE,0.272,0.633,52.3,9.8,4.9,0.04,65.9,2,0,0,64.01
2026-06-08 10:32:31,302.47,ATTENTIVE,0.272,0.633,52.3,9.8,4.9,0.04,65.9,2,0,0,63.69
2026-06-08 10:32:32,303.48,ATTENTIVE,0.268,0.641,51.3,9.6,3.9,0.04,66.5,2,0,0,66.83
2026-06-08 10:32:33,304.53,ATTENTIVE,0.268,0.641,51.3,9.6,3.9,0.04,66.5,2,0,0,66.88
2026-06-08 10:32:45,316.42,ATTENTIVE,0.271,0.662,50.9,10.2,-4.3,0.04,67.1,2,0,0,40.87
2026-06-08 10:32:46,317.25,ATTENTIVE,0.271,0.662,50.9,10.2,-4.3,0.04,67.7,2,0,0,47.55
2026-06-08 10:32:47,318.44,ATTENTIVE,0.265,0.660,50.7,13.9,-5.0,0.04,67.7,2,0,0,52.35
2026-06-08 10:32:48,319.33,ATTENTIVE,0.265,0.660,50.7,13.9,-5.0,0.04,68.3,2,0,0,61.32
2026-06-08 10:32:49,320.51,ATTENTIVE,0.253,0.666,51.2,17.6,-1.6,0.04,68.3,2,0,0,66.96
2026-06-08 10:32:50,321.40,ATTENTIVE,0.253,0.666,51.2,17.6,-1.6,0.04,68.9,2,0,0,68.34
2026-06-08 10:32:51,322.61,ATTENTIVE,0.247,0.664,51.4,9.7,-4.9,0.04,68.9,2,0,0,68.69
2026-06-08 10:32:52,323.45,ATTENTIVE,0.247,0.664,51.4,9.7,-4.9,0.04,69.5,2,0,0,68.26
2026-06-08 10:32:53,324.49,ATTENTIVE,0.247,0.664,51.4,9.7,-4.9,0.04,69.5,2,0,0,67.96
2026-06-08 10:32:54,325.51,ATTENTIVE,0.247,0.664,51.4,9.7,-4.9,0.04,69.5,2,0,0,66.33
2026-06-08 10:32:55,326.53,ATTENTIVE,0.250,0.670,51.4,6.9,-6.0,0.04,70.1,2,0,0,69.42
2026-06-08 10:32:56,327.53,ATTENTIVE,0.250,0.670,51.4,6.9,-6.0,0.04,70.1,2,0,0,66.24
2026-06-08 10:32:57,328.57,ATTENTIVE,0.250,0.670,51.4,6.9,-6.0,0.04,70.1,2,0,0,65.89
2026-06-08 10:32:58,329.58,ATTENTIVE,0.250,0.670,51.4,6.9,-6.0,0.04,70.1,2,0,0,64.65
2026-06-08 10:32:59,330.59,ATTENTIVE,0.247,0.659,52.1,11.2,1.2,0.04,70.7,2,0,0,64.04
2026-06-08 10:33:00,331.61,ATTENTIVE,0.247,0.659,52.1,11.2,1.2,0.04,70.7,2,0,0,64.31
2026-06-08 10:33:01,332.62,ATTENTIVE,0.247,0.659,52.1,11.2,1.2,0.04,70.7,2,0,0,63.87
2026-06-08 10:33:02,333.64,ATTENTIVE,0.247,0.659,52.1,11.2,1.2,0.04,70.7,2,0,0,63.79
2026-06-08 10:33:03,334.68,ATTENTIVE,0.249,0.660,52.4,9.1,0.0,0.04,71.3,2,0,0,62.76
2026-06-08 10:33:04,335.72,ATTENTIVE,0.249,0.660,52.4,9.1,0.0,0.04,71.3,2,0,0,61.92
2026-06-08 10:33:05,336.75,ATTENTIVE,0.249,0.660,52.4,9.1,0.0,0.04,71.3,2,0,0,61.25
2026-06-08 10:33:07,337.94,ATTENTIVE,0.241,0.649,52.0,6.7,-2.1,0.04,71.9,2,0,0,61.36
2026-06-08 10:33:08,338.97,ATTENTIVE,0.241,0.649,52.0,6.7,-2.1,0.04,71.9,2,0,0,61.71
2026-06-08 10:33:09,339.99,ATTENTIVE,0.241,0.649,52.0,6.7,-2.1,0.04,71.9,2,0,0,62.29
2026-06-08 10:33:10,341.02,ATTENTIVE,0.241,0.649,52.0,6.7,-2.1,0.04,71.9,2,0,0,62.24
2026-06-08 10:33:11,342.05,ATTENTIVE,0.233,0.651,51.0,1.3,-2.6,0.04,72.5,2,0,0,62.60
2026-06-08 10:33:12,343.10,ATTENTIVE,0.233,0.651,51.0,1.3,-2.6,0.04,72.5,2,0,0,62.53
2026-06-08 10:33:13,344.15,ATTENTIVE,0.233,0.651,51.0,1.3,-2.6,0.04,72.5,2,0,0,62.52
2026-06-08 10:33:14,345.19,ATTENTIVE,0.233,0.651,51.0,1.3,-2.6,0.04,72.5,2,0,0,62.41
2026-06-08 10:33:15,346.21,ATTENTIVE,0.237,0.651,51.0,3.7,-2.6,0.04,73.1,2,0,0,62.38
2026-06-08 10:33:16,347.25,ATTENTIVE,0.237,0.651,51.0,3.7,-2.6,0.04,73.1,2,0,0,61.97
2026-06-08 10:33:17,348.26,ATTENTIVE,0.237,0.651,51.0,3.7,-2.6,0.04,73.1,2,0,0,62.72
2026-06-08 10:33:18,349.30,ATTENTIVE,0.237,0.651,51.0,3.7,-2.6,0.04,73.1,2,0,0,62.77
2026-06-08 10:33:19,350.32,ATTENTIVE,0.235,0.651,50.9,5.5,-3.5,0.04,73.7,2,0,0,62.93
2026-06-08 10:33:20,351.35,ATTENTIVE,0.235,0.651,50.9,5.5,-3.5,0.04,73.7,2,0,0,63.28
2026-06-08 10:33:21,352.37,ATTENTIVE,0.235,0.651,50.9,5.5,-3.5,0.04,73.7,2,0,0,63.20
2026-06-08 10:33:22,353.39,ATTENTIVE,0.235,0.651,50.9,5.5,-3.5,0.04,73.7,2,0,0,64.15
2026-06-08 10:33:23,354.41,ATTENTIVE,0.232,0.651,50.3,8.4,-3.3,0.04,74.3,2,0,0,63.64
2026-06-08 10:33:24,355.46,ATTENTIVE,0.232,0.651,50.3,8.4,-3.3,0.04,74.3,2,0,0,63.35
2026-06-08 10:33:25,356.51,ATTENTIVE,0.232,0.651,50.3,8.4,-3.3,0.04,74.3,2,0,0,62.77
2026-06-08 10:33:26,357.52,ATTENTIVE,0.232,0.651,50.3,8.4,-3.3,0.04,74.3,2,0,0,62.78
2026-06-08 10:33:27,358.58,ATTENTIVE,0.213,0.651,50.3,8.4,-3.3,0.04,74.9,2,0,0,60.37
2026-06-08 10:33:28,359.63,ATTENTIVE,0.213,0.651,50.3,8.4,-3.3,0.04,74.9,2,0,0,60.53
2026-06-08 10:33:29,360.68,ATTENTIVE,0.213,0.651,50.3,8.4,-3.3,0.04,74.9,2,0,0,60.54
2026-06-08 10:33:30,361.71,ATTENTIVE,0.213,0.651,50.3,8.4,-3.3,0.04,74.9,2,0,0,59.66
2026-06-08 10:33:31,362.72,ATTENTIVE,0.225,0.646,50.5,21.4,14.2,0.04,75.5,2,0,0,63.35
2026-06-08 10:33:32,363.77,ATTENTIVE,0.225,0.646,50.5,21.4,14.2,0.04,75.5,2,0,0,63.44
2026-06-08 10:33:33,364.79,ATTENTIVE,0.225,0.646,50.5,21.4,14.2,0.04,75.5,2,0,0,63.87
2026-06-08 10:33:34,365.82,ATTENTIVE,0.225,0.646,50.5,21.4,14.2,0.04,75.5,2,0,0,64.83
2026-06-08 10:33:35,366.86,ATTENTIVE,0.219,0.640,51.4,-3.3,23.2,0.04,76.1,2,0,0,64.42
2026-06-08 10:33:37,367.88,ATTENTIVE,0.219,0.640,51.4,-3.3,23.2,0.04,76.1,2,0,0,65.31
2026-06-08 10:33:38,368.87,ATTENTIVE,0.219,0.640,51.4,-3.3,23.2,0.04,76.1,2,0,0,66.21
2026-06-08 10:33:39,369.91,ATTENTIVE,0.219,0.640,51.4,-3.3,23.2,0.04,76.1,2,0,0,65.37
2026-06-08 10:33:40,370.98,ATTENTIVE,0.220,0.635,52.1,-3.0,25.1,0.04,76.7,2,0,0,65.68
2026-06-08 10:33:41,371.99,ATTENTIVE,0.220,0.635,52.1,-3.0,25.1,0.04,76.7,2,0,0,64.75
2026-06-08 10:33:42,373.00,ATTENTIVE,0.220,0.635,52.1,-3.0,25.1,0.04,76.7,2,0,0,63.95
2026-06-08 10:33:43,374.01,ATTENTIVE,0.220,0.635,52.1,-3.0,25.1,0.04,76.7,2,0,0,60.08
2026-06-08 10:33:44,375.05,ATTENTIVE,0.228,0.652,51.5,11.3,19.9,0.04,77.3,2,0,0,64.00
2026-06-08 10:33:45,376.09,ATTENTIVE,0.228,0.652,51.5,11.3,19.9,0.04,77.3,2,0,0,64.38
2026-06-08 10:33:46,377.10,ATTENTIVE,0.228,0.652,51.5,11.3,19.9,0.04,77.3,2,0,0,64.42
2026-06-08 10:33:47,378.18,ATTENTIVE,0.237,0.652,51.5,11.3,19.9,0.04,77.9,2,0,0,62.44
2026-06-08 10:33:48,379.21,ATTENTIVE,0.237,0.652,51.5,11.3,19.9,0.04,77.9,2,0,0,62.39
2026-06-08 10:33:49,380.24,ATTENTIVE,0.237,0.652,51.5,11.3,19.9,0.04,77.9,2,0,0,63.86
2026-06-08 10:33:50,381.26,ATTENTIVE,0.237,0.652,51.5,11.3,19.9,0.04,77.9,2,0,0,64.65
2026-06-08 10:33:51,382.36,ATTENTIVE,0.231,0.645,51.4,-8.7,-0.4,0.04,78.5,2,0,0,67.78
2026-06-08 10:33:52,383.37,ATTENTIVE,0.231,0.645,51.4,-8.7,-0.4,0.04,78.5,2,0,0,68.60
2026-06-08 10:33:53,384.41,ATTENTIVE,0.231,0.645,51.4,-8.7,-0.4,0.04,78.5,2,0,0,66.34
2026-06-08 10:33:54,385.47,ATTENTIVE,0.231,0.645,51.4,-8.7,-0.4,0.04,78.5,2,0,0,66.98
2026-06-08 10:33:55,386.50,ATTENTIVE,0.234,0.639,50.5,6.0,-15.6,0.04,79.1,2,0,0,67.23
2026-06-08 10:33:56,387.56,ATTENTIVE,0.234,0.639,50.5,6.0,-15.6,0.04,79.1,2,0,0,66.88
2026-06-08 10:33:57,388.61,ATTENTIVE,0.234,0.639,50.5,6.0,-15.6,0.04,79.1,2,0,0,66.14
2026-06-08 10:33:58,389.68,ATTENTIVE,0.234,0.639,50.5,6.0,-15.6,0.04,79.1,2,0,0,66.06
2026-06-08 10:33:59,390.74,ATTENTIVE,0.261,0.639,50.5,6.0,-15.6,0.04,79.7,2,0,0,62.98
2026-06-08 10:41:27,7.43,CALIBRATING,0.000,0.000,0.0,0.0,0.0,0.40,100.0,0,0,0,95.86
2026-06-08 10:41:28,8.44,CALIBRATING,0.000,0.000,0.0,0.0,0.0,0.40,100.0,0,0,0,66.63
2026-06-08 10:41:29,9.49,CALIBRATING,0.000,0.000,0.0,0.0,0.0,0.40,100.0,0,0,0,56.36
2026-06-08 10:41:30,10.52,CALIBRATING,0.000,0.000,0.0,0.0,0.0,0.40,100.0,0,0,0,45.90
2026-06-08 10:41:32,12.80,CALIBRATING,0.239,0.610,50.9,6.5,-7.7,0.29,100.0,0,0,0,77.62
2026-06-08 10:41:34,14.04,CALIBRATING,0.239,0.610,50.9,6.5,-7.7,0.29,100.0,0,0,0,90.58
2026-06-08 10:41:35,15.09,CALIBRATING,0.239,0.610,50.9,6.5,-7.7,0.29,100.0,0,0,0,103.93
2026-06-08 10:41:36,16.12,CALIBRATING,0.239,0.610,50.9,6.5,-7.7,0.29,100.0,0,0,0,117.01
2026-06-08 10:41:37,17.28,CALIBRATING,0.239,0.610,50.9,6.5,-7.7,0.29,100.0,0,0,0,132.02
2026-06-08 10:41:38,18.44,CALIBRATING,0.162,0.555,51.6,-20.4,-7.9,0.30,100.0,0,0,0,146.95
2026-06-08 10:41:39,19.60,CALIBRATING,0.162,0.555,51.6,-20.4,-7.9,0.30,100.0,0,0,0,161.67
2026-06-08 10:41:40,20.62,CALIBRATING,0.162,0.555,51.6,-20.4,-7.9,0.30,100.0,0,0,0,174.60
2026-06-08 10:41:41,21.77,CALIBRATING,0.162,0.555,51.6,-20.4,-7.9,0.30,100.0,0,0,0,189.35
2026-06-08 10:41:42,22.93,CALIBRATING,0.162,0.555,51.6,-20.4,-7.9,0.30,100.0,0,0,0,203.85
2026-06-08 10:41:44,24.09,CALIBRATING,0.243,0.625,50.5,0.2,-1.2,0.29,100.0,1,0,0,218.59
2026-06-08 10:41:45,25.24,CALIBRATING,0.243,0.625,50.5,0.2,-1.2,0.29,100.0,1,0,0,195.09
2026-06-08 10:41:46,26.42,CALIBRATING,0.243,0.625,50.5,0.2,-1.2,0.29,100.0,1,0,0,193.56
2026-06-08 10:41:47,27.44,CALIBRATING,0.243,0.625,50.5,0.2,-1.2,0.29,100.0,1,0,0,193.45
2026-06-08 10:41:48,28.49,CALIBRATING,0.190,0.642,52.2,4.3,2.0,0.13,100.0,1,0,0,193.72
2026-06-08 10:41:49,29.55,CALIBRATING,0.190,0.642,52.2,4.3,2.0,0.13,100.0,1,0,0,195.70
2026-06-08 10:41:50,30.65,CALIBRATING,0.190,0.642,52.2,4.3,2.0,0.13,100.0,1,0,0,197.39
2026-06-08 10:41:51,31.75,CALIBRATING,0.190,0.642,52.2,4.3,2.0,0.13,100.0,1,0,0,200.12
2026-06-08 10:41:52,32.81,CALIBRATING,0.190,0.642,52.2,4.3,2.0,0.13,100.0,1,0,0,200.83
2026-06-08 10:41:53,33.88,ATTENTIVE,0.260,0.638,52.8,5.0,-0.8,0.09,100.0,1,0,0,202.44
2026-06-08 10:41:54,34.93,ATTENTIVE,0.260,0.638,52.8,5.0,-0.8,0.09,100.0,1,0,0,204.11
2026-06-08 10:41:55,35.97,ATTENTIVE,0.260,0.638,52.8,5.0,-0.8,0.09,100.0,1,0,0,205.07
2026-06-08 10:41:57,37.07,ATTENTIVE,0.274,0.643,52.9,4.8,-0.4,0.07,100.0,1,0,0,206.80
2026-06-08 10:41:58,38.13,ATTENTIVE,0.278,0.636,53.0,6.3,-0.8,0.07,100.0,1,0,0,208.31
2026-06-08 10:41:59,39.18,ATTENTIVE,0.278,0.636,53.0,6.3,-0.8,0.07,100.0,1,0,0,209.21
2026-06-08 10:42:00,40.24,ATTENTIVE,0.264,0.642,53.2,5.2,0.0,0.07,100.0,1,0,0,209.85
2026-06-08 10:42:01,41.31,ATTENTIVE,0.276,0.642,53.0,6.5,0.4,0.06,100.0,1,0,0,210.49
2026-06-08 10:42:02,42.40,ATTENTIVE,0.273,0.644,52.9,3.2,0.0,0.06,100.0,1,0,0,210.37
2026-06-08 10:42:03,43.54,ATTENTIVE,0.288,0.645,52.6,6.3,0.0,0.06,100.0,1,0,0,210.80
2026-06-08 10:42:04,44.56,ATTENTIVE,0.280,0.643,52.8,6.2,0.4,0.06,100.0,1,0,0,209.38
2026-06-08 10:42:05,45.62,ATTENTIVE,0.262,0.642,53.1,7.7,0.4,0.06,100.0,1,0,0,209.10
2026-06-08 10:42:06,46.68,ATTENTIVE,0.200,0.645,53.0,7.0,0.4,0.06,100.0,1,0,0,209.26
2026-06-08 10:42:07,47.73,ATTENTIVE,0.139,0.646,53.1,6.0,0.8,0.18,87.2,1,0,0,209.01
2026-06-08 10:42:08,48.80,FATIGUED,0.171,0.650,53.1,6.4,0.4,0.31,70.2,1,0,0,209.52
2026-06-08 10:42:09,49.71,FATIGUED,0.178,0.638,50.9,-11.8,-23.8,0.34,55.6,1,0,0,209.38
2026-06-08 10:42:11,51.01,FATIGUED,0.200,0.543,28.7,-13.9,-31.4,0.41,34.1,1,0,0,207.75
2026-06-08 10:42:12,52.04,FATIGUED,0.216,0.475,27.9,-12.9,-31.4,0.21,30.0,2,0,0,207.67
2026-06-08 10:42:13,53.12,FATIGUED,0.206,0.466,25.1,-12.1,-38.1,0.23,19.6,2,0,0,208.44
2026-06-08 10:42:14,54.16,FATIGUED,0.208,0.477,21.5,-13.2,-37.2,0.35,2.3,2,0,0,208.06
2026-06-08 10:42:15,55.18,MICROSLEEP,0.213,0.501,29.4,4.1,-33.6,0.40,0.0,2,0,0,207.10
2026-06-08 10:42:16,56.25,MICROSLEEP,0.250,0.571,45.7,7.5,-20.7,0.43,0.0,2,0,0,206.14
2026-06-08 10:42:17,57.33,MICROSLEEP,0.228,0.634,49.6,26.6,-14.1,0.44,0.0,2,0,0,207.36
2026-06-08 10:42:18,58.41,MICROSLEEP,0.218,0.713,50.3,21.1,-10.9,0.26,0.0,2,0,1,207.49
2026-06-08 10:42:19,59.36,MICROSLEEP,0.219,0.715,48.8,30.6,-13.0,0.15,0.0,2,0,0,208.29
2026-06-08 10:42:20,60.68,FATIGUED,0.231,0.657,50.8,16.1,5.1,0.10,0.0,2,0,0,206.23
2026-06-08 10:42:21,61.80,FATIGUED,0.249,0.666,54.7,10.3,4.9,0.08,0.0,2,0,0,207.47
2026-06-08 10:42:22,62.88,FATIGUED,0.263,0.638,53.7,10.5,2.8,0.07,3.0,2,0,0,209.69
2026-06-08 10:42:24,63.98,ATTENTIVE,0.282,0.627,53.3,9.3,2.4,0.07,6.0,2,0,0,210.67
2026-06-08 10:42:25,65.05,ATTENTIVE,0.294,0.626,52.8,7.5,2.4,0.06,9.0,2,0,0,211.38
2026-06-08 10:42:26,66.15,ATTENTIVE,0.277,0.647,52.7,4.8,-0.4,0.06,100.0,1,0,0,211.06
2026-06-08 10:42:27,67.25,ATTENTIVE,0.277,0.647,52.7,4.8,-0.4,0.06,100.0,1,0,0,211.69
2026-06-08 10:42:28,68.33,ATTENTIVE,0.277,0.647,52.7,4.8,-0.4,0.06,100.0,1,0,0,212.26
2026-06-08 10:42:29,69.49,ATTENTIVE,0.277,0.647,52.7,4.8,-0.4,0.06,100.0,1,0,0,212.80
2026-06-08 10:42:30,70.57,ATTENTIVE,0.277,0.647,52.7,4.8,-0.4,0.06,100.0,1,0,0,213.56
2026-06-08 10:42:31,71.65,ATTENTIVE,0.277,0.647,52.7,4.8,-0.4,0.06,100.0,1,0,0,213.44
2026-06-08 10:42:32,72.68,ATTENTIVE,0.194,0.641,52.1,7.4,6.3,0.04,27.6,2,0,0,215.03
2026-06-08 10:42:33,73.75,ATTENTIVE,0.194,0.641,52.1,7.4,6.3,0.04,27.6,2,0,0,214.76
2026-06-08 10:42:34,74.83,ATTENTIVE,0.194,0.641,52.1,7.4,6.3,0.04,27.6,2,0,0,213.65
2026-06-08 10:42:35,75.87,ATTENTIVE,0.194,0.641,52.1,7.4,6.3,0.04,27.6,2,0,0,213.39
2026-06-08 10:42:36,76.96,ATTENTIVE,0.194,0.641,52.1,7.4,6.3,0.04,27.6,2,0,0,213.01
2026-06-08 10:42:38,78.01,FATIGUED,0.120,0.629,53.7,8.7,3.7,0.30,10.1,2,0,0,212.73
2026-06-08 10:42:39,79.14,FATIGUED,0.120,0.629,53.7,8.7,3.7,0.30,10.1,2,0,0,210.04
2026-06-08 10:42:40,80.24,FATIGUED,0.120,0.629,53.7,8.7,3.7,0.30,10.1,2,0,0,210.66
2026-06-08 10:42:41,81.32,FATIGUED,0.120,0.629,53.7,8.7,3.7,0.30,10.1,2,0,0,210.36
2026-06-08 10:42:42,82.37,FATIGUED,0.120,0.629,53.7,8.7,3.7,0.30,10.1,2,0,0,209.34
2026-06-08 10:42:43,83.48,FATIGUED,0.120,0.629,53.7,8.7,3.7,0.30,10.1,2,0,0,209.70
2026-06-08 10:42:44,84.55,FATIGUED,0.207,0.845,27.3,9.2,42.2,0.48,0.0,3,0,0,209.58
2026-06-08 10:42:45,85.58,FATIGUED,0.207,0.845,27.3,9.2,42.2,0.48,0.0,3,0,0,209.72
2026-06-08 10:42:46,86.65,FATIGUED,0.207,0.845,27.3,9.2,42.2,0.48,0.0,3,0,0,209.53
2026-06-08 10:42:47,87.73,FATIGUED,0.207,0.845,27.3,9.2,42.2,0.48,0.0,3,0,1,209.58
2026-06-08 10:42:48,88.85,FATIGUED,0.207,0.845,27.3,9.2,42.2,0.48,0.0,3,0,0,210.70
2026-06-08 10:42:49,89.97,FATIGUED,0.207,0.845,27.3,9.2,42.2,0.48,0.0,3,0,0,211.40
2026-06-08 10:42:51,91.10,ATTENTIVE,0.268,0.789,52.8,11.2,0.7,0.11,1.8,3,1,0,212.33
2026-06-08 10:42:52,92.21,ATTENTIVE,0.268,0.789,52.8,11.2,0.7,0.11,1.8,3,1,0,215.94
2026-06-08 10:42:53,93.36,ATTENTIVE,0.268,0.789,52.8,11.2,0.7,0.11,1.8,3,1,0,216.42
2026-06-08 10:42:54,94.51,ATTENTIVE,0.268,0.789,52.8,11.2,0.7,0.11,1.8,3,1,0,217.48
2026-06-08 10:42:55,95.62,ATTENTIVE,0.268,0.789,52.8,11.2,0.7,0.11,1.8,3,1,0,218.39
2026-06-08 10:42:56,96.75,ATTENTIVE,0.249,0.616,54.7,7.2,-9.1,0.03,18.0,3,1,0,218.47
2026-06-08 10:42:57,97.92,ATTENTIVE,0.249,0.616,54.7,7.2,-9.1,0.03,18.0,3,1,0,219.56
2026-06-08 10:43:06,106.85,ATTENTIVE,0.259,0.601,54.2,7.6,-5.2,0.03,25.2,3,1,0,34.90
2026-06-08 10:43:07,107.94,ATTENTIVE,0.259,0.601,54.2,7.6,-5.2,0.03,25.2,3,1,0,49.68
2026-06-08 10:43:09,108.99,ATTENTIVE,0.259,0.601,54.2,7.6,-5.2,0.03,25.2,3,1,0,64.45
2026-06-08 10:43:10,110.05,ATTENTIVE,0.259,0.601,54.2,7.6,-5.2,0.03,25.2,3,1,0,79.14
2026-06-08 10:43:11,111.17,ATTENTIVE,0.259,0.601,54.2,7.6,-5.2,0.03,25.2,3,1,0,94.97
2026-06-08 10:43:12,112.29,ATTENTIVE,0.259,0.601,54.2,7.6,-5.2,0.03,25.2,3,1,0,109.77
2026-06-08 10:43:13,113.49,ATTENTIVE,0.259,0.601,54.2,7.6,-5.2,0.03,25.2,3,1,0,125.73
2026-06-08 10:43:14,114.56,ATTENTIVE,0.259,0.601,54.2,7.6,-5.2,0.03,25.2,3,1,0,141.05
2026-06-08 10:43:15,115.63,ATTENTIVE,0.259,0.601,54.2,7.6,-5.2,0.03,25.2,3,1,0,156.04
2026-06-08 10:43:16,116.73,ATTENTIVE,0.259,0.601,54.2,7.6,-5.2,0.03,25.2,3,1,0,170.73
2026-06-08 10:43:17,117.82,ATTENTIVE,0.265,0.606,53.9,2.7,-2.7,0.03,52.8,3,1,0,185.86
2026-06-08 10:43:18,118.87,ATTENTIVE,0.265,0.606,53.9,2.7,-2.7,0.03,52.8,3,1,0,200.74
2026-06-08 10:43:19,119.92,ATTENTIVE,0.265,0.606,53.9,2.7,-2.7,0.03,52.8,3,1,0,215.19
2026-06-08 10:43:21,120.99,ATTENTIVE,0.265,0.606,53.9,2.7,-2.7,0.03,52.8,3,1,0,214.90
2026-06-08 10:43:22,122.05,ATTENTIVE,0.265,0.606,53.9,2.7,-2.7,0.03,52.8,3,1,0,215.00
2026-06-08 10:43:23,123.12,ATTENTIVE,0.265,0.606,53.9,2.7,-2.7,0.03,52.8,3,1,0,215.07
2026-06-08 10:43:24,124.16,ATTENTIVE,0.265,0.606,53.9,2.7,-2.7,0.03,52.8,3,1,0,213.52
2026-06-08 10:43:25,125.21,ATTENTIVE,0.265,0.606,53.9,2.7,-2.7,0.03,52.8,3,1,0,213.12
2026-06-08 10:43:26,126.25,ATTENTIVE,0.265,0.606,53.9,2.7,-2.7,0.03,52.8,3,1,0,211.36
2026-06-08 10:43:27,127.29,DROWSY,0.215,0.698,41.7,5.7,22.0,0.33,0.0,4,1,0,210.57
2026-06-08 10:43:28,128.34,DROWSY,0.215,0.698,41.7,5.7,22.0,0.33,0.0,4,1,0,209.95
2026-06-08 10:43:29,129.38,DROWSY,0.215,0.698,41.7,5.7,22.0,0.33,0.0,4,1,0,208.85
2026-06-08 10:43:30,130.43,DROWSY,0.215,0.698,41.7,5.7,22.0,0.33,0.0,4,1,0,208.56
2026-06-08 10:43:31,131.55,DROWSY,0.215,0.698,41.7,5.7,22.0,0.33,0.0,4,1,0,209.12
2026-06-08 10:43:32,132.63,DROWSY,0.215,0.698,41.7,5.7,22.0,0.33,0.0,4,1,0,209.80
2026-06-08 10:43:33,133.71,DROWSY,0.215,0.698,41.7,5.7,22.0,0.33,0.0,4,1,0,210.23
2026-06-08 10:43:34,134.77,DROWSY,0.215,0.698,41.7,5.7,22.0,0.33,0.0,4,1,0,210.22
2026-06-08 10:43:35,135.91,DROWSY,0.215,0.698,41.7,5.7,22.0,0.33,0.0,4,1,0,211.35
2026-06-08 10:43:37,136.98,DROWSY,0.215,0.698,41.7,5.7,22.0,0.33,0.0,4,1,0,212.04
2026-06-08 10:43:37,137.91,FATIGUED,0.165,0.647,57.9,53.2,-18.4,0.19,0.0,4,1,0,198.33
2026-06-08 10:43:38,138.91,FATIGUED,0.165,0.647,57.9,53.2,-18.4,0.19,0.0,4,1,0,190.73
2026-06-08 10:43:40,139.97,FATIGUED,0.165,0.647,57.9,53.2,-18.4,0.19,0.0,4,1,0,155.99
2026-06-08 10:43:41,141.24,FATIGUED,0.165,0.647,57.9,53.2,-18.4,0.19,0.0,4,1,0,131.01
2026-06-08 10:43:42,142.36,FATIGUED,0.165,0.647,57.9,53.2,-18.4,0.19,0.0,4,1,0,131.46
2026-06-08 10:43:43,143.47,FATIGUED,0.165,0.647,57.9,53.2,-18.4,0.19,0.0,4,1,0,132.24
2026-06-08 10:43:44,144.60,FATIGUED,0.165,0.647,57.9,53.2,-18.4,0.19,0.0,4,1,0,132.53
2026-06-08 10:43:45,145.70,FATIGUED,0.165,0.647,57.9,53.2,-18.4,0.19,0.0,4,1,0,135.01
2026-06-08 10:43:46,146.82,FATIGUED,0.165,0.647,57.9,53.2,-18.4,0.19,0.0,4,1,0,145.28
2026-06-08 10:43:47,147.93,FATIGUED,0.223,0.693,52.5,10.9,13.8,0.07,0.0,5,1,0,155.49
2026-06-08 10:43:49,149.01,FATIGUED,0.223,0.693,52.5,10.9,13.8,0.07,0.0,5,1,0,161.94
2026-06-08 10:43:50,150.00,FATIGUED,0.223,0.693,52.5,10.9,13.8,0.07,0.0,5,1,0,174.24
2026-06-08 10:43:51,151.13,FATIGUED,0.223,0.693,52.5,10.9,13.8,0.07,0.0,5,1,0,187.39
2026-06-08 10:43:52,152.23,FATIGUED,0.223,0.693,52.5,10.9,13.8,0.07,0.0,5,1,0,199.97
2026-06-08 10:43:53,153.38,FATIGUED,0.223,0.693,52.5,10.9,13.8,0.07,0.0,5,1,0,212.77
2026-06-08 10:43:54,154.55,FATIGUED,0.223,0.693,52.5,10.9,13.8,0.07,0.0,5,1,0,226.56
2026-06-08 10:43:55,155.81,FATIGUED,0.223,0.693,52.5,10.9,13.8,0.07,0.0,5,1,0,229.28
2026-06-08 10:43:56,156.91,FATIGUED,0.223,0.693,52.5,10.9,13.8,0.07,0.0,5,1,0,229.56
2026-06-08 10:43:58,157.99,ATTENTIVE,0.258,0.651,55.1,11.2,3.3,0.06,21.0,5,1,0,228.89
2026-06-08 10:43:59,159.08,ATTENTIVE,0.258,0.651,55.1,11.2,3.3,0.06,21.0,5,1,0,228.33
2026-06-08 10:44:00,160.22,ATTENTIVE,0.258,0.651,55.1,11.2,3.3,0.06,21.0,5,1,0,228.42
2026-06-08 10:44:01,161.36,ATTENTIVE,0.258,0.651,55.1,11.2,3.3,0.06,21.0,5,1,0,228.89
2026-06-08 10:44:02,162.49,ATTENTIVE,0.258,0.651,55.1,11.2,3.3,0.06,21.0,5,1,0,228.36
2026-06-08 10:44:04,164.13,ATTENTIVE,0.195,0.648,56.3,7.9,2.3,0.03,35.4,5,1,0,113.83
2026-06-08 10:44:05,165.32,ATTENTIVE,0.195,0.648,56.3,7.9,2.3,0.03,35.4,5,1,0,115.13
2026-06-08 10:44:07,167.37,ATTENTIVE,0.205,0.648,55.9,12.9,3.2,0.02,40.2,5,1,0,63.93
2026-06-08 10:44:08,168.55,ATTENTIVE,0.205,0.648,55.9,12.9,3.2,0.02,40.2,5,1,0,79.18
2026-06-08 10:44:09,169.67,ATTENTIVE,0.205,0.648,55.9,12.9,3.2,0.02,40.2,5,1,0,94.64
2026-06-08 10:44:10,170.81,ATTENTIVE,0.205,0.648,55.9,12.9,3.2,0.02,40.2,5,1,0,110.43
2026-06-08 10:44:14,174.73,ATTENTIVE,0.213,0.659,55.5,13.1,6.3,0.02,50.4,5,1,0,39.67
2026-06-08 10:44:15,175.84,ATTENTIVE,0.213,0.659,55.5,13.1,6.3,0.02,50.4,5,1,0,53.93
2026-06-08 10:44:16,176.94,ATTENTIVE,0.213,0.659,55.5,13.1,6.3,0.02,50.4,5,1,0,69.31
2026-06-08 10:44:18,178.04,ATTENTIVE,0.213,0.659,55.5,13.1,6.3,0.02,50.4,5,1,0,84.15
2026-06-08 10:44:19,179.23,ATTENTIVE,0.213,0.659,55.5,13.1,6.3,0.02,50.4,5,1,0,100.23
2026-06-08 10:44:20,180.37,ATTENTIVE,0.213,0.659,55.5,13.1,6.3,0.02,50.4,5,1,0,115.83
2026-06-08 10:44:21,181.50,ATTENTIVE,0.213,0.659,55.5,13.1,6.3,0.02,50.4,5,1,0,130.51
2026-06-08 10:44:22,182.63,ATTENTIVE,0.213,0.659,55.5,13.1,6.3,0.02,50.4,5,1,0,146.12
2026-06-08 10:44:23,183.71,ATTENTIVE,0.213,0.659,55.5,13.1,6.3,0.02,50.4,5,1,0,160.37
2026-06-08 10:44:24,184.83,FATIGUED,0.204,0.488,32.2,-15.2,-33.1,0.34,32.1,5,1,0,175.87
2026-06-08 10:44:25,185.94,FATIGUED,0.204,0.488,32.2,-15.2,-33.1,0.34,32.1,5,1,0,191.44
2026-06-08 10:44:27,187.07,FATIGUED,0.204,0.488,32.2,-15.2,-33.1,0.34,32.1,5,1,0,206.76
2026-06-08 10:44:28,188.21,FATIGUED,0.204,0.488,32.2,-15.2,-33.1,0.34,32.1,5,1,1,222.67
2026-06-08 10:44:29,189.39,FATIGUED,0.204,0.488,32.2,-15.2,-33.1,0.34,32.1,5,1,0,223.55
2026-06-08 10:44:30,190.47,MICROSLEEP,0.268,0.658,53.1,14.5,9.0,0.19,0.0,5,1,0,224.47
2026-06-08 10:44:31,191.66,MICROSLEEP,0.268,0.658,53.1,14.5,9.0,0.19,0.0,5,1,0,225.08
2026-06-08 10:44:32,192.80,ATTENTIVE,0.261,0.673,51.8,16.5,10.4,0.05,6.6,5,1,0,224.84
2026-06-08 10:44:34,194.02,ATTENTIVE,0.241,0.661,51.8,15.5,11.2,0.03,9.6,5,1,0,225.25
2026-06-08 10:44:35,195.07,ATTENTIVE,0.183,0.654,48.3,-5.3,-39.6,0.02,13.2,5,1,0,222.84
2026-06-08 10:44:36,196.10,ATTENTIVE,0.142,0.610,31.1,-7.7,-51.1,0.05,17.4,5,1,0,213.84
2026-06-08 10:44:37,197.34,ATTENTIVE,0.167,0.605,28.8,-6.0,-43.2,0.09,19.1,5,1,0,198.92
2026-06-08 10:44:38,198.58,ATTENTIVE,0.182,0.570,31.8,-13.2,-30.0,0.15,8.4,5,1,0,185.97
2026-06-08 10:44:39,199.65,ATTENTIVE,0.206,0.536,34.8,-18.5,-36.5,0.27,0.0,6,1,0,188.73
2026-06-08 10:44:40,200.75,FATIGUED,0.196,0.464,37.5,-19.8,-37.6,0.36,0.0,6,1,0,187.71
2026-06-08 10:44:41,201.86,MICROSLEEP,0.182,0.489,40.2,-14.5,-33.2,0.41,0.0,6,1,0,186.61
2026-06-08 10:44:42,202.96,MICROSLEEP,0.151,0.573,54.4,11.2,8.5,0.57,0.0,6,1,0,186.19
2026-06-08 10:44:44,204.06,MICROSLEEP,0.164,0.644,56.8,6.4,8.3,0.59,0.0,6,1,0,185.62
2026-06-08 10:44:45,205.18,MICROSLEEP,0.190,0.648,56.9,1.3,6.6,0.51,0.0,6,1,1,184.06
2026-06-08 10:44:46,206.33,DROWSY,0.201,0.643,56.7,-1.2,5.4,0.37,0.0,7,1,0,187.20
2026-06-08 10:44:47,207.44,MICROSLEEP,0.268,0.658,53.1,14.5,9.0,0.19,0.0,5,1,0,190.67
2026-06-08 10:44:48,208.68,MICROSLEEP,0.268,0.658,53.1,14.5,9.0,0.19,0.0,5,1,0,201.07
2026-06-08 10:44:49,209.84,MICROSLEEP,0.268,0.658,53.1,14.5,9.0,0.19,0.0,5,1,0,210.63
2026-06-08 10:44:50,210.97,MICROSLEEP,0.268,0.658,53.1,14.5,9.0,0.19,0.0,5,1,0,216.51
2026-06-08 10:44:52,212.07,MICROSLEEP,0.268,0.658,53.1,14.5,9.0,0.19,0.0,5,1,0,224.10
2026-06-08 10:44:53,213.14,MICROSLEEP,0.268,0.658,53.1,14.5,9.0,0.19,0.0,5,1,0,220.22
2026-06-08 10:44:54,214.27,MICROSLEEP,0.268,0.658,53.1,14.5,9.0,0.19,0.0,5,1,0,220.72
2026-06-08 10:44:55,215.18,ATTENTIVE,0.139,0.623,48.9,1.2,-11.2,0.09,7.5,7,1,0,205.21
2026-06-08 10:44:56,216.23,ATTENTIVE,0.139,0.623,48.9,1.2,-11.2,0.09,7.5,7,1,0,163.13
2026-06-08 10:44:57,217.25,ATTENTIVE,0.139,0.623,48.9,1.2,-11.2,0.09,7.5,7,1,0,120.54
2026-06-08 10:44:58,218.30,ATTENTIVE,0.139,0.623,48.9,1.2,-11.2,0.09,7.5,7,1,0,79.13
2026-06-08 10:44:59,219.33,ATTENTIVE,0.139,0.623,48.9,1.2,-11.2,0.09,7.5,7,1,0,63.16
2026-06-08 10:45:00,220.38,ATTENTIVE,0.139,0.623,48.9,1.2,-11.2,0.09,7.5,7,1,0,62.25
2026-06-08 10:45:01,221.57,ATTENTIVE,0.139,0.623,48.9,1.2,-11.2,0.09,7.5,7,1,0,62.05
2026-06-08 10:45:02,222.63,ATTENTIVE,0.139,0.623,48.9,1.2,-11.2,0.09,7.5,7,1,0,74.46
2026-06-08 10:45:03,223.73,FATIGUED,0.246,0.707,41.3,22.5,52.2,0.09,0.0,7,1,0,87.34
2026-06-08 10:45:04,224.81,FATIGUED,0.246,0.707,41.3,22.5,52.2,0.09,0.0,7,1,0,99.96
2026-06-08 10:45:05,225.89,FATIGUED,0.246,0.707,41.3,22.5,52.2,0.09,0.0,7,1,0,112.45
2026-06-08 10:45:06,226.96,FATIGUED,0.246,0.707,41.3,22.5,52.2,0.09,0.0,7,1,0,125.20
2026-06-08 10:45:08,228.04,FATIGUED,0.246,0.707,41.3,22.5,52.2,0.09,0.0,7,1,0,137.75
2026-06-08 10:45:09,229.14,FATIGUED,0.246,0.707,41.3,22.5,52.2,0.09,0.0,7,1,0,150.92
2026-06-08 10:45:10,230.27,FATIGUED,0.246,0.707,41.3,22.5,52.2,0.09,0.0,7,1,0,164.49
2026-06-08 10:45:11,231.34,FATIGUED,0.213,0.628,50.1,0.4,-8.8,0.05,5.4,7,1,0,177.59
2026-06-08 10:45:12,232.33,FATIGUED,0.213,0.628,50.1,0.4,-8.8,0.05,5.4,7,1,0,190.03
2026-06-08 10:45:13,233.61,FATIGUED,0.213,0.628,50.1,0.4,-8.8,0.05,5.4,7,1,0,205.71
2026-06-08 10:45:14,234.91,FATIGUED,0.213,0.628,50.1,0.4,-8.8,0.05,5.4,7,1,0,223.27
2026-06-08 10:45:16,236.19,FATIGUED,0.213,0.628,50.1,0.4,-8.8,0.05,5.4,7,1,0,239.92
2026-06-08 10:45:17,237.52,FATIGUED,0.213,0.628,50.1,0.4,-8.8,0.05,5.4,7,1,0,246.90
2026-06-08 10:45:18,238.52,FATIGUED,0.213,0.628,50.1,0.4,-8.8,0.05,5.4,7,1,0,253.48
2026-06-08 10:45:19,239.63,ATTENTIVE,0.213,0.593,51.6,-3.6,8.2,0.04,21.6,7,1,0,257.63
2026-06-08 10:45:20,240.79,ATTENTIVE,0.213,0.593,51.6,-3.6,8.2,0.04,21.6,7,1,0,259.46
2026-06-08 10:45:22,242.07,ATTENTIVE,0.213,0.593,51.6,-3.6,8.2,0.04,21.6,7,1,0,261.39
2026-06-08 10:45:23,243.21,ATTENTIVE,0.213,0.593,51.6,-3.6,8.2,0.04,21.6,7,1,0,265.73
2026-06-08 10:45:24,244.51,ATTENTIVE,0.213,0.593,51.6,-3.6,8.2,0.04,21.6,7,1,0,267.29
2026-06-08 10:45:25,245.90,ATTENTIVE,0.243,0.596,54.1,-6.7,-0.5,0.04,32.4,7,1,0,278.84
2026-06-08 10:45:27,247.31,ATTENTIVE,0.243,0.596,54.1,-6.7,-0.5,0.04,32.4,7,1,0,291.10
2026-06-08 10:45:28,248.70,ATTENTIVE,0.243,0.596,54.1,-6.7,-0.5,0.04,32.4,7,1,0,303.70
2026-06-08 10:45:30,250.12,ATTENTIVE,0.209,0.617,48.9,5.6,-4.7,0.03,39.0,7,1,0,314.72
2026-06-08 10:45:31,251.54,ATTENTIVE,0.209,0.617,48.9,5.6,-4.7,0.03,39.0,7,1,0,326.02
2026-06-08 10:45:33,252.99,ATTENTIVE,0.209,0.617,48.9,5.6,-4.7,0.03,39.0,7,1,0,336.18
2026-06-08 10:45:34,254.41,ATTENTIVE,0.209,0.617,48.9,5.6,-4.7,0.03,39.0,7,1,0,347.37
2026-06-08 10:45:35,255.83,ATTENTIVE,0.203,0.637,47.8,0.6,-5.2,0.13,24.9,8,1,0,354.83
2026-06-08 10:45:37,257.23,ATTENTIVE,0.203,0.637,47.8,0.6,-5.2,0.13,24.9,8,1,0,362.31
2026-06-08 10:45:38,258.69,ATTENTIVE,0.203,0.637,47.8,0.6,-5.2,0.13,24.9,8,1,0,370.05
2026-06-08 10:45:40,260.14,ATTENTIVE,0.203,0.637,47.8,0.6,-5.2,0.13,24.9,8,1,0,377.24
2026-06-08 10:45:41,261.19,FATIGUED,0.175,0.648,48.2,3.4,-4.4,0.33,0.0,8,1,0,382.98
2026-06-08 10:45:42,262.16,FATIGUED,0.175,0.648,48.2,3.4,-4.4,0.33,0.0,8,1,0,388.25
2026-06-08 10:45:43,263.64,FATIGUED,0.175,0.648,48.2,3.4,-4.4,0.33,0.0,8,1,0,396.04
2026-06-08 10:45:45,265.08,FATIGUED,0.175,0.648,48.2,3.4,-4.4,0.33,0.0,8,1,0,406.21
2026-06-08 10:45:46,266.46,DROWSY,0.187,0.653,48.2,6.1,-0.8,0.42,0.0,8,1,1,417.03
2026-06-08 10:45:47,267.93,DROWSY,0.187,0.653,48.2,6.1,-0.8,0.42,0.0,8,1,1,429.42
2026-06-08 10:45:49,269.20,DROWSY,0.187,0.653,48.2,6.1,-0.8,0.42,0.0,8,1,1,439.10
2026-06-08 10:45:50,270.55,DROWSY,0.187,0.653,48.2,6.1,-0.8,0.42,0.0,8,1,1,446.09
2026-06-08 10:45:52,271.97,MICROSLEEP,0.174,0.665,48.0,4.0,-2.8,0.45,0.0,8,1,1,455.80
2026-06-08 10:45:53,273.39,MICROSLEEP,0.174,0.665,48.0,4.0,-2.8,0.45,0.0,8,1,1,465.12
2026-06-08 10:45:54,274.72,MICROSLEEP,0.174,0.665,48.0,4.0,-2.8,0.45,0.0,8,1,1,463.74
2026-06-08 10:45:56,276.08,MICROSLEEP,0.234,0.652,48.7,2.5,-3.3,0.32,0.0,9,1,0,462.91
2026-06-08 10:45:57,277.50,MICROSLEEP,0.234,0.652,48.7,2.5,-3.3,0.32,0.0,9,1,0,463.15
2026-06-08 10:45:58,278.56,MICROSLEEP,0.234,0.652,48.7,2.5,-3.3,0.32,0.0,9,1,0,466.46
2026-06-08 10:45:59,279.93,MICROSLEEP,0.234,0.652,48.7,2.5,-3.3,0.32,0.0,9,1,0,464.47
2026-06-08 10:46:01,281.23,FATIGUED,0.213,0.647,48.9,3.5,-2.8,0.12,2.4,9,1,0,462.41
2026-06-08 10:46:02,282.57,FATIGUED,0.213,0.647,48.9,3.5,-2.8,0.12,2.4,9,1,0,460.59
2026-06-08 10:46:03,283.30,FATIGUED,0.213,0.647,48.9,3.5,-2.8,0.12,2.4,9,1,0,454.39
2026-06-08 10:46:05,284.97,FATIGUED,0.213,0.647,48.9,3.5,-2.8,0.12,2.4,9,1,0,421.19
2026-06-08 10:46:06,286.29,ATTENTIVE,0.195,0.644,49.1,-6.9,17.1,0.26,0.0,9,1,0,418.96
2026-06-08 10:46:07,287.66,ATTENTIVE,0.195,0.644,49.1,-6.9,17.1,0.26,0.0,9,1,0,416.26
2026-06-08 10:46:08,288.70,ATTENTIVE,0.195,0.644,49.1,-6.9,17.1,0.26,0.0,9,1,0,409.53
2026-06-08 10:46:09,289.73,ATTENTIVE,0.195,0.644,49.1,-6.9,17.1,0.26,0.0,9,1,0,402.88
2026-06-08 10:46:11,291.30,FATIGUED,0.176,0.661,51.7,28.9,23.6,0.21,0.0,10,1,0,405.19
2026-06-08 10:46:12,292.59,FATIGUED,0.176,0.661,51.7,28.9,23.6,0.21,0.0,10,1,0,402.27
2026-06-08 10:46:13,293.91,FATIGUED,0.176,0.661,51.7,28.9,23.6,0.21,0.0,10,1,0,401.80
2026-06-08 10:46:15,295.22,FATIGUED,0.176,0.661,51.7,28.9,23.6,0.21,0.0,10,1,0,402.01
2026-06-08 10:46:16,296.54,FATIGUED,0.177,0.662,50.2,6.2,1.2,0.46,0.0,10,1,0,400.59
2026-06-08 10:46:17,297.92,FATIGUED,0.177,0.662,50.2,6.2,1.2,0.46,0.0,10,1,0,398.95
2026-06-08 10:46:19,299.31,FATIGUED,0.177,0.662,50.2,6.2,1.2,0.46,0.0,10,1,0,399.96
2026-06-08 10:46:20,300.74,FATIGUED,0.177,0.662,50.2,6.2,1.2,0.46,0.0,10,1,0,400.60
2026-06-08 10:46:22,302.04,MICROSLEEP,0.166,0.660,49.6,4.5,1.1,0.52,0.0,10,1,1,399.87
2026-06-08 10:46:23,303.40,MICROSLEEP,0.166,0.660,49.6,4.5,1.1,0.52,0.0,10,1,1,395.62
2026-06-08 10:46:24,304.73,MICROSLEEP,0.166,0.660,49.6,4.5,1.1,0.52,0.0,10,1,1,395.95
2026-06-08 10:46:26,306.05,MICROSLEEP,0.166,0.660,49.6,4.5,1.1,0.52,0.0,10,1,0,396.09
2026-06-08 10:46:27,307.43,MICROSLEEP,0.218,0.649,53.6,-2.5,-3.9,0.32,0.0,11,1,0,396.48
2026-06-08 10:46:28,308.80,MICROSLEEP,0.218,0.649,53.6,-2.5,-3.9,0.32,0.0,11,1,0,406.95
2026-06-08 10:46:30,310.15,MICROSLEEP,0.218,0.649,53.6,-2.5,-3.9,0.32,0.0,11,1,0,422.11
2026-06-08 10:46:31,311.52,MICROSLEEP,0.218,0.649,53.6,-2.5,-3.9,0.32,0.0,11,1,0,432.76
2026-06-08 10:46:32,312.92,FATIGUED,0.240,0.678,50.7,8.4,26.0,0.18,0.0,11,1,0,433.28
2026-06-08 10:46:34,314.25,FATIGUED,0.240,0.678,50.7,8.4,26.0,0.18,0.0,11,1,0,433.23
2026-06-08 10:46:35,315.60,FATIGUED,0.240,0.678,50.7,8.4,26.0,0.18,0.0,11,1,0,437.55
2026-06-08 10:46:37,316.98,FATIGUED,0.240,0.678,50.7,8.4,26.0,0.18,0.0,11,1,0,442.78
2026-06-08 10:46:38,318.40,FATIGUED,0.209,0.750,47.7,18.7,7.1,0.32,0.0,12,1,0,440.75
2026-06-08 10:46:39,319.84,FATIGUED,0.209,0.750,47.7,18.7,7.1,0.32,0.0,12,1,0,442.95
2026-06-08 10:46:41,321.23,FATIGUED,0.209,0.750,47.7,18.7,7.1,0.32,0.0,12,1,0,444.96
2026-06-08 10:46:42,322.57,FATIGUED,0.210,0.672,47.3,15.6,2.4,0.19,0.0,12,1,0,445.20
2026-06-08 10:46:43,323.88,FATIGUED,0.210,0.672,47.3,15.6,2.4,0.19,0.0,12,1,0,446.01
2026-06-08 10:46:45,325.25,FATIGUED,0.210,0.672,47.3,15.6,2.4,0.19,0.0,12,1,0,445.57
2026-06-08 10:46:46,326.62,FATIGUED,0.210,0.672,47.3,15.6,2.4,0.19,0.0,12,1,0,445.40
2026-06-08 10:46:48,327.99,FATIGUED,0.158,0.697,45.7,12.3,-1.2,0.42,0.0,12,1,0,444.61
2026-06-08 10:46:49,329.39,FATIGUED,0.158,0.697,45.7,12.3,-1.2,0.42,0.0,12,1,0,445.71
2026-06-08 10:46:50,330.73,FATIGUED,0.158,0.697,45.7,12.3,-1.2,0.42,0.0,12,1,0,446.34
2026-06-08 10:46:52,332.10,FATIGUED,0.158,0.697,45.7,12.3,-1.2,0.42,0.0,12,1,0,446.60
2026-06-08 10:46:53,333.53,DROWSY,0.158,0.689,45.1,8.7,-2.8,0.54,0.0,12,1,0,448.16
2026-06-08 10:46:54,334.92,DROWSY,0.158,0.689,45.1,8.7,-2.8,0.54,0.0,12,1,1,449.20
2026-06-08 10:46:56,336.32,DROWSY,0.158,0.689,45.1,8.7,-2.8,0.54,0.0,12,1,1,449.66
2026-06-08 10:46:57,337.67,DROWSY,0.158,0.689,45.1,8.7,-2.8,0.54,0.0,12,1,1,449.94
2026-06-08 10:46:59,338.99,MICROSLEEP,0.193,0.658,47.5,13.8,-1.3,0.56,0.0,12,1,1,449.17
2026-06-08 10:47:00,340.28,MICROSLEEP,0.193,0.658,47.5,13.8,-1.3,0.56,0.0,12,1,1,447.83
2026-06-08 10:47:01,341.63,MICROSLEEP,0.193,0.658,47.5,13.8,-1.3,0.56,0.0,12,1,1,447.38
2026-06-08 10:47:03,343.00,MICROSLEEP,0.193,0.658,47.5,13.8,-1.3,0.56,0.0,12,1,1,448.23
2026-06-08 10:47:04,344.34,MICROSLEEP,0.157,0.659,42.3,3.9,-3.6,0.56,0.0,12,1,1,447.92
2026-06-08 10:47:05,345.77,MICROSLEEP,0.157,0.659,42.3,3.9,-3.6,0.56,0.0,12,1,1,447.44
2026-06-08 10:47:07,347.16,MICROSLEEP,0.157,0.659,42.3,3.9,-3.6,0.56,0.0,12,1,1,446.78
2026-06-08 10:47:08,348.53,MICROSLEEP,0.196,0.641,48.8,8.3,5.6,0.57,0.0,12,1,1,446.45
2026-06-08 10:47:09,349.87,MICROSLEEP,0.196,0.641,48.8,8.3,5.6,0.57,0.0,12,1,0,446.99
2026-06-08 10:47:11,351.19,MICROSLEEP,0.196,0.641,48.8,8.3,5.6,0.57,0.0,12,1,0,446.16
2026-06-08 10:47:12,352.51,MICROSLEEP,0.196,0.641,48.8,8.3,5.6,0.57,0.0,12,1,0,445.69
2026-06-08 10:51:29,16.72,CALIBRATING,0.000,0.000,0.0,0.0,0.0,0.40,100.0,0,0,0,36.16
2026-06-08 10:51:30,17.75,CALIBRATING,0.000,0.000,0.0,0.0,0.0,0.40,100.0,0,0,0,41.08
2026-06-08 10:51:31,18.78,CALIBRATING,0.000,0.000,0.0,0.0,0.0,0.40,100.0,0,0,0,45.21
2026-06-08 10:51:32,19.80,CALIBRATING,0.000,0.000,0.0,0.0,0.0,0.40,100.0,0,0,0,49.04
2026-06-08 10:51:33,20.84,CALIBRATING,0.000,0.000,0.0,0.0,0.0,0.40,100.0,0,0,0,49.05
2026-06-08 10:51:34,21.84,CALIBRATING,0.000,0.000,0.0,0.0,0.0,0.40,100.0,0,0,0,48.12
2026-06-08 10:51:35,22.84,CALIBRATING,0.000,0.000,0.0,0.0,0.0,0.40,100.0,0,0,0,47.24
2026-06-08 10:51:36,23.90,CALIBRATING,0.000,0.000,0.0,0.0,0.0,0.40,100.0,0,0,0,47.09
2026-06-08 10:51:37,24.90,CALIBRATING,0.000,0.000,0.0,0.0,0.0,0.40,100.0,0,0,0,47.66
2026-06-08 10:51:38,25.93,CALIBRATING,0.000,0.000,0.0,0.0,0.0,0.40,100.0,0,0,0,48.47
2026-06-08 10:51:39,26.98,CALIBRATING,0.000,0.000,0.0,0.0,0.0,0.40,100.0,0,0,0,46.86
2026-06-08 10:51:40,27.99,CALIBRATING,0.000,0.000,0.0,0.0,0.0,0.40,100.0,0,0,0,44.83
2026-06-08 10:51:41,29.03,CALIBRATING,0.000,0.000,0.0,0.0,0.0,0.40,100.0,0,0,0,43.68
2026-06-08 10:51:42,30.06,CALIBRATING,0.000,0.000,0.0,0.0,0.0,0.40,100.0,0,0,0,44.20
2026-06-08 10:51:43,31.06,CALIBRATING,0.000,0.000,0.0,0.0,0.0,0.40,100.0,0,0,0,43.92
2026-06-08 10:51:44,32.10,CALIBRATING,0.000,0.000,0.0,0.0,0.0,0.40,100.0,0,0,0,43.23
2026-06-08 10:51:45,33.14,CALIBRATING,0.000,0.000,0.0,0.0,0.0,0.40,100.0,0,0,0,43.58
2026-06-08 10:51:46,34.16,CALIBRATING,0.000,0.000,0.0,0.0,0.0,0.40,100.0,0,0,0,44.97
2026-06-08 10:51:47,35.17,CALIBRATING,0.000,0.000,0.0,0.0,0.0,0.40,100.0,0,0,0,47.61
2026-06-08 10:51:48,36.19,CALIBRATING,0.000,0.000,0.0,0.0,0.0,0.40,100.0,0,0,0,49.74
2026-06-08 10:51:51,38.85,CALIBRATING,0.218,0.635,50.9,2.6,-6.2,0.21,100.0,1,0,0,84.05
2026-06-08 10:51:52,39.89,CALIBRATING,0.218,0.635,50.9,2.6,-6.2,0.21,100.0,1,0,0,84.13
2026-06-08 10:51:53,40.92,CALIBRATING,0.218,0.635,50.9,2.6,-6.2,0.21,100.0,1,0,0,83.95
2026-06-08 10:51:54,42.11,ATTENTIVE,0.224,0.615,51.7,-3.3,-8.8,0.07,100.0,1,0,0,83.22
2026-06-08 10:51:55,42.99,ATTENTIVE,0.224,0.615,51.7,-3.3,-8.8,0.07,100.0,1,0,0,57.78
2026-06-08 10:51:56,44.00,ATTENTIVE,0.224,0.615,51.7,-3.3,-8.8,0.07,100.0,1,0,0,61.20
2026-06-08 10:51:57,45.06,ATTENTIVE,0.224,0.615,51.7,-3.3,-8.8,0.07,100.0,1,0,0,65.31
2026-06-08 10:51:58,46.09,ATTENTIVE,0.224,0.615,51.7,-3.3,-8.8,0.07,100.0,1,0,0,69.08
2026-06-08 10:52:00,47.20,ATTENTIVE,0.202,0.597,51.9,-3.6,-9.0,0.03,100.0,1,0,0,69.58
2026-06-08 10:52:01,48.24,ATTENTIVE,0.202,0.597,51.9,-3.6,-9.0,0.03,100.0,1,0,0,69.15
2026-06-08 10:52:02,49.28,ATTENTIVE,0.202,0.597,51.9,-3.6,-9.0,0.03,100.0,1,0,0,68.66
2026-06-08 10:52:03,50.31,ATTENTIVE,0.202,0.597,51.9,-3.6,-9.0,0.03,100.0,1,0,0,68.77
2026-06-08 10:52:04,51.36,ATTENTIVE,0.202,0.597,51.9,-3.6,-9.0,0.03,100.0,1,0,0,66.49
2026-06-08 10:52:05,52.38,ATTENTIVE,0.236,0.631,54.5,5.3,-3.2,0.00,100.0,1,0,0,70.50
2026-06-08 10:52:06,53.46,ATTENTIVE,0.236,0.631,54.5,5.3,-3.2,0.00,100.0,1,0,0,70.90
2026-06-08 10:52:07,54.48,ATTENTIVE,0.236,0.631,54.5,5.3,-3.2,0.00,100.0,1,0,0,71.26
2026-06-08 10:52:08,55.48,ATTENTIVE,0.236,0.631,54.5,5.3,-3.2,0.00,100.0,1,0,0,70.97
2026-06-08 10:52:09,56.51,ATTENTIVE,0.236,0.631,54.5,5.3,-3.2,0.00,100.0,1,0,0,67.61
2026-06-08 10:52:10,57.53,ATTENTIVE,0.236,0.631,54.5,5.3,-3.2,0.00,100.0,1,0,0,67.48
2026-06-08 10:52:11,58.56,ATTENTIVE,0.236,0.631,54.5,5.3,-3.2,0.00,100.0,1,0,0,66.53
2026-06-08 10:52:12,59.62,FATIGUED,0.221,0.712,44.8,11.6,41.1,0.07,0.0,2,0,0,69.56
2026-06-08 10:52:13,60.65,FATIGUED,0.221,0.712,44.8,11.6,41.1,0.07,0.0,2,0,0,69.62
2026-06-08 10:52:14,61.70,FATIGUED,0.221,0.712,44.8,11.6,41.1,0.07,0.0,2,0,0,70.17
2026-06-08 10:52:15,62.76,FATIGUED,0.221,0.712,44.8,11.6,41.1,0.07,0.0,2,0,0,70.39
2026-06-08 10:52:16,63.80,ATTENTIVE,0.231,0.639,55.8,13.7,-2.4,0.06,18.6,2,0,0,69.90
2026-06-08 10:52:17,65.10,ATTENTIVE,0.235,0.653,55.6,12.7,-2.9,0.05,24.0,2,0,0,79.59
2026-06-08 10:52:18,66.19,ATTENTIVE,0.228,0.650,55.3,14.4,-2.8,0.05,27.0,2,0,0,92.19
2026-06-08 10:52:20,67.30,ATTENTIVE,0.214,0.646,52.2,5.9,0.7,0.05,30.0,2,0,0,105.08
2026-06-08 10:52:21,68.36,ATTENTIVE,0.177,0.652,51.5,7.0,0.0,0.12,25.5,2,0,0,116.38
2026-06-08 10:52:22,69.40,ATTENTIVE,0.188,0.655,51.9,6.9,-0.7,0.25,9.0,2,0,0,128.29
2026-06-08 10:52:23,70.49,FATIGUED,0.196,0.662,52.3,8.2,0.4,0.36,0.0,2,0,0,140.53
2026-06-08 10:52:24,71.58,FATIGUED,0.208,0.671,52.9,11.8,4.3,0.20,0.0,3,0,0,153.00
2026-06-08 10:52:25,72.63,FATIGUED,0.218,0.677,53.0,13.0,6.1,0.13,1.2,3,0,0,164.68
2026-06-08 10:52:26,73.71,FATIGUED,0.196,0.683,52.4,23.6,13.3,0.10,4.2,3,0,0,176.84
2026-06-08 10:52:27,74.56,ATTENTIVE,0.200,0.674,44.5,-19.3,59.6,0.08,7.8,3,0,0,186.88
2026-06-08 10:52:28,75.88,ATTENTIVE,0.279,0.663,25.1,43.8,76.5,0.06,15.6,3,0,0,181.50
2026-06-08 10:52:29,76.94,ATTENTIVE,0.370,0.726,-3.4,36.5,68.5,0.05,18.6,3,0,0,181.08
2026-06-08 10:52:30,77.98,ATTENTIVE,0.349,0.836,22.7,37.6,52.3,0.11,11.1,3,0,0,179.92
2026-06-08 10:52:31,79.02,FATIGUED,0.274,0.809,41.2,32.8,45.2,0.29,0.0,3,0,0,179.78
2026-06-08 10:52:32,80.18,FATIGUED,0.233,0.726,52.8,38.6,27.1,0.35,0.0,3,0,0,178.13
2026-06-08 10:52:34,81.34,FATIGUED,0.245,0.808,37.2,40.2,52.9,0.27,0.0,3,0,0,175.59
2026-06-08 10:52:35,82.47,FATIGUED,0.282,0.941,3.4,23.3,55.1,0.13,0.0,3,0,0,172.93
2026-06-08 10:52:36,83.57,FATIGUED,0.247,0.976,-0.6,26.8,48.6,0.16,0.0,3,0,0,173.49
2026-06-08 10:52:37,84.73,FATIGUED,0.225,0.831,41.7,14.5,4.4,0.41,0.0,3,0,0,173.73
2026-06-08 10:52:38,85.86,FATIGUED,0.194,0.662,56.2,0.2,-3.5,0.45,0.0,3,1,0,181.53
2026-06-08 10:52:39,86.74,ATTENTIVE,0.231,0.639,55.8,13.7,-2.4,0.06,18.6,2,0,0,186.90
2026-06-08 10:52:40,87.80,ATTENTIVE,0.231,0.639,55.8,13.7,-2.4,0.06,18.6,2,0,0,156.23
2026-06-08 10:52:41,88.84,ATTENTIVE,0.231,0.639,55.8,13.7,-2.4,0.06,18.6,2,0,0,124.45
2026-06-08 10:52:42,89.89,ATTENTIVE,0.231,0.639,55.8,13.7,-2.4,0.06,18.6,2,0,0,92.51
2026-06-08 10:52:43,90.92,ATTENTIVE,0.231,0.639,55.8,13.7,-2.4,0.06,18.6,2,0,0,67.47
2026-06-08 10:52:44,91.97,ATTENTIVE,0.223,0.655,53.3,9.3,2.4,0.03,36.6,3,1,0,70.27
2026-06-08 10:52:45,93.02,ATTENTIVE,0.223,0.655,53.3,9.3,2.4,0.03,36.6,3,1,0,70.83
2026-06-08 10:52:46,94.06,ATTENTIVE,0.257,0.632,54.0,7.4,-3.9,0.02,52.8,3,1,0,74.29
2026-06-08 10:52:47,95.07,ATTENTIVE,0.257,0.632,54.0,7.4,-3.9,0.02,52.8,3,1,0,74.57
2026-06-08 10:52:48,96.09,ATTENTIVE,0.230,0.646,51.8,0.7,-7.8,0.02,68.4,3,1,0,74.98
2026-06-08 10:52:49,97.09,ATTENTIVE,0.230,0.646,51.8,0.7,-7.8,0.02,68.4,3,1,0,75.42
2026-06-08 10:52:50,98.15,ATTENTIVE,0.233,0.679,51.4,14.4,-3.0,0.02,84.0,3,1,0,75.07
2026-06-08 10:52:51,99.17,ATTENTIVE,0.233,0.679,51.4,14.4,-3.0,0.02,84.0,3,1,0,75.26
2026-06-08 10:52:53,100.20,ATTENTIVE,0.262,0.537,42.6,-19.0,-20.9,0.02,99.6,3,1,0,75.36
2026-06-08 10:52:53,101.19,ATTENTIVE,0.262,0.537,42.6,-19.0,-20.9,0.02,99.6,3,1,0,74.78
2026-06-08 10:52:55,102.21,ATTENTIVE,0.272,0.614,46.0,2.6,-13.7,0.02,100.0,3,1,0,75.57
2026-06-08 10:52:56,103.21,ATTENTIVE,0.272,0.614,46.0,2.6,-13.7,0.02,100.0,3,1,0,75.57
2026-06-08 10:52:57,104.29,ATTENTIVE,0.284,0.605,46.3,-2.3,-16.9,0.02,100.0,3,1,0,74.82
2026-06-08 10:52:58,105.30,ATTENTIVE,0.284,0.605,46.3,-2.3,-16.9,0.02,100.0,3,1,0,75.23
2026-06-08 10:52:59,106.33,ATTENTIVE,0.284,0.638,45.3,2.5,-15.7,0.02,100.0,3,1,0,74.94
2026-06-08 10:53:00,107.34,ATTENTIVE,0.284,0.638,45.3,2.5,-15.7,0.02,100.0,3,1,0,75.09
2026-06-08 10:53:01,108.35,ATTENTIVE,0.261,0.698,47.5,14.3,13.1,0.02,100.0,3,1,0,75.51
2026-06-08 10:53:02,109.42,ATTENTIVE,0.261,0.698,47.5,14.3,13.1,0.02,100.0,3,1,0,75.13
2026-06-08 10:53:03,110.48,ATTENTIVE,0.187,0.695,46.6,16.0,15.4,0.03,100.0,3,1,0,76.25
2026-06-08 10:53:04,111.51,ATTENTIVE,0.187,0.695,46.6,16.0,15.4,0.03,100.0,3,1,0,77.29
2026-06-08 10:53:05,112.55,FATIGUED,0.140,1.022,49.7,9.1,15.5,0.30,50.6,3,1,0,77.82
2026-06-08 10:53:06,113.55,FATIGUED,0.140,1.022,49.7,9.1,15.5,0.30,50.6,3,1,0,79.24
2026-06-08 10:53:07,114.59,FATIGUED,0.153,0.726,46.6,3.7,0.3,0.67,0.0,3,2,0,81.88
2026-06-08 10:53:08,115.82,FATIGUED,0.277,0.678,48.6,5.3,-1.6,0.33,0.0,4,2,0,79.15
2026-06-08 10:53:09,116.68,FATIGUED,0.277,0.678,48.6,5.3,-1.6,0.33,0.0,4,2,0,79.39
2026-06-08 10:53:10,117.85,FATIGUED,0.164,0.656,57.0,16.1,-1.1,0.52,0.0,4,2,0,79.06
2026-06-08 10:53:11,118.72,FATIGUED,0.164,0.656,57.0,16.1,-1.1,0.52,0.0,4,2,0,78.67
2026-06-08 10:53:12,119.91,FATIGUED,0.131,0.634,56.2,3.9,5.8,0.76,0.0,4,2,0,77.10
2026-06-08 10:53:13,120.80,FATIGUED,0.131,0.634,56.2,3.9,5.8,0.76,0.0,4,2,0,74.77
2026-06-08 10:53:14,121.97,DROWSY,0.128,0.641,56.2,5.1,7.8,0.82,0.0,4,2,0,73.18
2026-06-08 10:53:15,122.87,DROWSY,0.128,0.641,56.2,5.1,7.8,0.82,0.0,4,2,0,72.09
2026-06-08 10:53:16,124.04,MICROSLEEP,0.143,0.658,56.4,7.0,7.7,0.84,0.0,4,2,1,71.93
2026-06-08 10:53:17,124.97,MICROSLEEP,0.143,0.658,56.4,7.0,7.7,0.84,0.0,4,2,1,73.41
2026-06-08 10:53:18,126.17,FATIGUED,0.229,0.634,54.2,-1.0,9.5,0.45,0.0,5,2,0,77.39
2026-06-08 10:53:20,127.24,FATIGUED,0.229,0.634,54.2,-1.0,9.5,0.45,0.0,5,2,0,76.67
2026-06-08 10:53:21,128.24,FATIGUED,0.220,0.637,54.6,1.8,11.2,0.41,0.0,5,2,0,79.81
2026-06-08 10:53:22,129.29,FATIGUED,0.220,0.637,54.6,1.8,11.2,0.41,0.0,5,2,0,76.84
2026-06-08 10:53:23,130.30,FATIGUED,0.193,0.639,55.7,-6.6,2.4,0.39,0.0,5,2,0,78.47
2026-06-08 10:53:24,131.34,FATIGUED,0.193,0.639,55.7,-6.6,2.4,0.39,0.0,5,2,0,74.36
2026-06-08 10:53:25,132.36,FATIGUED,0.219,0.613,55.8,-8.9,-5.5,0.33,0.0,5,2,0,75.55
2026-06-08 10:53:26,133.43,FATIGUED,0.219,0.613,55.8,-8.9,-5.5,0.33,0.0,5,2,0,73.02
2026-06-08 10:53:27,134.52,FATIGUED,0.219,0.624,55.6,6.2,-2.5,0.35,0.0,6,2,0,75.75
2026-06-08 10:53:28,135.58,FATIGUED,0.219,0.624,55.6,6.2,-2.5,0.35,0.0,6,2,0,77.41
2026-06-08 10:53:29,136.63,FATIGUED,0.261,0.638,54.2,12.8,1.5,0.25,0.0,6,2,0,84.27
2026-06-08 10:53:30,137.68,FATIGUED,0.261,0.638,54.2,12.8,1.5,0.25,0.0,6,2,0,85.99
2026-06-08 10:53:31,138.78,FATIGUED,0.161,0.622,52.5,3.0,1.0,0.34,0.0,6,2,0,94.32
2026-06-08 10:53:32,139.78,FATIGUED,0.161,0.622,52.5,3.0,1.0,0.34,0.0,6,2,0,100.38
2026-06-08 10:53:33,140.91,FATIGUED,0.218,0.633,51.6,3.0,-4.2,0.25,0.0,7,2,0,104.35
2026-06-08 10:53:34,141.88,FATIGUED,0.218,0.633,51.6,3.0,-4.2,0.25,0.0,7,2,0,108.95
2026-06-08 10:53:35,142.88,FATIGUED,0.252,0.611,52.6,3.4,0.0,0.24,0.0,7,2,0,108.95
2026-06-08 10:53:36,143.94,FATIGUED,0.252,0.611,52.6,3.4,0.0,0.24,0.0,7,2,0,100.08
2026-06-08 10:53:37,144.95,FATIGUED,0.259,0.687,52.3,19.6,16.6,0.24,0.0,7,2,0,90.90
2026-06-08 10:57:34,26.43,CALIBRATING,0.000,0.000,0.0,0.0,0.0,0.40,100.0,0,0,0,35.25
2026-06-08 10:57:35,27.44,CALIBRATING,0.000,0.000,0.0,0.0,0.0,0.40,100.0,0,0,0,38.14
2026-06-08 10:57:36,28.49,CALIBRATING,0.000,0.000,0.0,0.0,0.0,0.40,100.0,0,0,0,43.16
2026-06-08 10:57:37,29.51,CALIBRATING,0.000,0.000,0.0,0.0,0.0,0.40,100.0,0,0,0,48.43
2026-06-08 10:57:38,30.52,CALIBRATING,0.000,0.000,0.0,0.0,0.0,0.40,100.0,0,0,0,51.81
2026-06-08 10:57:41,33.34,CALIBRATING,0.202,0.635,51.5,1.7,-1.9,0.20,100.0,1,0,0,83.89
2026-06-08 10:57:42,34.35,CALIBRATING,0.202,0.635,51.5,1.7,-1.9,0.20,100.0,1,0,0,83.56
2026-06-08 10:57:43,35.35,CALIBRATING,0.202,0.635,51.5,1.7,-1.9,0.20,100.0,1,0,0,83.24
2026-06-08 10:57:44,36.38,CALIBRATING,0.202,0.635,51.5,1.7,-1.9,0.20,100.0,1,0,0,82.48
2026-06-08 10:57:45,37.45,ATTENTIVE,0.235,0.637,51.8,8.2,13.5,0.08,100.0,1,0,0,57.79
2026-06-08 10:57:46,38.51,ATTENTIVE,0.235,0.637,51.8,8.2,13.5,0.08,100.0,1,0,0,60.60
2026-06-08 10:57:47,39.53,ATTENTIVE,0.235,0.637,51.8,8.2,13.5,0.08,100.0,1,0,0,64.23
2026-06-08 10:57:48,40.59,ATTENTIVE,0.235,0.637,51.8,8.2,13.5,0.08,100.0,1,0,0,67.30
2026-06-08 10:57:49,41.73,ATTENTIVE,0.273,0.611,54.4,-5.7,-7.2,0.02,100.0,1,0,0,65.26
2026-06-08 10:57:50,42.61,ATTENTIVE,0.273,0.611,54.4,-5.7,-7.2,0.02,100.0,1,0,0,67.69
2026-06-08 10:57:51,43.62,ATTENTIVE,0.273,0.611,54.4,-5.7,-7.2,0.02,100.0,1,0,0,66.74
2026-06-08 10:57:52,44.68,ATTENTIVE,0.273,0.611,54.4,-5.7,-7.2,0.02,100.0,1,0,0,66.73
2026-06-08 10:57:53,45.68,ATTENTIVE,0.273,0.611,54.4,-5.7,-7.2,0.02,100.0,1,0,0,66.43
2026-06-08 10:57:54,46.84,ATTENTIVE,0.190,0.614,52.5,0.2,-6.1,0.02,100.0,1,0,0,65.50
2026-06-08 10:57:55,47.86,ATTENTIVE,0.190,0.614,52.5,0.2,-6.1,0.02,100.0,1,0,0,66.62
2026-06-08 10:57:56,48.87,ATTENTIVE,0.190,0.614,52.5,0.2,-6.1,0.02,100.0,1,0,0,67.06
2026-06-08 10:57:57,49.87,ATTENTIVE,0.190,0.614,52.5,0.2,-6.1,0.02,100.0,1,0,0,67.21
2026-06-08 10:57:58,50.89,ATTENTIVE,0.190,0.614,52.5,0.2,-6.1,0.02,100.0,1,0,0,66.04
2026-06-08 10:58:00,51.95,ATTENTIVE,0.143,0.623,44.4,-2.4,-14.5,0.11,100.0,1,0,0,68.62
2026-06-08 10:58:01,52.99,ATTENTIVE,0.143,0.623,44.4,-2.4,-14.5,0.11,100.0,1,0,0,69.34
2026-06-08 10:58:02,54.03,ATTENTIVE,0.143,0.623,44.4,-2.4,-14.5,0.11,100.0,1,0,0,69.83
2026-06-08 10:58:03,55.04,ATTENTIVE,0.143,0.623,44.4,-2.4,-14.5,0.11,100.0,1,0,0,70.61
2026-06-08 10:58:04,56.09,ATTENTIVE,0.143,0.623,44.4,-2.4,-14.5,0.11,100.0,1,0,0,68.53
2026-06-08 10:58:05,57.16,MICROSLEEP,0.158,0.656,50.4,15.5,18.6,0.24,22.3,1,0,0,71.41
2026-06-08 10:58:06,58.23,MICROSLEEP,0.158,0.656,50.4,15.5,18.6,0.24,22.3,1,0,0,71.65
2026-06-08 10:58:07,59.28,MICROSLEEP,0.158,0.656,50.4,15.5,18.6,0.24,22.3,1,0,0,71.23
2026-06-08 10:58:08,60.29,MICROSLEEP,0.158,0.656,50.4,15.5,18.6,0.24,22.3,1,0,0,71.69
2026-06-08 10:58:09,61.34,MICROSLEEP,0.158,0.656,50.4,15.5,18.6,0.24,22.3,1,0,0,69.15
2026-06-08 10:58:10,62.41,FATIGUED,0.392,0.433,52.1,-47.7,-11.0,0.01,0.0,1,0,0,71.51
2026-06-08 10:58:11,63.46,FATIGUED,0.392,0.433,52.1,-47.7,-11.0,0.01,0.0,1,0,0,71.55
2026-06-08 10:58:12,64.49,FATIGUED,0.392,0.433,52.1,-47.7,-11.0,0.01,0.0,1,0,0,71.23
2026-06-08 10:58:13,65.51,FATIGUED,0.392,0.433,52.1,-47.7,-11.0,0.01,0.0,1,0,0,70.46
2026-06-08 10:58:14,66.55,FATIGUED,0.392,0.433,52.1,-47.7,-11.0,0.01,0.0,1,0,0,67.63
2026-06-08 10:58:15,67.60,ATTENTIVE,0.193,0.644,49.9,-1.3,4.0,0.05,14.4,2,0,0,69.91
2026-06-08 10:58:16,68.64,ATTENTIVE,0.193,0.644,49.9,-1.3,4.0,0.05,14.4,2,0,0,69.97
2026-06-08 10:58:17,69.71,ATTENTIVE,0.193,0.644,49.9,-1.3,4.0,0.05,14.4,2,0,0,70.50
2026-06-08 10:58:18,70.81,ATTENTIVE,0.261,0.680,50.9,12.3,5.3,0.03,43.2,2,0,0,73.13
2026-06-08 10:58:20,71.98,ATTENTIVE,0.250,0.682,50.7,12.9,6.1,0.02,54.0,2,0,0,70.85
2026-06-08 10:58:21,73.00,ATTENTIVE,0.261,0.686,51.1,14.4,7.2,0.02,61.2,2,0,0,73.46
2026-06-08 10:58:22,74.14,ATTENTIVE,0.263,0.682,50.9,14.4,8.0,0.02,64.8,2,0,0,85.37
2026-06-08 10:58:23,75.20,ATTENTIVE,0.240,0.678,51.0,13.5,8.4,0.02,67.8,2,0,0,97.36
2026-06-08 10:58:24,76.27,ATTENTIVE,0.234,0.681,51.0,13.3,8.6,0.02,70.8,2,0,0,108.89
2026-06-08 10:58:25,77.30,ATTENTIVE,0.241,0.665,50.8,8.0,4.5,0.02,73.8,2,0,0,120.41
2026-06-08 10:58:26,78.41,ATTENTIVE,0.254,0.634,43.6,-0.6,-27.2,0.02,77.4,2,0,0,131.75
2026-06-08 10:58:27,79.46,ATTENTIVE,0.271,0.601,40.2,-1.9,-28.0,0.02,80.4,2,0,0,141.19
2026-06-08 10:58:28,80.49,ATTENTIVE,0.257,0.580,39.4,-4.7,-22.6,0.02,83.4,2,0,0,152.48
2026-06-08 10:58:29,81.56,ATTENTIVE,0.269,0.545,39.3,-7.2,-24.0,0.01,86.4,2,0,0,164.34
2026-06-08 10:58:30,82.47,ATTENTIVE,0.221,0.537,37.4,-2.0,-23.8,0.00,91.8,2,0,0,169.18
2026-06-08 10:58:31,83.67,ATTENTIVE,0.234,0.526,31.2,-2.9,-20.0,0.01,98.4,2,0,0,171.05
2026-06-08 10:58:32,84.70,ATTENTIVE,0.203,0.580,27.3,-1.6,-17.6,0.01,100.0,2,0,0,170.92
2026-06-08 10:58:33,85.75,ATTENTIVE,0.203,0.606,31.8,-4.2,-19.1,0.12,95.7,2,0,0,170.49
2026-06-08 10:58:34,86.80,ATTENTIVE,0.202,0.564,33.7,-7.2,-21.4,0.28,84.0,2,0,0,170.28
2026-06-08 10:58:35,87.85,MICROSLEEP,0.199,0.528,29.9,-7.7,-23.8,0.35,71.6,2,0,0,170.72
2026-06-08 10:58:37,88.94,MICROSLEEP,0.206,0.499,30.9,-8.9,-20.9,0.38,58.8,2,0,0,173.48
2026-06-08 10:58:38,90.02,MICROSLEEP,0.265,0.512,43.3,-5.4,-15.6,0.40,45.8,2,0,0,173.98
2026-06-08 10:58:39,91.09,MICROSLEEP,0.315,0.553,41.1,-8.9,-18.9,0.40,32.8,2,0,1,174.90
2026-06-08 10:58:40,92.36,MICROSLEEP,0.310,0.569,42.1,-6.5,-17.9,0.22,28.6,2,0,0,177.71
2026-06-08 10:58:41,93.54,MICROSLEEP,0.318,0.575,43.0,-6.0,-17.2,0.10,29.8,2,0,0,183.94
2026-06-08 10:58:42,94.71,ATTENTIVE,0.292,0.593,49.1,0.5,-1.8,0.05,32.8,2,0,0,197.50
2026-06-08 10:58:43,95.79,ATTENTIVE,0.268,0.612,52.3,-2.5,1.1,0.02,35.8,2,0,0,207.34
2026-06-08 10:58:44,96.88,ATTENTIVE,0.288,0.610,52.5,-2.9,2.2,0.01,38.8,2,0,0,217.01
2026-06-08 10:58:46,97.93,ATTENTIVE,0.289,0.605,52.5,-3.6,2.9,0.01,41.8,2,0,0,217.22
2026-06-08 10:58:46,98.85,ATTENTIVE,0.261,0.686,51.1,14.4,7.2,0.02,61.2,2,0,0,192.29
2026-06-08 10:58:48,99.92,ATTENTIVE,0.261,0.686,51.1,14.4,7.2,0.02,61.2,2,0,0,158.04
2026-06-08 10:58:49,100.96,ATTENTIVE,0.261,0.686,51.1,14.4,7.2,0.02,61.2,2,0,0,117.31
2026-06-08 10:58:50,102.00,ATTENTIVE,0.261,0.686,51.1,14.4,7.2,0.02,61.2,2,0,0,79.68
2026-06-08 10:58:51,103.08,ATTENTIVE,0.261,0.686,51.1,14.4,7.2,0.02,61.2,2,0,0,66.69
2026-06-08 10:58:52,104.15,ATTENTIVE,0.261,0.686,51.1,14.4,7.2,0.02,61.2,2,0,0,67.10
2026-06-08 10:58:53,105.18,ATTENTIVE,0.261,0.686,51.1,14.4,7.2,0.02,61.2,2,0,0,68.49
2026-06-08 10:58:54,106.25,ATTENTIVE,0.261,0.686,51.1,14.4,7.2,0.02,61.2,2,0,0,69.87
2026-06-08 10:58:55,107.26,ATTENTIVE,0.261,0.686,51.1,14.4,7.2,0.02,61.2,2,0,0,71.47
2026-06-08 10:58:56,108.30,ATTENTIVE,0.286,0.615,48.6,-5.3,-1.3,0.00,100.0,2,0,0,73.38
2026-06-08 10:58:57,109.34,ATTENTIVE,0.286,0.615,48.6,-5.3,-1.3,0.00,100.0,2,0,0,72.38
2026-06-08 10:58:58,110.36,ATTENTIVE,0.286,0.615,48.6,-5.3,-1.3,0.00,100.0,2,0,0,70.96
2026-06-08 10:58:59,111.37,ATTENTIVE,0.286,0.615,48.6,-5.3,-1.3,0.00,100.0,2,0,0,69.23
2026-06-08 10:59:00,112.38,ATTENTIVE,0.286,0.615,48.6,-5.3,-1.3,0.00,100.0,2,0,0,66.24
2026-06-08 10:59:01,113.43,ATTENTIVE,0.286,0.615,48.6,-5.3,-1.3,0.00,100.0,2,0,0,66.71
2026-06-08 10:59:02,114.44,ATTENTIVE,0.286,0.615,48.6,-5.3,-1.3,0.00,100.0,2,0,0,67.43
2026-06-08 10:59:03,115.49,ATTENTIVE,0.286,0.615,48.6,-5.3,-1.3,0.00,100.0,2,0,0,68.05
2026-06-08 10:59:04,116.55,ATTENTIVE,0.286,0.615,48.6,-5.3,-1.3,0.00,100.0,2,0,0,69.01
2026-06-08 10:59:05,117.56,ATTENTIVE,0.286,0.615,48.6,-5.3,-1.3,0.00,100.0,2,0,0,69.23
2026-06-08 10:59:06,118.59,FATIGUED,0.135,0.588,52.6,-16.5,-27.0,0.48,0.0,2,0,0,71.24
2026-06-08 10:59:07,119.64,FATIGUED,0.135,0.588,52.6,-16.5,-27.0,0.48,0.0,2,0,0,71.16
2026-06-08 10:59:08,120.66,FATIGUED,0.135,0.588,52.6,-16.5,-27.0,0.48,0.0,2,0,0,70.33
2026-06-08 10:59:09,121.71,FATIGUED,0.135,0.588,52.6,-16.5,-27.0,0.48,0.0,2,0,1,70.04
2026-06-08 10:59:10,122.73,FATIGUED,0.135,0.588,52.6,-16.5,-27.0,0.48,0.0,2,0,1,68.51
2026-06-08 10:59:11,123.79,FATIGUED,0.135,0.588,52.6,-16.5,-27.0,0.48,0.0,2,0,1,68.81
2026-06-08 10:59:12,124.85,FATIGUED,0.135,0.588,52.6,-16.5,-27.0,0.48,0.0,2,0,1,69.46
2026-06-08 10:59:13,125.91,FATIGUED,0.135,0.588,52.6,-16.5,-27.0,0.48,0.0,2,0,0,69.26
2026-06-08 10:59:15,126.97,FATIGUED,0.135,0.588,52.6,-16.5,-27.0,0.48,0.0,2,0,0,69.00
2026-06-08 10:59:16,128.08,FATIGUED,0.187,0.631,54.4,9.7,13.7,0.28,0.0,4,0,0,71.01
2026-06-08 10:59:17,129.14,FATIGUED,0.187,0.631,54.4,9.7,13.7,0.28,0.0,4,0,0,71.08
2026-06-08 10:59:18,130.19,FATIGUED,0.187,0.631,54.4,9.7,13.7,0.28,0.0,4,0,0,71.19
2026-06-08 10:59:19,131.21,FATIGUED,0.187,0.631,54.4,9.7,13.7,0.28,0.0,4,0,0,70.29
2026-06-08 10:59:20,132.21,FATIGUED,0.187,0.631,54.4,9.7,13.7,0.28,0.0,4,0,0,70.61
2026-06-08 10:59:21,133.25,FATIGUED,0.187,0.631,54.4,9.7,13.7,0.28,0.0,4,0,0,68.15
2026-06-08 10:59:22,134.26,FATIGUED,0.187,0.631,54.4,9.7,13.7,0.28,0.0,4,0,0,67.18
2026-06-08 10:59:23,135.32,FATIGUED,0.187,0.631,54.4,9.7,13.7,0.28,0.0,4,0,0,67.86
2026-06-08 10:59:24,136.37,FATIGUED,0.187,0.631,54.4,9.7,13.7,0.28,0.0,4,0,0,66.66
2026-06-08 10:59:25,137.43,FATIGUED,0.187,0.631,54.4,9.7,13.7,0.28,0.0,4,0,0,65.79
2026-06-08 10:59:26,138.45,ATTENTIVE,0.184,0.630,50.9,0.1,2.6,0.08,39.6,5,0,0,65.87
2026-06-08 10:59:27,139.51,ATTENTIVE,0.184,0.630,50.9,0.1,2.6,0.08,39.6,5,0,0,64.76
2026-06-08 10:59:28,140.54,ATTENTIVE,0.184,0.630,50.9,0.1,2.6,0.08,39.6,5,0,0,65.40
2026-06-08 10:59:29,141.56,ATTENTIVE,0.184,0.630,50.9,0.1,2.6,0.08,39.6,5,0,0,66.13
2026-06-08 10:59:30,142.61,ATTENTIVE,0.184,0.630,50.9,0.1,2.6,0.08,39.6,5,0,0,66.58
2026-06-08 10:59:31,143.65,ATTENTIVE,0.184,0.630,50.9,0.1,2.6,0.08,39.6,5,0,0,67.27
2026-06-08 10:59:32,144.70,ATTENTIVE,0.184,0.630,50.9,0.1,2.6,0.08,39.6,5,0,0,67.67
2026-06-08 10:59:33,145.75,ATTENTIVE,0.184,0.630,50.9,0.1,2.6,0.08,39.6,5,0,0,68.01
2026-06-08 10:59:34,146.81,ATTENTIVE,0.184,0.630,50.9,0.1,2.6,0.08,39.6,5,0,0,68.21
2026-06-08 10:59:35,147.84,ATTENTIVE,0.184,0.630,50.9,0.1,2.6,0.08,39.6,5,0,0,69.38
2026-06-08 10:59:36,148.86,ATTENTIVE,0.251,0.613,51.5,29.0,0.2,0.06,100.0,5,0,0,69.94
2026-06-08 10:59:37,149.89,ATTENTIVE,0.251,0.613,51.5,29.0,0.2,0.06,100.0,5,0,0,69.51
2026-06-08 10:59:39,150.94,ATTENTIVE,0.251,0.613,51.5,29.0,0.2,0.06,100.0,5,0,0,69.51
2026-06-08 10:59:40,151.98,ATTENTIVE,0.251,0.613,51.5,29.0,0.2,0.06,100.0,5,0,0,69.79
2026-06-08 10:59:41,153.02,ATTENTIVE,0.251,0.613,51.5,29.0,0.2,0.06,100.0,5,0,0,69.93
2026-06-08 10:59:42,154.09,ATTENTIVE,0.251,0.613,51.5,29.0,0.2,0.06,100.0,5,0,0,70.76
2026-06-08 10:59:43,155.10,ATTENTIVE,0.251,0.613,51.5,29.0,0.2,0.06,100.0,5,0,0,71.52
2026-06-08 10:59:44,156.13,ATTENTIVE,0.251,0.613,51.5,29.0,0.2,0.06,100.0,5,0,0,70.92
2026-06-08 10:59:45,157.17,ATTENTIVE,0.251,0.613,51.5,29.0,0.2,0.06,100.0,5,0,0,69.78
2026-06-08 10:59:46,158.26,FATIGUED,0.254,0.745,50.4,17.7,17.1,0.08,75.7,5,0,0,72.53
2026-06-08 10:59:47,159.29,FATIGUED,0.254,0.745,50.4,17.7,17.1,0.08,75.7,5,0,0,72.70
2026-06-09 20:23:56,36.75,CALIBRATING,0.261,0.677,55.8,13.3,1.3,0.00,100.0,0,0,0,52.12
2026-06-09 20:23:57,36.86,CALIBRATING,0.261,0.677,55.8,13.3,1.3,0.00,100.0,0,0,0,107.39
2026-06-09 20:23:58,37.91,CALIBRATING,0.261,0.677,55.8,13.3,1.3,0.00,100.0,0,0,0,108.52
2026-06-09 20:23:59,38.95,CALIBRATING,0.241,0.676,55.3,18.9,2.2,0.00,100.0,0,0,0,117.40
2026-06-09 20:24:00,40.03,CALIBRATING,0.241,0.676,55.3,18.9,2.2,0.00,100.0,0,0,0,123.23
2026-06-09 20:24:01,41.05,CALIBRATING,0.241,0.676,55.3,18.9,2.2,0.00,100.0,0,0,0,133.11
2026-06-09 20:24:02,42.07,CALIBRATING,0.241,0.676,55.3,18.9,2.2,0.00,100.0,0,0,0,142.54
2026-06-09 20:24:03,43.53,ATTENTIVE,0.245,0.681,55.4,16.2,1.3,0.00,100.0,0,0,0,95.58
2026-06-09 20:24:04,44.58,ATTENTIVE,0.245,0.681,55.4,16.2,1.3,0.00,100.0,0,0,0,101.11
2026-06-09 20:24:05,45.60,ATTENTIVE,0.244,0.671,56.0,16.7,2.1,0.00,100.0,0,0,0,104.13
2026-06-09 20:24:06,46.62,ATTENTIVE,0.233,0.639,55.9,17.0,1.7,0.00,100.0,0,0,0,112.68
2026-06-09 20:24:07,47.70,ATTENTIVE,0.250,0.644,54.7,13.3,1.7,0.00,100.0,0,0,0,117.45
2026-06-09 20:24:08,48.79,ATTENTIVE,0.237,0.617,55.6,15.1,1.7,0.00,100.0,0,0,0,115.79
2026-06-09 20:24:10,49.85,ATTENTIVE,0.235,0.627,54.2,7.5,-1.6,0.00,100.0,0,0,0,123.26
2026-06-09 20:24:11,50.88,ATTENTIVE,0.248,0.611,53.5,3.6,-1.2,0.00,100.0,0,0,0,132.00
2026-06-09 20:24:12,51.88,ATTENTIVE,0.251,0.619,54.0,6.2,-1.6,0.00,100.0,0,0,0,127.05
2026-06-09 20:24:13,52.99,ATTENTIVE,0.276,0.619,53.7,6.1,-0.8,0.00,100.0,0,0,0,127.91
2026-06-09 20:24:14,54.00,ATTENTIVE,0.276,0.625,54.1,6.8,0.0,0.00,100.0,0,0,0,133.99
2026-06-09 20:24:15,55.10,ATTENTIVE,0.277,0.629,54.1,1.8,-0.8,0.00,100.0,0,0,0,133.51
2026-06-09 20:24:16,56.19,ATTENTIVE,0.277,0.626,53.8,3.3,-0.4,0.00,100.0,0,0,0,136.43
2026-06-09 20:24:17,57.22,ATTENTIVE,0.282,0.616,53.1,1.7,-0.8,0.00,100.0,0,0,0,137.60
2026-06-09 20:24:18,58.27,ATTENTIVE,0.266,0.626,53.8,2.0,-1.2,0.00,100.0,0,0,0,137.27
2026-06-09 20:24:19,59.35,ATTENTIVE,0.264,0.647,53.7,4.5,-1.2,0.00,100.0,0,0,0,137.94
2026-06-09 20:24:20,60.41,ATTENTIVE,0.264,0.647,53.7,4.5,-1.2,0.00,100.0,0,0,0,135.36
2026-06-09 20:24:21,61.49,ATTENTIVE,0.264,0.647,53.7,4.5,-1.2,0.00,100.0,0,0,0,124.63
2026-06-09 20:24:22,62.57,ATTENTIVE,0.264,0.647,53.7,4.5,-1.2,0.00,100.0,0,0,0,116.86
2026-06-09 20:24:23,63.59,ATTENTIVE,0.264,0.647,53.7,4.5,-1.2,0.00,100.0,0,0,0,104.16
2026-06-09 20:24:24,64.59,ATTENTIVE,0.171,0.654,54.5,5.7,-0.4,0.06,100.0,0,0,0,102.22
2026-06-09 20:24:25,65.63,ATTENTIVE,0.171,0.654,54.5,5.7,-0.4,0.06,100.0,0,0,0,94.84
2026-06-09 20:24:26,66.68,ATTENTIVE,0.171,0.654,54.5,5.7,-0.4,0.06,100.0,0,0,0,91.50
2026-06-09 20:24:27,67.75,ATTENTIVE,0.171,0.654,54.5,5.7,-0.4,0.06,100.0,0,0,0,91.81
2026-06-09 20:24:28,68.81,ATTENTIVE,0.171,0.654,54.5,5.7,-0.4,0.06,100.0,0,0,0,90.99
2026-06-09 20:24:30,69.88,FATIGUED,0.138,0.608,55.0,5.0,-1.2,0.31,47.0,0,0,0,90.15
2026-06-09 20:24:31,70.95,FATIGUED,0.138,0.608,55.0,5.0,-1.2,0.31,47.0,0,0,0,90.73
2026-06-09 20:24:32,71.99,FATIGUED,0.138,0.608,55.0,5.0,-1.2,0.31,47.0,0,0,0,93.37
2026-06-09 20:24:33,73.00,FATIGUED,0.138,0.608,55.0,5.0,-1.2,0.31,47.0,0,0,0,95.36
2026-06-09 20:24:34,74.35,ATTENTIVE,0.249,0.660,54.1,6.2,-1.6,0.07,12.0,1,0,0,96.13
2026-06-09 20:24:35,75.16,ATTENTIVE,0.249,0.660,54.1,6.2,-1.6,0.07,12.0,1,0,0,102.74
2026-06-09 20:24:36,76.26,ATTENTIVE,0.249,0.660,54.1,6.2,-1.6,0.07,12.0,1,0,0,103.36
2026-06-09 20:24:37,77.53,ATTENTIVE,0.230,0.650,55.1,11.8,-0.4,0.07,27.0,1,0,0,110.93
2026-06-09 20:24:38,78.62,ATTENTIVE,0.230,0.650,55.1,11.8,-0.4,0.07,27.0,1,0,0,114.01
2026-06-09 20:24:39,79.70,ATTENTIVE,0.230,0.650,55.1,11.8,-0.4,0.07,27.0,1,0,0,116.01
2026-06-09 20:24:40,80.74,ATTENTIVE,0.216,0.679,56.3,14.5,0.4,0.07,41.4,1,0,0,120.45
2026-06-09 20:24:41,81.78,ATTENTIVE,0.216,0.679,56.3,14.5,0.4,0.07,41.4,1,0,0,116.54
2026-06-09 20:24:43,82.86,ATTENTIVE,0.216,0.679,56.3,14.5,0.4,0.07,41.4,1,0,0,117.55
2026-06-09 20:24:44,83.95,ATTENTIVE,0.215,0.673,55.8,10.2,-2.1,0.07,57.6,1,0,0,121.11
2026-06-09 20:24:45,84.97,ATTENTIVE,0.215,0.673,55.8,10.2,-2.1,0.07,57.6,1,0,0,113.25
2026-06-09 20:24:46,86.02,ATTENTIVE,0.215,0.673,55.8,10.2,-2.1,0.07,57.6,1,0,0,110.83
2026-06-09 20:24:47,87.09,ATTENTIVE,0.235,0.683,57.2,14.8,1.3,0.04,73.8,1,0,0,113.63
2026-06-09 20:24:48,88.12,ATTENTIVE,0.235,0.683,57.2,14.8,1.3,0.04,73.8,1,0,0,109.89
2026-06-09 20:24:49,89.16,ATTENTIVE,0.235,0.683,57.2,14.8,1.3,0.04,73.8,1,0,0,111.16
2026-06-09 20:24:50,90.19,ATTENTIVE,0.178,0.664,56.3,11.8,-4.0,0.11,78.1,2,0,0,115.70
2026-06-09 20:24:51,91.29,ATTENTIVE,0.178,0.664,56.3,11.8,-4.0,0.11,78.1,2,0,0,113.89
2026-06-09 20:24:52,92.31,ATTENTIVE,0.178,0.664,56.3,11.8,-4.0,0.11,78.1,2,0,0,115.38
2026-06-09 20:24:53,93.35,ATTENTIVE,0.235,0.673,57.0,9.5,-2.7,0.01,92.5,2,0,0,118.76
2026-06-09 20:24:54,94.42,ATTENTIVE,0.235,0.673,57.0,9.5,-2.7,0.01,92.5,2,0,0,115.42
2026-06-09 20:24:55,95.70,ATTENTIVE,0.176,0.638,53.8,-0.7,-11.3,0.05,100.0,2,0,0,113.77
2026-06-09 20:24:56,96.51,ATTENTIVE,0.176,0.638,53.8,-0.7,-11.3,0.05,100.0,2,0,0,115.48
2026-06-09 20:24:57,97.54,ATTENTIVE,0.176,0.638,53.8,-0.7,-11.3,0.05,100.0,2,0,0,108.39
2026-06-09 20:24:58,98.84,ATTENTIVE,0.186,0.647,52.4,-3.6,-14.8,0.07,100.0,2,0,0,110.32
2026-06-09 20:25:00,99.95,ATTENTIVE,0.186,0.647,52.4,-3.6,-14.8,0.07,100.0,2,0,0,105.77
2026-06-09 20:25:01,101.03,ATTENTIVE,0.186,0.647,52.4,-3.6,-14.8,0.07,100.0,2,0,0,104.74
2026-06-09 20:25:02,102.08,ATTENTIVE,0.196,0.629,53.8,-5.0,-10.2,0.03,100.0,2,0,0,109.30
2026-06-09 20:25:03,103.15,ATTENTIVE,0.196,0.629,53.8,-5.0,-10.2,0.03,100.0,2,0,0,105.07
2026-06-09 20:25:04,104.15,ATTENTIVE,0.196,0.629,53.8,-5.0,-10.2,0.03,100.0,2,0,0,105.97
2026-06-09 20:25:05,105.26,ATTENTIVE,0.245,0.620,53.8,-2.0,4.3,0.00,100.0,2,0,0,104.48
2026-06-09 20:25:06,106.32,ATTENTIVE,0.245,0.620,53.8,-2.0,4.3,0.00,100.0,2,0,0,104.99
2026-06-09 20:25:07,107.35,ATTENTIVE,0.245,0.620,53.8,-2.0,4.3,0.00,100.0,2,0,0,105.14
2026-06-09 20:25:08,108.41,ATTENTIVE,0.241,0.662,56.1,11.5,2.2,0.00,100.0,2,0,0,109.57
2026-06-09 20:25:09,109.46,ATTENTIVE,0.241,0.662,56.1,11.5,2.2,0.00,100.0,2,0,0,106.29
2026-06-09 20:25:10,110.51,ATTENTIVE,0.241,0.662,56.1,11.5,2.2,0.00,100.0,2,0,0,107.05
2026-06-09 20:25:11,111.53,ATTENTIVE,0.238,0.657,55.2,14.5,3.4,0.00,100.0,2,0,0,111.01
2026-06-09 20:25:48,147.92,ATTENTIVE,0.220,0.689,56.9,13.6,1.3,0.00,100.0,2,0,0,42.64
2026-06-09 20:25:48,148.70,ATTENTIVE,0.220,0.689,56.9,13.6,1.3,0.00,100.0,2,0,0,54.10
2026-06-09 20:25:49,149.71,ATTENTIVE,0.220,0.689,56.9,13.6,1.3,0.00,100.0,2,0,0,62.55
2026-06-09 20:26:01,160.96,ATTENTIVE,0.235,0.633,56.7,17.1,0.4,0.00,100.0,2,0,0,44.78
2026-06-09 20:26:01,161.59,ATTENTIVE,0.235,0.633,56.7,17.1,0.4,0.00,100.0,2,0,0,56.85
2026-06-09 20:26:02,162.63,ATTENTIVE,0.235,0.633,56.7,17.1,0.4,0.00,100.0,2,0,0,66.14
2026-06-09 20:26:04,164.15,ATTENTIVE,0.252,0.640,52.8,-12.3,-4.6,0.00,100.0,2,0,0,75.05
2026-06-09 20:26:04,164.74,ATTENTIVE,0.252,0.640,52.8,-12.3,-4.6,0.00,100.0,2,0,0,88.62
2026-06-09 20:26:05,165.85,ATTENTIVE,0.252,0.640,52.8,-12.3,-4.6,0.00,100.0,2,0,0,98.30
2026-06-09 20:26:07,167.16,ATTENTIVE,0.258,0.613,54.1,-8.6,-1.8,0.00,100.0,2,0,0,111.81
2026-06-09 20:26:08,168.18,ATTENTIVE,0.258,0.613,54.1,-8.6,-1.8,0.00,100.0,2,0,0,112.63
2026-06-09 20:26:09,169.24,ATTENTIVE,0.258,0.613,54.1,-8.6,-1.8,0.00,100.0,2,0,0,111.72
2026-06-09 20:26:10,170.32,ATTENTIVE,0.224,0.673,57.3,9.3,-0.5,0.00,100.0,2,0,0,115.65
2026-06-09 20:26:11,171.36,ATTENTIVE,0.224,0.673,57.3,9.3,-0.5,0.00,100.0,2,0,0,105.99
2026-06-09 20:26:12,172.45,ATTENTIVE,0.224,0.673,57.3,9.3,-0.5,0.00,100.0,2,0,0,105.77
2026-06-09 20:26:15,175.43,ATTENTIVE,0.248,0.661,56.6,21.5,0.5,0.00,100.0,2,0,0,71.72
2026-06-09 20:26:34,194.11,ATTENTIVE,0.235,0.684,57.0,20.0,2.7,0.00,100.0,2,0,0,46.33
2026-06-09 20:26:35,194.87,ATTENTIVE,0.235,0.684,57.0,20.0,2.7,0.00,100.0,2,0,0,59.00
2026-06-09 20:26:36,195.94,ATTENTIVE,0.235,0.684,57.0,20.0,2.7,0.00,100.0,2,0,0,68.78
2026-06-09 20:26:37,197.38,ATTENTIVE,0.242,0.676,58.0,20.9,3.7,0.00,100.0,2,0,0,85.41
2026-06-09 20:26:38,198.47,ATTENTIVE,0.242,0.676,58.0,20.9,3.7,0.00,100.0,2,0,0,95.76
2026-06-09 20:26:39,199.55,ATTENTIVE,0.242,0.676,58.0,20.9,3.7,0.00,100.0,2,0,0,105.18
2026-06-09 20:26:40,200.64,ATTENTIVE,0.244,0.647,56.3,16.5,3.5,0.00,100.0,2,0,0,117.70
2026-06-09 20:26:41,201.71,ATTENTIVE,0.244,0.647,56.3,16.5,3.5,0.00,100.0,2,0,0,119.45
2026-06-09 20:26:43,203.19,ATTENTIVE,0.250,0.631,56.3,16.4,3.5,0.00,100.0,2,0,0,130.50
2026-06-09 20:26:44,204.46,ATTENTIVE,0.237,0.641,56.4,10.2,1.3,0.00,100.0,2,0,0,144.08
2026-06-09 20:26:45,205.53,ATTENTIVE,0.225,0.650,57.0,13.3,-2.2,0.00,100.0,2,0,0,155.90
2026-06-09 20:26:46,206.72,ATTENTIVE,0.204,0.653,56.6,10.0,-3.9,0.00,100.0,2,0,0,168.60
2026-06-09 20:26:48,208.11,ATTENTIVE,0.209,0.648,56.4,10.9,-2.6,0.00,100.0,2,0,0,182.44
2026-06-09 20:26:49,208.99,ATTENTIVE,0.219,0.654,56.4,11.7,-3.0,0.00,100.0,2,0,0,195.58
2026-06-09 20:26:49,209.71,ATTENTIVE,0.250,0.632,56.6,17.6,4.3,0.00,100.0,2,0,0,192.22
2026-06-09 20:26:51,210.94,ATTENTIVE,0.227,0.680,56.6,5.1,-1.7,0.00,100.0,2,0,0,190.86
2026-06-09 20:26:51,211.78,ATTENTIVE,0.227,0.680,56.6,5.1,-1.7,0.00,100.0,2,0,0,195.19
2026-06-09 20:26:53,213.10,ATTENTIVE,0.213,0.679,56.7,5.4,-2.2,0.01,100.0,2,0,0,188.69
2026-06-09 20:26:54,213.93,ATTENTIVE,0.213,0.679,56.7,5.4,-2.2,0.01,100.0,2,0,0,185.91
2026-06-09 20:26:55,215.19,ATTENTIVE,0.223,0.667,56.5,6.1,-4.5,0.00,100.0,2,0,0,150.67
2026-06-09 20:26:56,216.25,ATTENTIVE,0.223,0.667,56.5,6.1,-4.5,0.00,100.0,2,0,0,110.94
2026-06-09 20:26:57,217.33,ATTENTIVE,0.191,0.683,56.7,6.1,-3.9,0.00,100.0,2,0,0,115.41
2026-06-09 20:26:58,218.35,ATTENTIVE,0.191,0.683,56.7,6.1,-3.9,0.00,100.0,2,0,0,109.97
2026-06-09 20:26:59,219.39,ATTENTIVE,0.198,0.666,55.6,-1.5,-6.1,0.02,100.0,2,0,0,115.05
2026-06-09 20:27:00,220.48,ATTENTIVE,0.198,0.666,55.6,-1.5,-6.1,0.02,100.0,2,0,0,110.33
2026-06-09 20:27:01,221.50,ATTENTIVE,0.185,0.610,56.6,11.7,-2.6,0.03,100.0,2,0,0,114.60
2026-06-09 20:27:02,222.55,ATTENTIVE,0.185,0.610,56.6,11.7,-2.6,0.03,100.0,2,0,0,111.75
2026-06-09 20:27:03,223.65,ATTENTIVE,0.185,0.610,56.6,11.7,-2.6,0.03,100.0,2,0,0,113.62
2026-06-09 20:27:04,224.73,ATTENTIVE,0.185,0.610,56.6,11.7,-2.6,0.03,100.0,2,0,0,110.10
2026-06-09 20:27:05,225.81,ATTENTIVE,0.185,0.610,56.6,11.7,-2.6,0.03,100.0,2,0,0,112.36
2026-06-09 20:27:06,226.84,ATTENTIVE,0.185,0.610,56.6,11.7,-2.6,0.03,100.0,2,0,0,106.87
2026-06-09 20:27:08,227.88,ATTENTIVE,0.185,0.610,56.6,11.7,-2.6,0.03,100.0,2,0,0,109.72
2026-06-09 20:27:09,228.95,ATTENTIVE,0.185,0.610,56.6,11.7,-2.6,0.03,100.0,2,0,0,104.98
2026-06-25 21:48:32,24.97,CALIBRATING,0.265,0.707,51.0,13.3,-0.5,0.00,100.0,0,0,0,32.30
2026-06-25 21:48:32,25.03,CALIBRATING,0.265,0.707,51.0,13.3,-0.5,0.00,100.0,0,0,0,70.86
2026-06-25 21:48:33,26.05,CALIBRATING,0.265,0.707,51.0,13.3,-0.5,0.00,100.0,0,0,0,77.70
2026-06-25 21:48:34,27.07,CALIBRATING,0.265,0.707,51.0,13.3,-0.5,0.00,100.0,0,0,0,84.81
2026-06-25 21:48:35,28.13,CALIBRATING,0.309,0.582,51.0,-20.6,1.0,0.00,100.0,0,0,0,94.34
2026-06-25 21:48:36,29.15,CALIBRATING,0.309,0.582,51.0,-20.6,1.0,0.00,100.0,0,0,0,63.61
2026-06-25 21:48:37,30.19,CALIBRATING,0.309,0.582,51.0,-20.6,1.0,0.00,100.0,0,0,0,66.15
2026-06-25 21:48:38,31.21,CALIBRATING,0.309,0.582,51.0,-20.6,1.0,0.00,100.0,0,0,0,68.90
2026-06-25 21:48:39,32.26,CALIBRATING,0.309,0.582,51.0,-20.6,1.0,0.00,100.0,0,0,0,68.55
2026-06-25 21:48:40,33.27,ATTENTIVE,0.258,0.621,50.5,-6.6,-1.0,0.00,100.0,0,0,0,70.60
2026-06-25 21:48:41,34.36,ATTENTIVE,0.258,0.621,50.5,-6.6,-1.0,0.00,100.0,0,0,0,72.90
2026-06-25 21:48:42,35.36,ATTENTIVE,0.258,0.621,50.5,-6.6,-1.0,0.00,100.0,0,0,0,74.96
2026-06-25 21:48:44,36.39,ATTENTIVE,0.258,0.621,50.5,-6.6,-1.0,0.00,100.0,0,0,0,77.52
2026-06-25 21:48:45,37.39,ATTENTIVE,0.258,0.621,50.5,-6.6,-1.0,0.00,100.0,0,0,0,78.76
2026-06-25 21:48:46,38.42,ATTENTIVE,0.261,0.645,54.5,2.8,-3.0,0.00,100.0,0,0,0,79.89
2026-06-25 21:48:47,39.43,ATTENTIVE,0.261,0.645,54.5,2.8,-3.0,0.00,100.0,0,0,0,77.73
2026-06-25 21:48:48,40.46,ATTENTIVE,0.261,0.645,54.5,2.8,-3.0,0.00,100.0,0,0,0,76.40
2026-06-25 21:48:49,41.50,ATTENTIVE,0.261,0.645,54.5,2.8,-3.0,0.00,100.0,0,0,0,75.40
2026-06-25 21:48:50,42.55,ATTENTIVE,0.261,0.645,54.5,2.8,-3.0,0.00,100.0,0,0,0,71.83
2026-06-25 21:48:51,43.63,ATTENTIVE,0.240,0.634,52.4,2.6,0.0,0.00,100.0,0,0,0,76.31
2026-06-25 21:48:52,44.73,ATTENTIVE,0.240,0.634,52.4,2.6,0.0,0.00,100.0,0,0,0,78.85
2026-06-25 21:48:53,45.75,ATTENTIVE,0.240,0.634,52.4,2.6,0.0,0.00,100.0,0,0,0,79.53
2026-06-25 21:48:54,46.77,ATTENTIVE,0.235,0.652,51.9,8.5,-1.8,0.00,100.0,0,0,0,82.71
2026-06-25 21:48:55,47.79,ATTENTIVE,0.247,0.655,52.2,7.1,-2.7,0.00,100.0,0,0,0,85.97
2026-06-25 21:48:56,48.81,ATTENTIVE,0.248,0.642,52.5,5.7,-2.3,0.00,100.0,0,0,0,85.14
2026-06-25 21:48:57,49.84,ATTENTIVE,0.237,0.635,52.3,-5.5,3.5,0.00,100.0,0,0,0,87.21
2026-06-25 21:48:58,50.90,ATTENTIVE,0.134,0.617,52.3,-11.1,-8.7,0.07,100.0,0,0,0,88.78
2026-06-25 21:48:59,51.92,ATTENTIVE,0.238,0.497,38.3,-25.0,-38.0,0.02,100.0,0,0,0,89.35
2026-06-25 21:49:00,52.98,FATIGUED,0.188,0.482,38.3,-23.2,-37.4,0.02,88.8,0,0,0,88.64
2026-06-25 21:49:01,54.06,FATIGUED,0.244,0.487,38.4,-19.8,-35.1,0.01,76.6,0,0,0,88.19
2026-06-25 21:49:02,55.10,FATIGUED,0.271,0.502,38.3,-19.8,-35.3,0.01,65.4,0,0,0,88.41
2026-06-25 21:49:03,56.16,FATIGUED,0.277,0.491,37.8,-20.8,-36.2,0.02,54.1,0,0,0,88.16
2026-06-25 21:49:04,57.21,FATIGUED,0.312,0.472,37.6,-20.1,-37.3,0.02,41.8,0,0,0,87.57
2026-06-25 21:49:05,58.24,FATIGUED,0.339,0.473,38.1,-21.5,-38.0,0.03,29.3,0,0,0,87.29
2026-06-25 21:49:06,59.31,FATIGUED,0.299,0.472,38.0,-22.1,-37.3,0.03,16.7,0,0,0,88.24
2026-06-25 21:49:07,60.36,FATIGUED,0.295,0.480,38.0,-22.7,-37.1,0.03,6.2,0,0,0,87.46
2026-06-25 21:49:09,61.41,FATIGUED,0.308,0.479,37.9,-22.0,-36.1,0.04,0.0,0,0,0,87.21
2026-06-25 21:49:10,62.44,FATIGUED,0.259,0.623,45.7,2.4,0.9,0.04,1.2,0,0,0,86.54
2026-06-25 21:49:11,63.44,ATTENTIVE,0.221,0.666,37.1,2.3,8.0,0.03,8.4,0,0,0,86.30
2026-06-25 21:49:12,64.46,FATIGUED,0.271,0.662,36.1,0.7,5.3,0.35,0.0,0,0,0,84.31
2026-06-25 21:49:13,65.51,MICROSLEEP,0.216,0.674,36.1,2.8,5.6,0.42,0.0,0,0,0,84.12
2026-06-25 21:49:14,66.56,MICROSLEEP,0.246,0.683,37.4,-0.7,6.6,0.43,0.0,0,0,0,83.04
2026-06-25 21:49:15,67.61,MICROSLEEP,0.279,0.648,46.0,6.8,3.1,0.24,0.0,0,0,0,83.26
2026-06-25 21:49:16,68.61,ATTENTIVE,0.236,0.661,57.3,19.0,6.3,0.06,5.4,0,0,0,83.21
2026-06-25 21:49:17,69.65,ATTENTIVE,0.226,0.653,57.1,17.8,6.8,0.03,13.2,0,0,0,82.55
2026-06-25 21:49:18,70.72,ATTENTIVE,0.157,0.649,55.8,0.7,-1.4,0.05,21.0,0,0,0,78.27
2026-06-25 21:49:19,71.77,ATTENTIVE,0.239,0.627,50.0,-0.5,-4.4,0.04,29.4,0,0,0,77.18
2026-06-25 21:49:20,72.83,ATTENTIVE,0.207,0.630,51.7,-3.6,-4.5,0.03,37.8,0,0,0,74.80
2026-06-25 21:49:21,73.83,ATTENTIVE,0.216,0.621,52.5,-4.3,-2.3,0.03,46.2,0,0,0,73.87
2026-06-25 21:49:22,74.85,ATTENTIVE,0.249,0.619,53.0,-4.4,-2.3,0.02,54.6,0,0,0,73.89
2026-06-25 21:49:23,75.89,ATTENTIVE,0.220,0.652,56.5,-9.6,4.2,0.02,62.4,0,0,0,73.92
2026-06-25 21:49:24,76.93,ATTENTIVE,0.218,0.615,55.1,-11.4,2.6,0.05,70.8,0,0,0,73.32
2026-06-25 21:49:25,77.99,ATTENTIVE,0.154,0.623,56.6,-13.5,9.7,0.11,79.2,0,0,0,73.51
2026-06-25 21:49:26,79.01,ATTENTIVE,0.169,0.607,57.2,-17.7,9.9,0.07,87.6,0,0,0,73.34
2026-06-25 21:49:27,80.11,ATTENTIVE,0.189,0.625,56.2,-9.6,3.1,0.07,96.0,0,0,0,74.77
2026-06-25 21:49:28,81.12,ATTENTIVE,0.199,0.607,55.0,-10.2,4.2,0.04,100.0,0,0,0,81.09
2026-06-25 21:49:29,82.19,ATTENTIVE,0.210,0.621,54.3,-9.3,5.6,0.03,100.0,0,0,0,83.44
2026-06-25 21:49:30,83.22,ATTENTIVE,0.214,0.637,54.1,-2.5,4.6,0.02,100.0,0,0,0,85.17
2026-06-25 21:49:31,84.25,ATTENTIVE,0.213,0.635,53.1,-1.2,3.1,0.02,100.0,0,0,0,86.60
2026-06-25 21:49:32,85.31,ATTENTIVE,0.204,0.619,53.9,-3.3,0.5,0.02,100.0,0,0,0,86.90
2026-06-25 21:49:33,86.35,ATTENTIVE,0.209,0.635,51.5,1.0,1.2,0.03,100.0,0,0,0,82.88
2026-06-25 21:49:35,87.40,ATTENTIVE,0.163,0.629,53.1,-3.5,-1.0,0.07,100.0,0,0,0,81.53
2026-06-25 21:49:36,88.48,ATTENTIVE,0.239,0.625,53.0,2.3,-5.5,0.04,100.0,0,0,0,81.59
2026-06-25 21:49:37,89.58,ATTENTIVE,0.249,0.661,55.0,13.3,2.7,0.02,100.0,0,0,0,87.57
2026-06-25 21:49:38,90.56,ATTENTIVE,0.237,0.655,56.0,22.9,6.7,0.02,100.0,0,0,0,91.31
2026-06-25 21:49:39,91.59,ATTENTIVE,0.230,0.666,55.7,11.1,5.9,0.02,100.0,0,0,0,98.86
2026-06-25 21:49:40,92.71,ATTENTIVE,0.226,0.646,54.9,7.5,5.9,0.02,100.0,0,0,0,104.02
2026-06-25 21:49:41,93.72,ATTENTIVE,0.214,0.651,54.6,0.8,5.3,0.02,100.0,0,0,0,111.12
2026-06-25 21:49:42,94.81,ATTENTIVE,0.209,0.647,54.5,2.4,5.3,0.02,100.0,0,0,0,120.46
2026-06-25 21:49:43,95.78,ATTENTIVE,0.215,0.634,54.2,0.3,5.2,0.02,100.0,0,0,0,122.14
2026-06-25 21:49:44,96.98,ATTENTIVE,0.231,0.641,53.9,-0.5,3.7,0.02,100.0,0,0,0,117.30
2026-06-25 21:49:45,97.99,ATTENTIVE,0.216,0.642,53.9,-0.8,4.2,0.02,100.0,0,0,0,124.49
2026-06-25 21:49:46,99.00,ATTENTIVE,0.219,0.636,53.7,7.5,5.1,0.01,100.0,0,0,0,133.71
2026-06-25 21:49:47,100.11,ATTENTIVE,0.170,0.644,52.9,4.7,3.1,0.03,100.0,0,0,0,138.05
2026-06-25 21:49:48,101.10,ATTENTIVE,0.148,0.640,52.9,-1.6,1.0,0.07,100.0,0,0,0,140.01
2026-06-25 21:49:49,102.12,ATTENTIVE,0.235,0.662,53.0,7.3,-1.0,0.03,100.0,0,0,0,131.17
2026-06-25 22:23:36,57.36,CALIBRATING,0.315,0.665,49.9,12.4,0.0,0.00,100.0,0,0,0,41.32
2026-06-25 22:23:36,57.44,CALIBRATING,0.315,0.665,49.9,12.4,0.0,0.00,100.0,0,0,0,83.98
2026-06-25 22:23:37,58.50,CALIBRATING,0.315,0.665,49.9,12.4,0.0,0.00,100.0,0,0,0,90.82
2026-06-25 22:23:38,59.57,CALIBRATING,0.315,0.665,49.9,12.4,0.0,0.00,100.0,0,0,0,96.47
2026-06-25 22:23:39,60.59,CALIBRATING,0.210,0.578,51.6,-25.4,-17.0,0.00,100.0,0,0,0,104.23
2026-06-25 22:23:40,61.61,CALIBRATING,0.210,0.578,51.6,-25.4,-17.0,0.00,100.0,0,0,0,66.28
2026-06-25 22:23:41,62.68,CALIBRATING,0.210,0.578,51.6,-25.4,-17.0,0.00,100.0,0,0,0,64.16
2026-06-25 22:23:42,63.69,CALIBRATING,0.210,0.578,51.6,-25.4,-17.0,0.00,100.0,0,0,0,63.28
2026-06-25 22:23:43,64.71,CALIBRATING,0.210,0.578,51.6,-25.4,-17.0,0.00,100.0,0,0,0,60.15
2026-06-25 22:23:44,65.76,ATTENTIVE,0.289,0.585,41.8,-14.1,-23.1,0.00,100.0,0,0,0,64.64
2026-06-25 22:23:45,66.80,ATTENTIVE,0.289,0.585,41.8,-14.1,-23.1,0.00,100.0,0,0,0,68.93
2026-06-25 22:23:46,67.87,ATTENTIVE,0.289,0.585,41.8,-14.1,-23.1,0.00,100.0,0,0,0,71.89
2026-06-25 22:23:47,68.87,ATTENTIVE,0.289,0.585,41.8,-14.1,-23.1,0.00,100.0,0,0,0,75.47
2026-06-25 22:23:48,69.91,ATTENTIVE,0.289,0.585,41.8,-14.1,-23.1,0.00,100.0,0,0,0,73.41
2026-06-25 22:23:49,70.98,ATTENTIVE,0.248,0.690,51.5,14.6,1.3,0.01,87.4,0,0,0,75.13
2026-06-25 22:23:50,72.04,ATTENTIVE,0.248,0.690,51.5,14.6,1.3,0.01,87.4,0,0,0,72.64
2026-06-25 22:23:51,73.12,ATTENTIVE,0.248,0.690,51.5,14.6,1.3,0.01,87.4,0,0,0,71.96
2026-06-25 22:23:52,74.18,ATTENTIVE,0.248,0.690,51.5,14.6,1.3,0.01,87.4,0,0,0,74.69
2026-06-25 22:23:53,75.28,ATTENTIVE,0.274,0.659,50.3,8.8,1.0,0.02,100.0,0,0,0,76.84
2026-06-25 22:23:57,78.48,ATTENTIVE,0.278,0.663,49.9,13.4,4.0,0.01,100.0,0,0,0,42.88
2026-06-25 22:23:58,79.43,ATTENTIVE,0.278,0.663,49.9,13.4,4.0,0.01,100.0,0,0,0,51.06
2026-06-25 22:23:59,80.52,ATTENTIVE,0.278,0.663,49.9,13.4,4.0,0.01,100.0,0,0,0,58.73
2026-06-25 22:24:00,81.59,ATTENTIVE,0.278,0.663,49.9,13.4,4.0,0.01,100.0,0,0,0,67.20
2026-06-25 22:24:01,82.61,ATTENTIVE,0.278,0.663,49.9,13.4,4.0,0.01,100.0,0,0,0,75.10
2026-06-25 22:24:02,83.66,ATTENTIVE,0.315,0.711,49.5,17.5,6.3,0.01,100.0,0,0,0,81.81
2026-06-25 22:24:03,84.74,ATTENTIVE,0.315,0.711,49.5,17.5,6.3,0.01,100.0,0,0,0,81.18
2026-06-25 22:24:04,85.78,ATTENTIVE,0.315,0.711,49.5,17.5,6.3,0.01,100.0,0,0,0,82.06
2026-06-25 22:24:05,86.81,ATTENTIVE,0.315,0.711,49.5,17.5,6.3,0.01,100.0,0,0,0,82.81
2026-06-25 22:24:06,87.87,ATTENTIVE,0.315,0.711,49.5,17.5,6.3,0.01,100.0,0,0,0,82.30
2026-06-25 22:24:07,88.87,ATTENTIVE,0.320,0.716,49.9,17.8,5.9,0.01,100.0,0,1,0,81.59
2026-06-25 22:24:08,89.91,ATTENTIVE,0.320,0.716,49.9,17.8,5.9,0.01,100.0,0,1,0,82.21
2026-06-25 22:24:09,90.97,ATTENTIVE,0.320,0.716,49.9,17.8,5.9,0.01,100.0,0,1,0,81.40
2026-06-25 22:24:10,92.06,ATTENTIVE,0.320,0.716,49.9,17.8,5.9,0.01,100.0,0,1,0,81.23
2026-06-25 22:24:11,93.12,ATTENTIVE,0.320,0.716,49.9,17.8,5.9,0.01,100.0,0,1,0,80.98
2026-06-25 22:24:12,94.14,FATIGUED,0.225,0.637,51.7,7.0,-16.2,0.21,89.5,0,2,0,81.44
2026-06-25 22:24:13,95.15,FATIGUED,0.225,0.637,51.7,7.0,-16.2,0.21,89.5,0,2,0,81.07
2026-06-25 22:24:14,96.21,FATIGUED,0.225,0.637,51.7,7.0,-16.2,0.21,89.5,0,2,0,80.14
2026-06-29 21:16:09,20.12,CALIBRATING,0.250,0.618,55.6,-17.7,22.6,0.00,100.0,0,0,0,43.74
2026-06-29 21:16:12,23.58,CALIBRATING,0.255,0.603,55.6,-14.9,22.8,0.00,100.0,0,0,0,43.10
2026-06-29 21:16:18,29.58,CALIBRATING,0.261,0.603,55.6,-14.9,22.8,0.00,100.0,0,0,0,42.08
2026-06-29 21:16:25,36.10,CALIBRATING,0.238,0.605,54.1,4.1,-3.2,0.00,100.0,0,0,0,42.79
2026-06-29 21:16:31,42.24,CALIBRATING,0.254,0.680,53.3,12.1,-0.6,0.00,100.0,0,0,0,42.69
2026-06-29 21:16:51,62.60,CALIBRATING,0.299,0.680,53.3,12.1,-0.6,0.00,100.0,0,0,0,45.76
2026-06-29 21:17:02,73.46,CALIBRATING,0.244,0.684,54.3,3.9,9.5,0.00,100.0,0,0,0,53.38
2026-06-29 21:17:08,79.81,CALIBRATING,0.253,0.674,53.6,3.4,14.7,0.00,100.0,0,0,0,62.84
2026-06-29 21:17:16,86.98,CALIBRATING,0.256,0.668,52.7,8.7,14.8,0.00,100.0,0,0,0,113.07
2026-06-29 21:17:21,92.46,CALIBRATING,0.259,0.667,52.0,5.7,15.6,0.00,100.0,0,0,0,131.22
2026-06-29 21:26:59,18.91,CALIBRATING,0.205,0.623,56.4,11.0,-31.1,0.00,100.0,0,0,0,39.80
2026-06-29 21:26:59,18.99,CALIBRATING,0.205,0.623,56.4,11.0,-31.1,0.00,100.0,0,0,0,91.19
2026-06-29 21:27:00,20.02,CALIBRATING,0.205,0.623,56.4,11.0,-31.1,0.00,100.0,0,0,0,96.54
2026-06-29 21:27:02,21.19,CALIBRATING,0.193,0.626,59.0,-4.7,4.3,0.63,100.0,0,0,0,105.61
2026-06-29 21:27:03,22.24,CALIBRATING,0.193,0.626,59.0,-4.7,4.3,0.63,100.0,0,0,0,110.17
2026-06-29 21:27:04,23.27,CALIBRATING,0.193,0.626,59.0,-4.7,4.3,0.63,100.0,0,0,0,62.07
2026-06-29 21:27:05,24.30,CALIBRATING,0.193,0.626,59.0,-4.7,4.3,0.63,100.0,0,0,0,62.00
2026-06-29 21:27:06,25.37,CALIBRATING,0.193,0.626,59.0,-4.7,4.3,0.63,100.0,0,0,0,58.12
2026-06-29 21:27:07,26.42,ATTENTIVE,0.231,0.610,52.1,-7.8,-11.7,0.12,100.0,1,0,0,60.91
2026-06-29 21:27:08,27.48,ATTENTIVE,0.231,0.610,52.1,-7.8,-11.7,0.12,100.0,1,0,0,64.60
2026-06-29 21:27:09,28.52,ATTENTIVE,0.231,0.610,52.1,-7.8,-11.7,0.12,100.0,1,0,0,69.05
2026-06-29 21:27:10,29.58,ATTENTIVE,0.231,0.610,52.1,-7.8,-11.7,0.12,100.0,1,0,0,72.69
2026-06-29 21:27:13,32.99,ATTENTIVE,0.255,0.633,51.3,-2.7,-3.4,0.06,100.0,1,0,0,38.94
2026-06-29 21:27:14,33.87,ATTENTIVE,0.255,0.633,51.3,-2.7,-3.4,0.06,100.0,1,0,0,48.73
2026-06-29 21:27:15,34.89,ATTENTIVE,0.255,0.633,51.3,-2.7,-3.4,0.06,100.0,1,0,0,56.27
2026-06-29 21:27:17,36.31,ATTENTIVE,0.283,0.654,51.4,2.0,-2.0,0.01,100.0,1,0,0,57.15
2026-06-29 21:27:23,42.40,ATTENTIVE,0.286,0.654,51.4,2.0,-2.0,0.01,100.0,1,0,0,39.26
2026-06-29 21:27:29,48.80,ATTENTIVE,0.276,0.647,51.8,1.6,0.0,0.00,100.0,1,0,0,38.92
2026-06-29 22:08:24,17.90,CALIBRATING,0.267,0.694,55.7,21.7,10.2,0.00,100.0,0,0,0,41.88
2026-06-29 22:08:28,21.51,CALIBRATING,0.234,0.721,55.2,18.4,12.9,0.00,100.0,0,0,0,42.40
2026-06-29 22:08:34,27.56,CALIBRATING,0.201,0.721,55.2,18.4,12.9,0.00,100.0,0,0,0,39.88
2026-06-29 22:08:40,34.00,CALIBRATING,0.238,0.708,54.2,8.1,-2.9,0.00,100.0,0,0,0,40.41
2026-06-29 22:08:42,35.58,CALIBRATING,0.237,0.704,54.1,15.0,0.0,0.00,100.0,0,0,0,45.18
2026-06-29 22:08:42,36.44,CALIBRATING,0.237,0.704,54.1,15.0,0.0,0.00,100.0,0,0,0,52.99
2026-06-29 22:08:44,37.47,CALIBRATING,0.237,0.704,54.1,15.0,0.0,0.00,100.0,0,0,0,58.60
2026-06-29 22:08:45,38.51,CALIBRATING,0.237,0.704,54.1,15.0,0.0,0.00,100.0,0,0,0,59.15
2026-06-29 22:08:46,39.56,CALIBRATING,0.237,0.704,54.1,15.0,0.0,0.00,100.0,0,0,0,61.50
2026-06-29 22:08:47,40.78,ATTENTIVE,0.163,0.661,53.8,2.5,-2.9,0.03,100.0,0,0,0,66.73
2026-06-29 22:08:48,41.84,ATTENTIVE,0.163,0.661,53.8,2.5,-2.9,0.03,100.0,0,0,0,71.52
2026-06-29 22:08:49,42.90,ATTENTIVE,0.163,0.661,53.8,2.5,-2.9,0.03,100.0,0,0,0,76.64
2026-06-29 22:08:50,44.01,ATTENTIVE,0.163,0.661,53.8,2.5,-2.9,0.03,100.0,0,0,0,80.43
2026-06-29 22:08:51,45.07,ATTENTIVE,0.163,0.661,53.8,2.5,-2.9,0.03,100.0,0,0,0,92.72
2026-06-29 22:08:52,46.20,ATTENTIVE,0.209,0.630,51.1,14.3,2.5,0.01,100.0,0,0,0,106.26
2026-06-29 22:08:53,47.27,ATTENTIVE,0.209,0.630,51.1,14.3,2.5,0.01,100.0,0,0,0,116.53
2026-06-29 22:08:54,48.27,ATTENTIVE,0.209,0.630,51.1,14.3,2.5,0.01,100.0,0,0,0,126.02
2026-06-29 22:08:55,49.37,ATTENTIVE,0.209,0.630,51.1,14.3,2.5,0.01,100.0,0,0,0,132.73
2026-06-29 22:08:57,50.52,ATTENTIVE,0.209,0.630,51.1,14.3,2.5,0.01,100.0,0,0,0,144.16
2026-06-29 22:08:58,51.73,ATTENTIVE,0.233,0.608,50.3,-5.4,2.1,0.01,100.0,0,0,0,157.34
2026-06-29 22:08:59,52.57,ATTENTIVE,0.233,0.608,50.3,-5.4,2.1,0.01,100.0,0,0,0,166.47
2026-06-29 22:09:00,53.64,ATTENTIVE,0.233,0.608,50.3,-5.4,2.1,0.01,100.0,0,0,0,166.84
2026-06-29 22:09:01,54.67,ATTENTIVE,0.233,0.608,50.3,-5.4,2.1,0.01,100.0,0,0,0,157.82
2026-06-29 22:09:02,55.95,ATTENTIVE,0.255,0.671,50.1,6.1,0.4,0.01,100.0,0,0,0,137.57
2026-06-29 22:09:03,56.97,ATTENTIVE,0.255,0.671,50.1,6.1,0.4,0.01,100.0,0,0,0,120.50
2026-06-29 22:09:04,57.99,ATTENTIVE,0.255,0.671,50.1,6.1,0.4,0.01,100.0,0,0,0,87.85
2026-06-29 22:09:05,59.05,ATTENTIVE,0.255,0.671,50.1,6.1,0.4,0.01,100.0,0,0,0,87.60
2026-06-29 22:09:11,65.30,ATTENTIVE,0.285,0.672,51.1,-8.2,0.0,0.00,100.0,0,0,0,42.62
2026-06-29 22:09:18,71.55,ATTENTIVE,0.275,0.676,52.2,4.9,1.7,0.00,100.0,0,0,0,42.46
2026-06-29 22:09:24,77.59,ATTENTIVE,0.218,0.676,52.2,4.9,1.7,0.00,100.0,0,0,0,42.17
2026-06-29 22:09:30,84.00,ATTENTIVE,0.279,0.677,52.3,6.7,2.9,0.00,100.0,0,0,0,42.36
2026-06-29 22:09:36,90.35,ATTENTIVE,0.260,0.673,53.2,13.7,8.0,0.00,100.0,0,0,0,65.49
2026-06-29 22:09:42,96.41,ATTENTIVE,0.134,0.673,53.2,13.7,8.0,0.02,100.0,0,0,0,43.95
2026-06-29 22:09:49,102.92,ATTENTIVE,0.252,0.670,53.7,5.8,-1.2,0.02,100.0,0,0,0,47.55
2026-06-29 22:09:55,108.86,ATTENTIVE,0.221,0.670,53.7,5.8,-1.2,0.02,100.0,0,0,0,43.59
2026-06-29 22:10:01,115.37,ATTENTIVE,0.239,0.665,53.7,-46.7,-20.9,0.01,100.0,0,0,0,48.46
2026-06-29 22:10:07,121.38,ATTENTIVE,0.199,0.665,53.7,-46.7,-20.9,0.01,100.0,0,0,0,46.06
2026-07-04 13:14:51,18.24,CALIBRATING,0.270,0.689,49.5,5.2,0.0,0.00,100.0,0,0,0,59.33
2026-07-04 13:14:52,18.34,CALIBRATING,0.270,0.689,49.5,5.2,0.0,0.00,100.0,0,0,0,116.55
2026-07-04 13:14:53,19.33,CALIBRATING,0.270,0.689,49.5,5.2,0.0,0.00,100.0,0,0,0,116.26
2026-07-04 13:14:54,20.34,CALIBRATING,0.286,0.663,46.9,-1.5,-0.5,0.00,100.0,0,0,0,120.41
2026-07-04 13:14:55,21.41,CALIBRATING,0.286,0.663,46.9,-1.5,-0.5,0.00,100.0,0,0,0,121.22
2026-07-04 13:14:56,22.44,CALIBRATING,0.286,0.663,46.9,-1.5,-0.5,0.00,100.0,0,0,0,126.16
2026-07-04 13:14:57,23.45,CALIBRATING,0.286,0.663,46.9,-1.5,-0.5,0.00,100.0,0,0,0,69.01
2026-07-04 13:14:58,24.51,CALIBRATING,0.286,0.663,46.9,-1.5,-0.5,0.00,100.0,0,0,0,62.26
2026-07-04 13:14:59,25.54,ATTENTIVE,0.293,0.664,46.9,-2.2,0.0,0.00,100.0,0,0,0,66.88
2026-07-04 13:15:00,26.54,ATTENTIVE,0.293,0.664,46.9,-2.2,0.0,0.00,100.0,0,0,0,69.26
2026-07-04 13:15:01,27.60,ATTENTIVE,0.293,0.664,46.9,-2.2,0.0,0.00,100.0,0,0,0,74.41
2026-07-04 13:15:02,28.67,ATTENTIVE,0.293,0.664,46.9,-2.2,0.0,0.00,100.0,0,0,0,82.62
2026-07-04 13:15:03,29.71,ATTENTIVE,0.293,0.664,46.9,-2.2,0.0,0.00,100.0,0,0,0,87.88
2026-07-04 13:15:04,30.73,ATTENTIVE,0.305,0.678,47.2,-1.6,0.0,0.00,100.0,0,0,0,89.52
2026-07-04 13:15:05,31.72,ATTENTIVE,0.305,0.678,47.2,-1.6,0.0,0.00,100.0,0,0,0,90.43
2026-07-04 13:15:06,32.75,ATTENTIVE,0.305,0.678,47.2,-1.6,0.0,0.00,100.0,0,0,0,89.13
2026-07-04 13:15:07,33.80,ATTENTIVE,0.305,0.678,47.2,-1.6,0.0,0.00,100.0,0,0,0,83.33
2026-07-04 13:15:08,34.83,ATTENTIVE,0.305,0.678,47.2,-1.6,0.0,0.00,100.0,0,0,0,83.03
2026-07-04 13:15:09,35.85,ATTENTIVE,0.272,0.660,47.6,-1.0,1.0,0.00,100.0,0,0,0,83.45
2026-07-04 13:15:10,36.90,ATTENTIVE,0.272,0.660,47.6,-1.0,1.0,0.00,100.0,0,0,0,82.41
2026-07-04 13:15:11,37.91,ATTENTIVE,0.272,0.660,47.6,-1.0,1.0,0.00,100.0,0,0,0,83.35
2026-07-04 13:15:12,39.00,ATTENTIVE,0.272,0.660,47.6,-1.0,1.0,0.00,100.0,0,0,0,85.49
2026-07-04 13:15:13,40.27,ATTENTIVE,0.256,0.666,47.3,-2.6,2.8,0.00,100.0,0,0,0,87.13
2026-07-04 13:15:14,41.14,ATTENTIVE,0.256,0.666,47.3,-2.6,2.8,0.00,100.0,0,0,0,89.08
2026-07-04 13:15:15,42.18,ATTENTIVE,0.256,0.666,47.3,-2.6,2.8,0.00,100.0,0,0,0,92.21
2026-07-04 13:15:16,43.22,ATTENTIVE,0.256,0.666,47.3,-2.6,2.8,0.00,100.0,0,0,0,94.65
2026-07-04 13:15:17,44.31,ATTENTIVE,0.256,0.666,47.3,-2.6,2.8,0.00,100.0,0,0,0,96.92
2026-07-04 13:15:19,45.38,ATTENTIVE,0.246,0.647,47.8,-5.1,4.9,0.00,100.0,0,0,0,101.01
2026-07-04 13:15:20,46.44,ATTENTIVE,0.246,0.647,47.8,-5.1,4.9,0.00,100.0,0,0,0,96.06
2026-07-04 13:15:21,47.48,ATTENTIVE,0.246,0.647,47.8,-5.1,4.9,0.00,100.0,0,0,0,94.64
2026-07-04 13:15:22,48.51,ATTENTIVE,0.246,0.647,47.8,-5.1,4.9,0.00,100.0,0,0,0,92.29
2026-07-04 13:15:23,49.54,ATTENTIVE,0.246,0.647,47.8,-5.1,4.9,0.00,100.0,0,0,0,90.15
2026-07-04 13:15:24,50.62,ATTENTIVE,0.198,0.705,47.6,-0.8,2.9,0.01,100.0,0,0,0,91.88
2026-07-04 13:15:25,51.68,ATTENTIVE,0.198,0.705,47.6,-0.8,2.9,0.01,100.0,0,0,0,89.36
2026-07-04 13:15:26,52.77,ATTENTIVE,0.198,0.705,47.6,-0.8,2.9,0.01,100.0,0,0,0,91.16
2026-07-04 13:15:27,53.77,ATTENTIVE,0.198,0.705,47.6,-0.8,2.9,0.01,100.0,0,0,0,95.39
2026-07-04 13:15:28,54.88,ATTENTIVE,0.198,0.705,47.6,-0.8,2.9,0.01,100.0,0,0,0,100.57
2026-07-04 13:15:29,55.90,ATTENTIVE,0.275,0.706,53.3,16.6,-4.1,0.00,100.0,0,0,0,108.96
2026-07-04 13:15:30,56.98,ATTENTIVE,0.275,0.706,53.3,16.6,-4.1,0.00,100.0,0,0,0,113.32
2026-07-04 13:15:33,59.62,ATTENTIVE,0.278,0.731,50.8,4.0,-3.2,0.00,100.0,0,0,0,84.50
2026-07-04 13:15:39,65.86,ATTENTIVE,0.274,0.725,50.3,1.8,7.4,0.00,100.0,0,0,0,39.98
2026-07-04 13:15:45,71.84,ATTENTIVE,0.244,0.725,50.3,1.8,7.4,0.00,100.0,0,0,0,44.80
2026-07-04 13:15:51,78.11,ATTENTIVE,0.244,0.725,50.3,1.8,7.4,0.00,100.0,0,0,0,42.83
2026-07-04 13:15:57,84.29,ATTENTIVE,0.244,0.725,50.3,1.8,7.4,0.00,100.0,0,0,0,40.71
2026-07-04 13:16:04,90.59,ATTENTIVE,0.244,0.725,50.3,1.8,7.4,0.00,100.0,0,0,0,40.37
2026-07-04 13:16:10,96.80,ATTENTIVE,0.244,0.725,50.3,1.8,7.4,0.00,100.0,0,0,0,41.30
2026-07-04 13:16:16,103.04,ATTENTIVE,0.244,0.725,50.3,1.8,7.4,0.00,100.0,0,0,0,40.94
2026-07-04 13:16:36,122.68,ATTENTIVE,0.264,0.697,50.6,-3.3,-5.8,0.00,100.0,0,0,0,65.33
2026-07-04 13:16:42,128.85,ATTENTIVE,0.252,0.676,51.1,2.3,-2.6,0.00,100.0,0,0,0,65.97
2026-07-04 13:16:48,134.56,ATTENTIVE,0.174,0.676,51.1,2.3,-2.6,0.01,100.0,0,0,0,51.54
2026-07-04 13:16:54,141.02,ATTENTIVE,0.251,0.671,52.1,11.3,5.4,0.01,100.0,0,0,0,48.76
2026-07-04 13:17:00,147.30,ATTENTIVE,0.245,0.665,53.0,-8.8,1.2,0.01,100.0,0,0,0,52.30
2026-07-04 13:17:06,153.28,ATTENTIVE,0.239,0.665,53.0,-8.8,1.2,0.01,100.0,0,0,0,49.26
2026-07-04 13:39:54,111.56,CALIBRATING,0.285,0.679,51.0,17.2,3.7,0.00,100.0,0,0,0,35.74
2026-07-04 13:39:57,114.68,CALIBRATING,0.285,0.679,51.0,17.2,3.7,0.00,100.0,0,0,0,111.09
2026-07-04 13:40:04,121.38,CALIBRATING,0.258,0.764,46.2,36.9,31.4,0.00,100.0,0,0,0,89.43
2026-07-04 13:40:10,127.26,CALIBRATING,0.231,0.764,46.2,36.9,31.4,0.00,100.0,0,0,0,77.92
2026-07-04 13:40:17,133.92,CALIBRATING,0.222,0.749,46.9,50.5,35.5,0.00,100.0,0,0,0,69.73
2026-07-04 13:40:23,139.92,CALIBRATING,0.148,0.749,46.9,50.5,35.5,0.02,100.0,0,0,0,96.44
2026-07-04 13:40:29,146.59,CALIBRATING,0.220,0.719,47.6,-9.1,-13.0,0.02,100.0,0,0,0,75.43
2026-07-04 13:40:36,153.29,CALIBRATING,0.215,0.705,48.5,-6.5,-3.5,0.02,100.0,0,0,0,73.55
2026-07-04 13:40:42,159.09,CALIBRATING,0.223,0.690,48.6,-4.0,-6.5,0.02,100.0,0,0,0,74.25
2026-07-04 13:40:48,165.59,CALIBRATING,0.230,0.681,48.6,1.0,-8.3,0.01,100.0,0,0,0,93.30
2026-07-04 13:40:55,171.80,CALIBRATING,0.239,0.679,50.2,-12.9,9.7,0.01,100.0,0,0,0,102.99
2026-07-04 13:41:01,177.94,CALIBRATING,0.233,0.675,51.1,2.9,0.0,0.01,100.0,0,0,0,82.94
2026-07-04 13:41:07,183.80,CALIBRATING,0.237,0.675,51.1,2.9,0.0,0.01,100.0,0,0,0,67.57
2026-07-04 13:41:13,190.10,CALIBRATING,0.237,0.675,51.1,2.9,0.0,0.01,100.0,0,0,0,67.44
2026-07-04 13:41:19,196.67,CALIBRATING,0.238,0.683,52.1,12.7,-3.2,0.01,100.0,0,0,0,67.55
2026-07-04 13:41:25,202.55,CALIBRATING,0.270,0.683,52.1,12.7,-3.2,0.01,100.0,0,0,0,68.03
2026-07-04 13:41:32,209.15,CALIBRATING,0.257,0.683,50.9,-1.2,11.6,0.01,100.0,0,0,0,70.73
2026-07-04 13:41:38,215.11,CALIBRATING,0.304,0.683,50.9,-1.2,11.6,0.01,100.0,0,0,0,71.25
2026-07-04 13:41:44,221.41,CALIBRATING,0.304,0.683,50.9,-1.2,11.6,0.01,100.0,0,0,0,69.83
2026-07-04 13:41:51,227.98,CALIBRATING,0.258,0.664,52.0,17.5,-4.5,0.01,100.0,0,0,0,73.04
2026-07-04 13:41:57,233.89,CALIBRATING,0.223,0.664,52.0,17.5,-4.5,0.01,100.0,0,0,0,74.47
2026-07-04 13:42:03,240.52,CALIBRATING,0.264,0.653,52.6,-7.7,-5.5,0.00,100.0,0,0,0,74.85
2026-07-04 13:42:09,246.39,CALIBRATING,0.246,0.653,52.6,-7.7,-5.5,0.00,100.0,0,0,0,34.70
2026-07-04 13:42:16,252.83,CALIBRATING,0.238,0.648,49.4,4.5,-6.4,0.00,100.0,0,0,0,39.14
2026-07-04 13:42:22,259.07,CALIBRATING,0.221,0.646,46.8,-1.1,-1.8,0.00,100.0,0,0,0,40.43
2026-07-04 13:42:28,265.29,CALIBRATING,0.213,0.644,45.9,7.6,4.6,0.00,100.0,0,0,0,38.38
2026-07-04 13:42:30,267.71,CALIBRATING,0.174,0.644,45.9,7.6,4.6,0.01,100.0,0,0,0,35.15
2026-07-04 13:42:31,268.74,CALIBRATING,0.174,0.644,45.9,7.6,4.6,0.01,100.0,0,0,0,39.15
2026-07-04 13:42:33,269.79,CALIBRATING,0.174,0.644,45.9,7.6,4.6,0.01,100.0,0,0,0,44.28
2026-07-04 13:42:34,270.80,CALIBRATING,0.174,0.644,45.9,7.6,4.6,0.01,100.0,0,0,0,48.04
2026-07-04 13:42:35,271.83,CALIBRATING,0.174,0.644,45.9,7.6,4.6,0.01,100.0,0,0,0,47.94
2026-07-04 13:42:36,272.85,CALIBRATING,0.174,0.644,45.9,7.6,4.6,0.05,100.0,0,0,0,48.37
2026-07-04 13:42:37,273.92,CALIBRATING,0.174,0.644,45.9,7.6,4.6,0.05,100.0,0,0,0,48.04
2026-07-04 13:42:38,274.93,CALIBRATING,0.174,0.644,45.9,7.6,4.6,0.05,100.0,0,0,0,48.16
2026-07-04 13:42:39,275.96,CALIBRATING,0.174,0.644,45.9,7.6,4.6,0.05,100.0,0,0,0,46.92
2026-07-04 13:42:40,276.99,CALIBRATING,0.174,0.644,45.9,7.6,4.6,0.05,100.0,0,0,0,46.26
2026-07-04 13:42:41,278.03,CALIBRATING,0.174,0.644,45.9,7.6,4.6,0.05,100.0,0,0,0,45.83
2026-07-04 13:42:42,279.06,CALIBRATING,0.174,0.644,45.9,7.6,4.6,0.05,100.0,0,0,0,46.59
2026-07-04 13:42:43,280.08,CALIBRATING,0.174,0.644,45.9,7.6,4.6,0.05,100.0,0,0,0,46.20
2026-07-04 13:42:44,281.12,CALIBRATING,0.174,0.644,45.9,7.6,4.6,0.05,100.0,0,0,0,46.33
2026-07-04 13:42:45,282.13,CALIBRATING,0.174,0.644,45.9,7.6,4.6,0.05,100.0,0,0,0,45.53
2026-07-04 13:42:46,283.20,CALIBRATING,0.174,0.644,45.9,7.6,4.6,0.05,100.0,0,0,0,46.13
2026-07-04 13:42:47,284.20,CALIBRATING,0.174,0.644,45.9,7.6,4.6,0.05,100.0,0,0,0,48.65
2026-07-04 13:42:48,285.21,CALIBRATING,0.174,0.644,45.9,7.6,4.6,0.05,100.0,0,0,0,50.95
2026-07-04 13:42:49,286.25,CALIBRATING,0.174,0.644,45.9,7.6,4.6,0.05,100.0,0,0,0,51.91
2026-07-04 13:42:50,287.29,CALIBRATING,0.174,0.644,45.9,7.6,4.6,0.05,100.0,0,0,0,50.52
2026-07-04 13:42:51,288.37,CALIBRATING,0.205,0.874,53.1,38.2,-3.6,0.08,100.0,1,0,0,53.99
2026-07-04 13:42:52,289.38,CALIBRATING,0.205,0.874,53.1,38.2,-3.6,0.08,100.0,1,0,0,54.35
2026-07-04 13:42:53,290.43,CALIBRATING,0.205,0.874,53.1,38.2,-3.6,0.08,100.0,1,0,0,56.27
2026-07-04 13:42:54,291.44,CALIBRATING,0.205,0.874,53.1,38.2,-3.6,0.08,100.0,1,0,0,52.22
2026-07-04 13:42:55,292.45,CALIBRATING,0.205,0.874,53.1,38.2,-3.6,0.08,100.0,1,0,0,52.97
2026-07-04 13:42:56,293.49,FATIGUED,0.193,0.883,48.4,24.1,-5.0,0.04,88.0,2,0,0,57.49
2026-07-04 13:42:57,294.53,FATIGUED,0.193,0.883,48.4,24.1,-5.0,0.04,88.0,2,0,0,60.81
2026-07-04 13:42:58,295.60,FATIGUED,0.193,0.883,48.4,24.1,-5.0,0.04,88.0,2,0,0,65.38
2026-07-04 13:42:59,296.64,FATIGUED,0.193,0.883,48.4,24.1,-5.0,0.04,88.0,2,0,0,68.58
2026-07-04 13:43:00,297.73,FATIGUED,0.193,0.883,48.4,24.1,-5.0,0.04,88.0,2,0,0,71.93
2026-07-04 13:43:01,298.75,FATIGUED,0.271,0.725,58.1,68.4,0.0,0.03,6.2,2,1,0,75.77
2026-07-04 13:43:03,299.81,FATIGUED,0.271,0.725,58.1,68.4,0.0,0.03,6.2,2,1,0,75.80
2026-07-04 13:43:04,300.85,FATIGUED,0.271,0.725,58.1,68.4,0.0,0.03,6.2,2,1,0,76.98
2026-07-04 13:43:05,301.88,FATIGUED,0.271,0.725,58.1,68.4,0.0,0.03,6.2,2,1,0,74.29
2026-07-04 13:43:06,302.93,FATIGUED,0.271,0.725,58.1,68.4,0.0,0.03,6.2,2,1,0,69.27
2026-07-04 13:43:07,303.97,FATIGUED,0.258,0.987,49.3,30.2,-3.9,0.12,0.0,2,1,0,72.81
2026-07-04 13:43:08,305.03,FATIGUED,0.258,0.987,49.3,30.2,-3.9,0.12,0.0,2,1,0,71.32
2026-07-04 13:43:09,306.02,FATIGUED,0.258,0.987,49.3,30.2,-3.9,0.12,0.0,2,1,0,71.85
2026-07-04 13:43:10,307.06,FATIGUED,0.258,0.987,49.3,30.2,-3.9,0.12,0.0,2,1,0,73.13
2026-07-04 13:43:11,308.25,FATIGUED,0.188,0.651,59.1,41.0,13.2,0.23,0.0,2,2,0,72.19
2026-07-04 13:43:12,309.30,FATIGUED,0.188,0.651,59.1,41.0,13.2,0.23,0.0,2,2,0,72.00
2026-07-04 13:43:13,310.39,FATIGUED,0.188,0.651,59.1,41.0,13.2,0.23,0.0,2,2,0,72.21
2026-07-04 13:43:14,311.40,FATIGUED,0.188,0.651,59.1,41.0,13.2,0.23,0.0,2,2,0,71.70
2026-07-04 13:43:15,312.44,FATIGUED,0.188,0.651,59.1,41.0,13.2,0.23,0.0,2,2,0,72.56
2026-07-04 13:43:18,315.59,FATIGUED,0.236,0.700,52.9,13.8,-0.9,0.20,0.0,2,2,0,35.00
2026-07-04 13:43:19,316.44,FATIGUED,0.236,0.700,52.9,13.8,-0.9,0.20,0.0,2,2,0,45.70
2026-07-04 13:43:20,317.50,FATIGUED,0.236,0.700,52.9,13.8,-0.9,0.20,0.0,2,2,0,54.59
2026-07-04 13:43:21,318.58,FATIGUED,0.236,0.700,52.9,13.8,-0.9,0.20,0.0,2,2,0,62.79
2026-07-04 13:43:22,319.58,FATIGUED,0.236,0.700,52.9,13.8,-0.9,0.20,0.0,2,2,0,71.63
2026-07-04 13:43:23,320.66,FATIGUED,0.187,0.528,43.1,-18.7,-14.5,0.24,0.0,2,2,0,73.74
2026-07-04 13:43:24,321.68,FATIGUED,0.187,0.528,43.1,-18.7,-14.5,0.24,0.0,2,2,0,73.01
2026-07-04 13:43:25,322.72,FATIGUED,0.187,0.528,43.1,-18.7,-14.5,0.24,0.0,2,2,0,72.32
2026-07-04 13:43:27,323.79,FATIGUED,0.187,0.528,43.1,-18.7,-14.5,0.24,0.0,2,2,0,71.65
2026-07-04 13:43:28,324.84,FATIGUED,0.187,0.528,43.1,-18.7,-14.5,0.24,0.0,2,2,0,72.61
2026-07-04 13:43:29,325.83,FATIGUED,0.138,0.520,42.0,-12.2,-13.0,0.59,0.0,2,2,0,73.05
2026-07-04 13:43:30,326.85,FATIGUED,0.138,0.520,42.0,-12.2,-13.0,0.59,0.0,2,2,0,72.79
2026-07-04 13:43:31,327.87,FATIGUED,0.138,0.520,42.0,-12.2,-13.0,0.59,0.0,2,2,0,73.09
2026-07-04 13:43:32,328.92,FATIGUED,0.138,0.520,42.0,-12.2,-13.0,0.59,0.0,2,2,0,74.95
2026-07-04 13:43:33,329.93,FATIGUED,0.138,0.520,42.0,-12.2,-13.0,0.59,0.0,2,2,0,75.28
2026-07-04 13:43:34,331.01,FATIGUED,0.224,0.633,52.5,3.6,-1.5,0.28,0.0,3,2,0,78.52
2026-07-04 13:43:57,354.38,FATIGUED,0.230,0.648,52.7,5.4,-1.9,0.28,0.0,3,2,0,36.55
2026-07-04 13:43:58,355.21,FATIGUED,0.230,0.648,52.7,5.4,-1.9,0.28,0.0,3,2,0,46.85
2026-07-04 13:43:59,356.24,FATIGUED,0.230,0.648,52.7,5.4,-1.9,0.28,0.0,3,2,0,54.08
2026-07-04 13:44:00,357.25,FATIGUED,0.230,0.648,52.7,5.4,-1.9,0.28,0.0,3,2,0,61.49
2026-07-04 13:44:01,358.29,FATIGUED,0.230,0.648,52.7,5.4,-1.9,0.28,0.0,3,2,0,70.15
2026-07-04 13:44:02,359.48,FATIGUED,0.185,0.613,50.9,13.4,10.8,0.28,0.0,3,2,0,73.41
2026-07-04 13:44:03,360.49,FATIGUED,0.185,0.613,50.9,13.4,10.8,0.28,0.0,3,2,0,73.57
2026-07-04 13:44:05,361.97,FATIGUED,0.185,0.613,50.9,13.4,10.8,0.28,0.0,3,2,0,93.72
2026-07-04 13:44:06,363.00,FATIGUED,0.185,0.613,50.9,13.4,10.8,0.28,0.0,3,2,0,94.88
2026-07-04 13:44:07,364.00,FATIGUED,0.185,0.613,50.9,13.4,10.8,0.28,0.0,3,2,0,95.21
2026-07-04 13:44:08,365.05,FATIGUED,0.261,0.689,54.0,11.3,-2.9,0.21,0.0,3,2,0,98.01
2026-07-04 13:44:09,366.10,FATIGUED,0.261,0.689,54.0,11.3,-2.9,0.21,0.0,3,2,0,93.53
2026-07-04 13:44:10,367.11,FATIGUED,0.261,0.689,54.0,11.3,-2.9,0.21,0.0,3,2,0,72.04
2026-07-04 13:44:11,368.15,FATIGUED,0.261,0.689,54.0,11.3,-2.9,0.21,0.0,3,2,0,72.21
2026-07-04 13:44:12,369.18,FATIGUED,0.261,0.689,54.0,11.3,-2.9,0.21,0.0,3,2,0,70.03
2026-07-04 13:44:13,370.17,FATIGUED,0.177,0.608,45.7,-9.3,-4.3,0.25,0.0,3,2,0,74.02
2026-07-04 13:44:14,371.18,FATIGUED,0.177,0.608,45.7,-9.3,-4.3,0.25,0.0,3,2,0,75.46
2026-07-04 13:44:15,372.19,FATIGUED,0.177,0.608,45.7,-9.3,-4.3,0.25,0.0,3,2,0,76.50
2026-07-04 13:44:16,373.25,FATIGUED,0.177,0.608,45.7,-9.3,-4.3,0.25,0.0,3,2,0,77.16
2026-07-04 13:44:17,374.30,FATIGUED,0.177,0.608,45.7,-9.3,-4.3,0.25,0.0,3,2,0,74.78
2026-07-04 13:44:18,375.33,FATIGUED,0.140,0.543,38.0,-12.8,-9.3,0.32,0.0,3,2,0,76.65
2026-07-04 13:44:19,376.35,FATIGUED,0.140,0.543,38.0,-12.8,-9.3,0.32,0.0,3,2,0,77.12
2026-07-04 13:44:20,377.39,FATIGUED,0.140,0.543,38.0,-12.8,-9.3,0.32,0.0,3,2,0,76.26
2026-07-04 13:44:21,378.44,FATIGUED,0.140,0.543,38.0,-12.8,-9.3,0.32,0.0,3,2,0,75.70
2026-07-04 13:44:22,379.52,ATTENTIVE,0.152,0.554,34.2,-0.9,-11.1,0.11,16.8,3,2,0,74.00
2026-07-04 13:44:23,380.54,ATTENTIVE,0.152,0.554,34.2,-0.9,-11.1,0.11,16.8,3,2,0,74.32
2026-07-04 13:44:24,381.54,ATTENTIVE,0.152,0.554,34.2,-0.9,-11.1,0.11,16.8,3,2,0,74.68
2026-07-04 13:44:25,382.55,ATTENTIVE,0.152,0.554,34.2,-0.9,-11.1,0.11,16.8,3,2,0,75.35
2026-07-04 13:44:26,383.56,ATTENTIVE,0.152,0.554,34.2,-0.9,-11.1,0.11,16.8,3,2,0,75.67
2026-07-04 13:44:27,384.74,FATIGUED,0.169,0.612,36.0,-6.4,-6.9,0.29,2.3,3,2,0,78.44
2026-07-04 13:44:28,385.76,FATIGUED,0.169,0.612,36.0,-6.4,-6.9,0.29,2.3,3,2,0,78.24
2026-07-04 13:44:29,386.78,FATIGUED,0.169,0.612,36.0,-6.4,-6.9,0.29,2.3,3,2,0,79.35
2026-07-04 13:44:31,387.84,FATIGUED,0.169,0.612,36.0,-6.4,-6.9,0.29,2.3,3,2,0,78.38
2026-07-04 13:45:45,462.78,FATIGUED,0.284,0.698,50.8,9.9,-0.5,0.21,0.0,3,2,0,39.44
2026-07-04 13:45:46,463.61,FATIGUED,0.284,0.698,50.8,9.9,-0.5,0.21,0.0,3,2,0,48.97
2026-07-04 13:45:47,464.73,FATIGUED,0.244,0.667,54.9,14.1,0.5,0.21,0.0,3,2,0,53.44
2026-07-04 13:45:48,465.77,FATIGUED,0.244,0.667,54.9,14.1,0.5,0.21,0.0,3,2,0,62.21
2026-07-04 13:45:51,467.82,FATIGUED,0.243,0.672,54.8,13.6,0.0,0.21,0.0,3,2,0,56.41
2026-07-04 13:45:51,468.68,FATIGUED,0.243,0.672,54.8,13.6,0.0,0.21,0.0,3,2,0,62.10
2026-07-04 13:45:52,469.76,FATIGUED,0.243,0.672,54.8,13.6,0.0,0.21,0.0,3,2,0,61.47
2026-07-04 13:45:54,470.79,FATIGUED,0.243,0.672,54.8,13.6,0.0,0.21,0.0,3,2,0,65.20
2026-07-04 13:45:55,471.85,FATIGUED,0.243,0.672,54.8,13.6,0.0,0.21,0.0,3,2,0,73.70
2026-07-04 13:45:56,472.91,FATIGUED,0.247,0.683,52.5,11.1,-2.1,0.21,0.0,3,2,0,78.51
2026-07-04 13:45:57,473.97,FATIGUED,0.247,0.683,52.5,11.1,-2.1,0.21,0.0,3,2,0,78.42
2026-07-04 14:02:09,11.71,CALIBRATING,0.255,0.633,50.7,13.1,1.5,0.00,100.0,0,0,0,36.94
2026-07-04 14:02:09,11.78,CALIBRATING,0.255,0.633,50.7,13.1,1.5,0.00,100.0,0,0,0,74.30
2026-07-04 14:02:11,13.13,CALIBRATING,0.285,0.684,51.3,16.9,2.7,0.00,100.0,0,0,0,75.82
2026-07-04 14:02:17,19.19,CALIBRATING,0.306,0.684,51.3,16.9,2.7,0.00,100.0,0,0,0,38.50
2026-07-04 14:02:23,25.44,CALIBRATING,0.218,0.691,51.4,52.2,32.6,0.00,100.0,0,0,0,54.90
2026-07-04 14:02:29,31.75,CALIBRATING,0.261,0.690,51.8,20.3,-1.9,0.00,100.0,0,0,0,43.77
2026-07-04 14:02:35,37.91,CALIBRATING,0.261,0.690,51.8,20.3,-1.9,0.00,100.0,0,0,0,44.47
2026-07-04 14:02:42,44.40,CALIBRATING,0.286,0.689,51.8,-51.9,-16.1,0.00,100.0,0,0,0,43.25
2026-07-04 14:02:48,50.44,CALIBRATING,0.381,0.689,51.8,-51.9,-16.1,0.00,100.0,0,0,0,43.71
2026-07-04 14:02:54,56.93,CALIBRATING,0.285,0.678,52.4,-48.9,3.7,0.00,100.0,0,0,0,43.00
2026-07-04 14:03:01,63.11,CALIBRATING,0.281,0.666,53.4,-9.1,5.3,0.00,100.0,0,0,0,44.86
2026-07-04 14:03:07,69.14,CALIBRATING,0.229,0.666,53.4,-9.1,5.3,0.00,100.0,0,0,0,45.38
2026-07-04 14:03:13,75.60,CALIBRATING,0.276,0.658,53.7,-23.1,-2.9,0.00,100.0,0,0,0,45.48
2026-07-04 14:03:19,81.65,CALIBRATING,0.243,0.658,53.7,-23.1,-2.9,0.00,100.0,0,0,0,43.06
2026-07-04 14:03:26,88.08,CALIBRATING,0.282,0.644,53.7,-47.1,-14.3,0.00,100.0,0,0,0,47.98
2026-07-04 14:03:32,94.32,CALIBRATING,0.270,0.649,53.4,26.1,-3.0,0.00,100.0,0,0,0,40.36
2026-07-04 14:03:33,96.02,CALIBRATING,0.273,0.646,53.3,10.4,-1.7,0.00,100.0,0,0,0,46.84
2026-07-04 14:03:34,96.88,CALIBRATING,0.273,0.646,53.3,10.4,-1.7,0.00,100.0,0,0,0,55.83
2026-07-04 14:03:35,97.94,CALIBRATING,0.273,0.646,53.3,10.4,-1.7,0.00,100.0,0,0,0,63.10
2026-07-04 14:03:36,98.96,CALIBRATING,0.273,0.646,53.3,10.4,-1.7,0.00,100.0,0,0,0,62.79
2026-07-04 14:03:37,99.99,CALIBRATING,0.273,0.646,53.3,10.4,-1.7,0.00,100.0,0,0,0,67.52
2026-07-04 14:03:39,101.24,FATIGUED,0.161,0.660,51.6,2.1,0.3,0.16,94.9,1,0,0,68.13
2026-07-04 14:03:40,102.32,FATIGUED,0.161,0.660,51.6,2.1,0.3,0.16,94.9,1,0,0,70.57
2026-07-04 14:03:41,103.38,FATIGUED,0.161,0.660,51.6,2.1,0.3,0.16,94.9,1,0,0,73.97
2026-07-04 14:03:42,104.43,FATIGUED,0.161,0.660,51.6,2.1,0.3,0.16,94.9,1,0,0,77.70
2026-07-04 14:03:43,105.49,FATIGUED,0.161,0.660,51.6,2.1,0.3,0.16,94.9,1,0,0,80.71
2026-07-04 14:03:44,106.73,ATTENTIVE,0.243,0.702,52.0,13.9,0.6,0.06,96.0,2,0,0,69.19
2026-07-04 14:03:45,107.60,ATTENTIVE,0.243,0.702,52.0,13.9,0.6,0.06,96.0,2,0,0,71.14
2026-07-04 14:13:58,94.40,CALIBRATING,0.277,0.678,53.9,17.2,1.8,0.00,100.0,0,0,0,33.44
2026-07-04 14:14:02,98.06,CALIBRATING,0.277,0.678,53.9,17.2,1.8,0.00,100.0,0,0,0,38.06
2026-07-04 14:14:09,104.72,CALIBRATING,0.252,0.657,53.1,-5.9,-4.0,0.00,100.0,0,0,0,83.90
2026-07-04 14:14:15,111.43,CALIBRATING,0.237,0.661,54.1,17.8,8.3,0.00,100.0,0,0,0,131.25
2026-07-04 14:14:21,117.16,CALIBRATING,0.182,0.661,54.1,17.8,8.3,0.01,100.0,0,0,0,102.14
2026-07-04 14:14:27,123.47,CALIBRATING,0.182,0.661,54.1,17.8,8.3,0.01,100.0,0,0,0,88.90
2026-07-04 14:14:34,130.20,CALIBRATING,0.236,0.664,53.0,2.1,-2.8,0.01,100.0,0,0,0,84.22
2026-07-04 14:14:40,136.20,CALIBRATING,0.235,0.673,52.7,4.2,1.2,0.01,100.0,0,0,0,58.60
2026-07-04 14:14:46,142.13,CALIBRATING,0.227,0.673,52.7,4.2,1.2,0.01,100.0,0,0,0,61.79
2026-07-04 14:14:53,148.66,CALIBRATING,0.238,0.673,52.3,5.1,-2.3,0.01,100.0,0,0,0,61.43
2026-07-04 14:14:59,154.88,CALIBRATING,0.232,0.661,52.3,-1.8,-7.0,0.01,100.0,0,0,0,62.47
2026-07-04 14:15:05,161.21,CALIBRATING,0.234,0.666,52.3,20.8,1.4,0.01,100.0,0,0,0,61.37
2026-07-04 14:15:11,167.07,CALIBRATING,0.244,0.666,52.3,20.8,1.4,0.00,100.0,0,0,0,59.68
2026-07-04 14:15:18,173.59,CALIBRATING,0.232,0.677,50.0,11.5,1.5,0.00,100.0,0,0,0,56.79
2026-07-04 14:15:24,179.57,CALIBRATING,0.235,0.677,50.0,11.5,1.5,0.00,100.0,0,0,0,57.79
2026-07-04 14:15:30,186.08,CALIBRATING,0.233,0.676,50.7,-10.1,3.3,0.00,100.0,0,0,0,61.19
2026-07-04 14:15:36,192.27,CALIBRATING,0.239,0.677,50.8,-3.1,-3.3,0.00,100.0,0,0,0,61.03
2026-07-04 14:15:43,198.89,CALIBRATING,0.247,0.657,50.5,-4.4,-10.9,0.00,100.0,0,0,0,75.13
2026-07-04 14:15:49,205.11,CALIBRATING,0.248,0.658,50.7,10.5,1.9,0.00,100.0,0,0,0,101.08
2026-07-04 14:16:02,217.68,CALIBRATING,0.255,0.653,51.5,6.7,-1.8,0.00,100.0,0,0,0,95.39
2026-07-04 14:16:08,223.87,CALIBRATING,0.255,0.650,52.5,2.7,2.7,0.00,100.0,0,0,0,97.72
2026-07-04 14:16:14,229.65,CALIBRATING,0.242,0.650,52.5,2.7,2.7,0.00,100.0,0,0,0,41.93
2026-07-04 14:16:20,236.08,CALIBRATING,0.227,0.670,48.9,13.1,8.5,0.00,100.0,0,0,0,37.45
2026-07-04 14:16:26,242.15,CALIBRATING,0.142,0.670,48.9,13.1,8.5,0.02,100.0,0,0,0,43.41
2026-07-04 14:16:32,248.41,CALIBRATING,0.164,0.666,47.6,6.7,-1.3,0.03,100.0,0,0,0,40.18
2026-07-04 14:16:37,252.62,CALIBRATING,0.186,0.665,48.1,6.6,-13.3,0.05,100.0,0,0,0,40.92
2026-07-04 14:16:38,253.48,CALIBRATING,0.186,0.665,48.1,6.6,-13.3,0.05,100.0,0,0,0,47.19
2026-07-04 14:16:39,254.53,CALIBRATING,0.186,0.665,48.1,6.6,-13.3,0.05,100.0,0,0,0,52.25
2026-07-04 14:16:40,255.55,CALIBRATING,0.186,0.665,48.1,6.6,-13.3,0.05,100.0,0,0,0,57.01
2026-07-04 14:16:41,256.61,CALIBRATING,0.186,0.665,48.1,6.6,-13.3,0.05,100.0,0,0,0,57.72
2026-07-04 14:16:42,257.79,ATTENTIVE,0.249,0.656,49.6,8.8,0.0,0.03,100.0,1,0,0,64.61
2026-07-04 14:16:43,258.84,ATTENTIVE,0.249,0.656,49.6,8.8,0.0,0.03,100.0,1,0,0,68.44
2026-07-04 14:16:44,259.84,ATTENTIVE,0.249,0.656,49.6,8.8,0.0,0.03,100.0,1,0,0,71.64
2026-07-04 14:16:45,260.86,ATTENTIVE,0.249,0.656,49.6,8.8,0.0,0.03,100.0,1,0,0,74.33
2026-07-04 14:16:46,261.93,ATTENTIVE,0.249,0.656,49.6,8.8,0.0,0.03,100.0,1,0,0,75.19
2026-07-04 14:16:47,262.94,FATIGUED,0.303,0.817,47.2,52.9,38.8,0.19,66.7,1,0,0,75.13
2026-07-04 14:16:48,263.95,FATIGUED,0.303,0.817,47.2,52.9,38.8,0.19,66.7,1,0,0,76.16
2026-07-04 14:16:49,265.01,FATIGUED,0.303,0.817,47.2,52.9,38.8,0.19,66.7,1,0,0,79.35
2026-07-04 14:16:50,266.05,FATIGUED,0.303,0.817,47.2,52.9,38.8,0.19,66.7,1,0,0,80.43
2026-07-04 14:16:51,267.05,FATIGUED,0.303,0.817,47.2,52.9,38.8,0.19,66.7,1,0,0,80.87
2026-07-04 14:16:52,268.11,FATIGUED,0.336,0.772,56.1,40.4,-2.1,0.01,1.7,1,1,0,81.53
2026-07-04 14:16:53,269.15,FATIGUED,0.336,0.772,56.1,40.4,-2.1,0.01,1.7,1,1,0,81.94
2026-07-04 14:16:54,270.23,FATIGUED,0.336,0.772,56.1,40.4,-2.1,0.01,1.7,1,1,0,81.30
2026-07-04 14:16:55,271.29,FATIGUED,0.336,0.772,56.1,40.4,-2.1,0.01,1.7,1,1,0,80.81
2026-07-04 14:16:56,272.38,FATIGUED,0.336,0.772,56.1,40.4,-2.1,0.01,1.7,1,1,0,81.97
2026-07-04 14:16:57,273.40,ATTENTIVE,0.302,0.718,52.7,17.8,-2.0,0.01,25.2,1,1,0,82.93
2026-07-04 14:16:58,274.45,ATTENTIVE,0.302,0.718,52.7,17.8,-2.0,0.01,25.2,1,1,0,83.69
2026-07-04 14:17:00,275.50,ATTENTIVE,0.302,0.718,52.7,17.8,-2.0,0.01,25.2,1,1,0,83.83
2026-07-04 14:17:01,276.53,ATTENTIVE,0.302,0.718,52.7,17.8,-2.0,0.01,25.2,1,1,0,84.91
2026-07-04 14:17:02,277.54,ATTENTIVE,0.302,0.718,52.7,17.8,-2.0,0.01,25.2,1,1,0,85.89
2026-07-04 14:17:03,278.66,ATTENTIVE,0.248,0.674,55.6,18.0,2.5,0.01,59.4,1,1,0,85.52
2026-07-04 14:18:18,353.94,ATTENTIVE,0.249,0.684,55.6,27.3,12.6,0.01,66.0,1,1,0,42.58
2026-07-04 14:18:19,354.99,ATTENTIVE,0.249,0.684,55.6,27.3,12.6,0.01,66.0,1,1,0,50.01
2026-07-04 14:18:20,356.01,ATTENTIVE,0.249,0.684,55.6,27.3,12.6,0.01,66.0,1,1,0,57.41
2026-07-04 14:18:22,358.10,ATTENTIVE,0.287,0.663,54.5,20.5,5.9,0.01,83.4,1,1,0,57.04
2026-07-04 14:18:23,358.95,ATTENTIVE,0.287,0.663,54.5,20.5,5.9,0.01,83.4,1,1,0,60.76
2026-07-04 14:18:24,359.97,ATTENTIVE,0.287,0.663,54.5,20.5,5.9,0.01,83.4,1,1,0,61.43
2026-07-04 14:18:25,361.02,ATTENTIVE,0.287,0.663,54.5,20.5,5.9,0.01,83.4,1,1,0,67.38
2026-07-04 14:18:26,362.03,ATTENTIVE,0.287,0.663,54.5,20.5,5.9,0.01,83.4,1,1,0,74.86
2026-07-04 14:18:27,363.20,ATTENTIVE,0.276,0.675,54.3,18.1,5.5,0.01,100.0,1,1,0,80.72
2026-07-04 14:18:28,364.24,ATTENTIVE,0.276,0.675,54.3,18.1,5.5,0.01,100.0,1,1,0,79.82
2026-07-04 14:18:29,365.32,ATTENTIVE,0.276,0.675,54.3,18.1,5.5,0.01,100.0,1,1,0,80.05
2026-07-04 14:18:30,366.35,ATTENTIVE,0.276,0.675,54.3,18.1,5.5,0.01,100.0,1,1,0,79.17
2026-07-04 14:18:32,367.87,ATTENTIVE,0.267,0.695,53.7,14.3,3.8,0.01,100.0,1,1,0,64.44
2026-07-04 14:18:33,368.72,ATTENTIVE,0.267,0.695,53.7,14.3,3.8,0.01,100.0,1,1,0,67.53
2026-07-04 14:18:34,369.78,ATTENTIVE,0.267,0.695,53.7,14.3,3.8,0.01,100.0,1,1,0,67.83
2026-07-04 14:18:37,373.20,ATTENTIVE,0.287,0.678,49.5,14.5,2.6,0.01,100.0,1,1,0,44.85
2026-07-04 14:18:38,374.06,ATTENTIVE,0.287,0.678,49.5,14.5,2.6,0.01,100.0,1,1,0,51.02
2026-07-04 14:18:39,375.08,ATTENTIVE,0.287,0.678,49.5,14.5,2.6,0.01,100.0,1,1,0,57.83
2026-07-04 14:18:40,376.16,ATTENTIVE,0.287,0.678,49.5,14.5,2.6,0.01,100.0,1,1,0,65.68
2026-07-04 14:18:41,377.17,ATTENTIVE,0.287,0.678,49.5,14.5,2.6,0.01,100.0,1,1,0,72.97
2026-07-04 14:18:42,378.32,FATIGUED,0.311,0.637,45.3,-9.1,-14.3,0.21,91.1,1,2,0,79.58
2026-07-04 14:18:43,379.39,FATIGUED,0.311,0.637,45.3,-9.1,-14.3,0.21,91.1,1,2,0,80.58
2026-07-04 14:18:44,380.41,FATIGUED,0.311,0.637,45.3,-9.1,-14.3,0.21,91.1,1,2,0,80.41
2026-07-04 14:18:46,381.47,FATIGUED,0.311,0.637,45.3,-9.1,-14.3,0.21,91.1,1,2,0,81.55
2026-07-04 14:18:47,382.50,FATIGUED,0.311,0.637,45.3,-9.1,-14.3,0.21,91.1,1,2,0,81.80
2026-07-04 14:18:48,383.56,FATIGUED,0.273,0.559,46.1,-10.0,-1.3,0.21,72.2,1,2,0,79.80
2026-07-04 14:18:49,384.62,FATIGUED,0.273,0.559,46.1,-10.0,-1.3,0.21,72.2,1,2,0,80.47
2026-07-04 14:18:50,385.70,FATIGUED,0.273,0.559,46.1,-10.0,-1.3,0.21,72.2,1,2,0,79.48
2026-07-04 14:18:51,386.74,FATIGUED,0.273,0.559,46.1,-10.0,-1.3,0.21,72.2,1,2,0,79.30
2026-07-04 14:18:52,387.81,FATIGUED,0.273,0.559,46.1,-10.0,-1.3,0.21,72.2,1,2,0,80.30
2026-07-04 14:18:53,388.91,FATIGUED,0.280,0.703,54.1,20.7,2.5,0.21,53.4,1,2,0,84.13
2026-07-04 14:19:47,442.95,FATIGUED,0.254,0.687,53.4,9.8,-8.9,0.21,50.9,1,2,0,38.11
2026-07-04 14:19:48,443.84,FATIGUED,0.254,0.687,53.4,9.8,-8.9,0.21,50.9,1,2,0,49.26
2026-07-04 14:19:50,445.89,FATIGUED,0.223,0.618,51.6,4.2,-10.8,0.21,46.6,1,2,0,50.63
2026-07-04 14:19:51,446.79,FATIGUED,0.223,0.618,51.6,4.2,-10.8,0.21,46.6,1,2,0,56.04
2026-07-04 14:19:53,448.91,FATIGUED,0.258,0.644,52.3,9.2,-10.6,0.20,39.9,1,2,0,55.01
2026-07-04 14:19:59,454.97,FATIGUED,0.258,0.644,52.3,9.2,-10.6,0.17,39.6,1,2,0,39.03
2026-07-04 14:23:17,26.73,CALIBRATING,0.337,0.764,52.7,29.6,11.8,0.00,100.0,0,0,0,41.45
2026-07-04 14:23:17,26.83,CALIBRATING,0.337,0.764,52.7,29.6,11.8,0.00,100.0,0,0,0,70.40
2026-07-04 14:23:18,27.87,CALIBRATING,0.337,0.764,52.7,29.6,11.8,0.00,100.0,0,0,0,76.36
2026-07-04 14:23:19,28.91,CALIBRATING,0.337,0.764,52.7,29.6,11.8,0.00,100.0,0,0,0,81.87
2026-07-04 14:23:20,29.94,CALIBRATING,0.337,0.764,52.7,29.6,11.8,0.00,100.0,0,0,0,86.31
2026-07-04 14:23:21,31.03,CALIBRATING,0.236,0.660,55.7,11.5,5.4,0.00,100.0,0,0,0,66.20
2026-07-04 14:23:22,32.04,CALIBRATING,0.236,0.660,55.7,11.5,5.4,0.00,100.0,0,0,0,68.27
2026-07-04 14:23:23,33.05,CALIBRATING,0.236,0.660,55.7,11.5,5.4,0.00,100.0,0,0,0,70.25
2026-07-04 14:23:24,34.06,CALIBRATING,0.236,0.660,55.7,11.5,5.4,0.00,100.0,0,0,0,73.73
2026-07-04 14:23:25,35.25,ATTENTIVE,0.133,0.630,50.2,-5.7,-10.8,0.09,100.0,0,0,0,72.17
2026-07-04 14:23:26,36.17,ATTENTIVE,0.133,0.630,50.2,-5.7,-10.8,0.09,100.0,0,0,0,76.50
2026-07-04 14:23:27,37.19,ATTENTIVE,0.133,0.630,50.2,-5.7,-10.8,0.09,100.0,0,0,0,77.40
2026-07-04 14:23:28,38.22,ATTENTIVE,0.133,0.630,50.2,-5.7,-10.8,0.09,100.0,0,0,0,77.28
2026-07-04 14:23:29,39.26,ATTENTIVE,0.133,0.630,50.2,-5.7,-10.8,0.09,100.0,0,0,0,77.67
2026-07-04 14:23:30,40.42,ATTENTIVE,0.238,0.647,48.5,2.2,-5.8,0.02,100.0,1,0,0,77.88
2026-07-04 14:23:31,41.44,ATTENTIVE,0.238,0.647,48.5,2.2,-5.8,0.02,100.0,1,0,0,77.05
2026-07-04 14:23:32,42.47,ATTENTIVE,0.238,0.647,48.5,2.2,-5.8,0.02,100.0,1,0,0,77.63
2026-07-04 14:23:33,43.54,ATTENTIVE,0.238,0.647,48.5,2.2,-5.8,0.02,100.0,1,0,0,78.41
2026-07-04 14:23:34,44.60,ATTENTIVE,0.238,0.647,48.5,2.2,-5.8,0.02,100.0,1,0,0,78.28
2026-07-04 14:23:35,45.64,FATIGUED,0.292,0.952,42.1,37.5,29.5,0.20,73.9,1,0,0,78.97
2026-07-04 14:23:36,46.68,FATIGUED,0.292,0.952,42.1,37.5,29.5,0.20,73.9,1,0,0,78.85
2026-07-04 14:23:38,47.72,FATIGUED,0.292,0.952,42.1,37.5,29.5,0.20,73.9,1,0,0,79.30
2026-07-04 14:23:39,48.76,FATIGUED,0.292,0.952,42.1,37.5,29.5,0.20,73.9,1,0,0,80.37
2026-07-04 14:23:40,49.85,FATIGUED,0.292,0.952,42.1,37.5,29.5,0.20,73.9,1,0,0,81.32
2026-07-04 22:23:31,15.21,CALIBRATING,0.261,0.710,55.1,15.4,-4.2,0.00,100.0,0,0,0,43.64
2026-07-04 22:23:32,16.56,CALIBRATING,0.217,0.791,57.4,26.0,7.5,0.00,100.0,0,0,0,102.57
2026-07-04 22:23:39,23.02,CALIBRATING,0.228,0.741,54.9,13.4,0.4,0.00,100.0,0,0,0,63.84
2026-07-04 22:23:45,29.29,CALIBRATING,0.234,0.720,54.3,10.6,-0.4,0.00,100.0,0,0,0,75.30
2026-07-04 22:23:51,35.52,CALIBRATING,0.244,0.703,54.3,-9.9,-1.7,0.00,100.0,0,0,0,77.47
2026-07-04 22:23:57,41.89,CALIBRATING,0.236,0.688,53.9,8.1,-3.7,0.00,100.0,0,0,0,79.03
2026-07-04 22:24:04,48.14,CALIBRATING,0.239,0.681,53.7,9.9,3.4,0.00,100.0,0,0,0,77.06
2026-07-04 22:24:10,54.38,CALIBRATING,0.237,0.671,52.3,-1.4,2.1,0.00,100.0,0,0,0,78.59
2026-07-04 22:24:16,60.80,CALIBRATING,0.234,0.674,53.2,20.6,1.8,0.00,100.0,0,0,0,81.12
2026-07-04 22:24:23,67.04,CALIBRATING,0.240,0.669,53.2,-3.2,0.0,0.00,100.0,0,0,0,98.11
2026-07-04 22:24:29,73.29,CALIBRATING,0.236,0.658,52.9,-1.7,-2.2,0.00,100.0,0,0,0,81.42
2026-07-04 22:24:35,79.30,CALIBRATING,0.235,0.632,53.3,13.2,-0.9,0.00,100.0,0,0,0,36.07
2026-07-04 22:24:41,85.40,CALIBRATING,0.248,0.632,53.3,13.2,-0.9,0.00,100.0,0,0,0,36.16
2026-07-04 22:24:47,91.81,CALIBRATING,0.210,0.611,53.3,4.6,-3.3,0.00,100.0,0,0,0,40.53
2026-07-04 22:24:51,95.26,CALIBRATING,0.218,0.621,52.8,24.2,5.6,0.00,100.0,0,0,0,40.00
2026-07-04 22:24:52,96.10,CALIBRATING,0.218,0.621,52.8,24.2,5.6,0.00,100.0,0,0,0,46.78
2026-07-04 22:24:53,97.13,CALIBRATING,0.218,0.621,52.8,24.2,5.6,0.00,100.0,0,0,0,52.07
2026-07-04 22:24:54,98.17,CALIBRATING,0.218,0.621,52.8,24.2,5.6,0.00,100.0,0,0,0,57.07
2026-07-04 22:24:55,99.17,CALIBRATING,0.218,0.621,52.8,24.2,5.6,0.00,100.0,0,0,0,59.41
2026-07-04 22:24:56,100.47,ATTENTIVE,0.316,0.667,53.4,21.1,7.8,0.00,100.0,0,0,0,63.51
2026-07-04 22:25:00,104.14,ATTENTIVE,0.297,0.671,53.4,19.2,7.7,0.00,100.0,0,0,0,37.01
2026-07-04 22:25:05,109.05,ATTENTIVE,0.299,0.676,53.7,21.2,0.0,0.00,100.0,0,0,0,37.08
2026-07-04 22:25:05,109.91,ATTENTIVE,0.299,0.676,53.7,21.2,0.0,0.00,100.0,0,0,0,46.38
2026-07-04 22:25:07,110.94,ATTENTIVE,0.299,0.676,53.7,21.2,0.0,0.00,100.0,0,0,0,53.77
2026-07-04 22:25:08,111.99,ATTENTIVE,0.299,0.676,53.7,21.2,0.0,0.00,100.0,0,0,0,62.04
2026-07-04 22:25:09,113.00,ATTENTIVE,0.299,0.676,53.7,21.2,0.0,0.00,100.0,0,0,0,69.85
2026-07-04 22:25:10,114.16,ATTENTIVE,0.246,0.657,55.6,15.6,9.4,0.00,100.0,0,0,0,73.91
2026-07-04 22:25:12,116.74,ATTENTIVE,0.240,0.680,56.0,21.2,9.6,0.00,100.0,0,0,0,50.17
2026-07-04 22:25:18,122.87,ATTENTIVE,0.078,0.680,56.0,21.2,9.6,0.04,100.0,0,0,0,40.88
2026-07-04 22:25:20,123.94,ATTENTIVE,0.078,0.680,56.0,21.2,9.6,0.04,100.0,0,0,0,49.20
2026-07-04 22:25:21,124.97,ATTENTIVE,0.078,0.680,56.0,21.2,9.6,0.04,100.0,0,0,0,57.66
2026-07-04 22:25:22,126.00,ATTENTIVE,0.078,0.680,56.0,21.2,9.6,0.04,100.0,0,0,0,64.91
2026-07-04 22:25:23,127.07,ATTENTIVE,0.078,0.680,56.0,21.2,9.6,0.04,100.0,0,0,0,73.72
2026-07-04 22:25:24,128.08,ATTENTIVE,0.238,0.576,51.9,-11.7,-5.7,0.00,74.1,0,0,0,80.72
2026-07-04 22:25:25,129.17,ATTENTIVE,0.238,0.576,51.9,-11.7,-5.7,0.00,74.1,0,0,0,80.95
2026-07-04 22:25:26,130.20,ATTENTIVE,0.238,0.576,51.9,-11.7,-5.7,0.00,74.1,0,0,0,81.16
2026-07-04 22:25:27,131.32,ATTENTIVE,0.238,0.576,51.9,-11.7,-5.7,0.00,74.1,0,0,0,82.29
2026-07-04 22:25:28,132.40,ATTENTIVE,0.238,0.576,51.9,-11.7,-5.7,0.00,74.1,0,0,0,83.88
2026-07-04 22:25:29,133.43,ATTENTIVE,0.238,0.652,54.8,15.0,1.0,0.02,100.0,0,0,0,86.90
2026-07-04 22:25:30,134.48,ATTENTIVE,0.238,0.652,54.8,15.0,1.0,0.02,100.0,0,0,0,87.96
2026-07-04 22:25:31,135.51,ATTENTIVE,0.238,0.652,54.8,15.0,1.0,0.02,100.0,0,0,0,87.44
2026-07-04 22:25:32,136.52,ATTENTIVE,0.238,0.652,54.8,15.0,1.0,0.02,100.0,0,0,0,87.81
2026-07-04 22:25:33,137.56,ATTENTIVE,0.238,0.652,54.8,15.0,1.0,0.02,100.0,0,0,0,86.54
2026-07-04 22:25:39,142.99,ATTENTIVE,0.300,0.644,53.4,18.4,-0.5,0.00,100.0,0,0,0,39.77
2026-07-04 22:25:39,143.84,ATTENTIVE,0.300,0.644,53.4,18.4,-0.5,0.00,100.0,0,0,0,51.53
2026-07-04 22:25:41,144.94,ATTENTIVE,0.300,0.644,53.4,18.4,-0.5,0.00,100.0,0,0,0,60.70
2026-07-04 22:25:42,146.27,ATTENTIVE,0.300,0.644,53.4,18.4,-0.5,0.00,100.0,0,0,0,79.44
2026-07-04 22:25:43,147.35,ATTENTIVE,0.300,0.644,53.4,18.4,-0.5,0.00,100.0,0,0,0,89.49
2026-07-04 22:25:44,148.41,ATTENTIVE,0.257,0.643,48.4,3.3,-3.7,0.00,100.0,0,0,0,98.39
2026-07-04 22:25:45,149.47,ATTENTIVE,0.257,0.643,48.4,3.3,-3.7,0.00,100.0,0,0,0,99.41
2026-07-04 22:25:46,150.49,ATTENTIVE,0.257,0.643,48.4,3.3,-3.7,0.00,100.0,0,0,0,96.45
2026-07-04 22:25:47,151.52,ATTENTIVE,0.257,0.643,48.4,3.3,-3.7,0.00,100.0,0,0,0,78.42
2026-07-04 22:25:48,152.55,ATTENTIVE,0.257,0.643,48.4,3.3,-3.7,0.00,100.0,0,0,0,78.08
2026-07-04 22:25:49,153.62,ATTENTIVE,0.200,0.645,55.2,-2.3,-1.5,0.06,94.2,1,0,0,78.43
2026-07-04 22:25:50,154.68,ATTENTIVE,0.200,0.645,55.2,-2.3,-1.5,0.06,94.2,1,0,0,79.61
2026-07-04 22:25:51,155.71,ATTENTIVE,0.200,0.645,55.2,-2.3,-1.5,0.06,94.2,1,0,0,82.27
2026-07-04 22:25:52,156.71,ATTENTIVE,0.200,0.645,55.2,-2.3,-1.5,0.06,94.2,1,0,0,83.05
2026-07-04 22:25:57,161.19,ATTENTIVE,0.247,0.674,53.0,16.8,5.4,0.01,100.0,1,0,0,43.02
2026-07-04 22:25:58,162.07,ATTENTIVE,0.247,0.674,53.0,16.8,5.4,0.01,100.0,1,0,0,53.00
2026-07-04 22:25:59,163.15,ATTENTIVE,0.247,0.674,53.0,16.8,5.4,0.01,100.0,1,0,0,60.62
2026-07-04 22:26:00,164.17,ATTENTIVE,0.247,0.674,53.0,16.8,5.4,0.01,100.0,1,0,0,68.30
2026-07-04 22:26:01,165.24,ATTENTIVE,0.247,0.674,53.0,16.8,5.4,0.01,100.0,1,0,0,76.16
2026-07-04 22:26:02,166.33,ATTENTIVE,0.242,0.672,55.4,16.4,-7.1,0.01,100.0,1,0,0,85.84
2026-07-04 22:26:03,167.42,ATTENTIVE,0.242,0.672,55.4,16.4,-7.1,0.01,100.0,1,0,0,82.33
2026-07-04 22:26:04,168.42,ATTENTIVE,0.242,0.672,55.4,16.4,-7.1,0.01,100.0,1,0,0,83.02
2026-07-04 22:26:05,169.49,ATTENTIVE,0.242,0.672,55.4,16.4,-7.1,0.01,100.0,1,0,0,83.73
2026-07-04 22:26:06,170.51,ATTENTIVE,0.242,0.672,55.4,16.4,-7.1,0.01,100.0,1,0,0,84.58
2026-07-04 22:26:07,171.52,ATTENTIVE,0.169,0.653,55.6,19.7,1.7,0.04,100.0,1,0,0,88.70
2026-07-04 22:26:08,172.57,ATTENTIVE,0.169,0.653,55.6,19.7,1.7,0.04,100.0,1,0,0,85.75
2026-07-04 22:26:09,173.62,ATTENTIVE,0.169,0.653,55.6,19.7,1.7,0.04,100.0,1,0,0,84.71
2026-07-04 22:26:10,174.61,ATTENTIVE,0.169,0.653,55.6,19.7,1.7,0.04,100.0,1,0,0,82.29
2026-07-04 22:26:11,175.67,ATTENTIVE,0.169,0.653,55.6,19.7,1.7,0.04,100.0,1,0,0,80.81
2026-07-04 22:26:12,176.68,ATTENTIVE,0.273,0.648,54.2,17.1,0.5,0.00,100.0,1,0,0,79.75
2026-07-04 22:26:13,177.72,ATTENTIVE,0.273,0.648,54.2,17.1,0.5,0.00,100.0,1,0,0,80.12
2026-07-04 22:26:14,178.80,ATTENTIVE,0.273,0.648,54.2,17.1,0.5,0.00,100.0,1,0,0,80.05
2026-07-04 22:26:15,179.84,ATTENTIVE,0.273,0.648,54.2,17.1,0.5,0.00,100.0,1,0,0,81.13
2026-07-04 22:26:16,180.91,ATTENTIVE,0.273,0.648,54.2,17.1,0.5,0.00,100.0,1,0,0,81.52
2026-07-04 22:26:18,181.97,FATIGUED,0.171,0.466,50.0,-28.8,-11.8,0.06,60.5,1,0,0,83.65
2026-07-04 22:26:19,182.98,FATIGUED,0.171,0.466,50.0,-28.8,-11.8,0.06,60.5,1,0,0,84.73
2026-07-04 22:26:20,184.04,FATIGUED,0.171,0.466,50.0,-28.8,-11.8,0.06,60.5,1,0,0,85.59
2026-07-04 22:26:21,185.06,FATIGUED,0.171,0.466,50.0,-28.8,-11.8,0.06,60.5,1,0,0,86.16
2026-07-04 22:26:22,186.04,FATIGUED,0.171,0.466,50.0,-28.8,-11.8,0.06,60.5,1,0,0,87.74
2026-07-04 22:26:23,187.06,ATTENTIVE,0.253,0.619,52.5,11.8,-3.2,0.00,48.1,1,0,0,86.91
2026-07-04 22:26:24,188.08,ATTENTIVE,0.253,0.619,52.5,11.8,-3.2,0.00,48.1,1,0,0,85.43
2026-07-04 22:26:25,189.14,ATTENTIVE,0.253,0.619,52.5,11.8,-3.2,0.00,48.1,1,0,0,84.24
2026-07-04 22:26:26,190.13,ATTENTIVE,0.253,0.619,52.5,11.8,-3.2,0.00,48.1,1,0,0,84.00
2026-07-04 22:26:27,191.18,ATTENTIVE,0.253,0.619,52.5,11.8,-3.2,0.00,48.1,1,0,0,83.05
2026-07-04 22:26:28,192.25,ATTENTIVE,0.254,0.603,53.9,7.2,-8.3,0.00,83.5,1,0,0,84.21
2026-07-04 22:26:29,193.29,ATTENTIVE,0.254,0.603,53.9,7.2,-8.3,0.00,83.5,1,0,0,86.08
2026-07-04 22:26:30,194.31,ATTENTIVE,0.254,0.603,53.9,7.2,-8.3,0.00,83.5,1,0,0,86.21
2026-07-04 22:26:31,195.36,ATTENTIVE,0.254,0.603,53.9,7.2,-8.3,0.00,83.5,1,0,0,86.94
2026-07-04 22:26:32,196.61,ATTENTIVE,0.281,0.649,53.6,18.8,-0.9,0.00,100.0,1,0,0,87.45
2026-07-04 22:26:33,197.47,ATTENTIVE,0.281,0.649,53.6,18.8,-0.9,0.00,100.0,1,0,0,87.38
2026-07-04 22:26:34,198.53,ATTENTIVE,0.281,0.649,53.6,18.8,-0.9,0.00,100.0,1,0,0,86.22
2026-07-04 22:26:35,199.59,ATTENTIVE,0.281,0.649,53.6,18.8,-0.9,0.00,100.0,1,0,0,86.04
2026-07-04 22:26:36,200.62,ATTENTIVE,0.281,0.649,53.6,18.8,-0.9,0.00,100.0,1,0,0,85.74
2026-07-04 22:26:37,201.74,FATIGUED,0.168,0.455,49.0,-33.9,-12.8,0.07,71.0,2,0,0,86.88
2026-07-04 22:26:38,202.80,FATIGUED,0.168,0.455,49.0,-33.9,-12.8,0.07,71.0,2,0,0,83.94
2026-07-04 22:26:39,203.81,FATIGUED,0.168,0.455,49.0,-33.9,-12.8,0.07,71.0,2,0,0,86.37
2026-07-04 22:26:41,204.94,FATIGUED,0.168,0.455,49.0,-33.9,-12.8,0.07,71.0,2,0,0,91.59
2026-07-04 22:26:42,205.99,FATIGUED,0.168,0.455,49.0,-33.9,-12.8,0.07,71.0,2,0,0,100.21
2026-07-04 22:26:43,207.16,ATTENTIVE,0.263,0.636,51.6,6.7,-2.5,0.01,75.8,2,0,0,112.60
2026-07-04 22:26:44,208.23,ATTENTIVE,0.263,0.636,51.6,6.7,-2.5,0.01,75.8,2,0,0,121.93
2026-07-04 22:26:45,209.37,ATTENTIVE,0.263,0.636,51.6,6.7,-2.5,0.01,75.8,2,0,0,131.88
2026-07-04 22:26:46,210.50,ATTENTIVE,0.263,0.636,51.6,6.7,-2.5,0.01,75.8,2,0,0,138.40
2026-07-04 22:26:47,211.56,ATTENTIVE,0.263,0.636,51.6,6.7,-2.5,0.01,75.8,2,0,0,148.03
2026-07-04 22:26:48,212.59,ATTENTIVE,0.261,0.636,50.6,7.4,-2.8,0.01,92.0,2,0,0,159.04
2026-07-04 22:26:49,213.70,ATTENTIVE,0.261,0.636,50.6,7.4,-2.8,0.01,92.0,2,0,0,167.05
2026-07-04 22:26:50,214.75,ATTENTIVE,0.261,0.636,50.6,7.4,-2.8,0.01,92.0,2,0,0,173.45
2026-07-04 22:26:51,215.89,ATTENTIVE,0.261,0.636,50.6,7.4,-2.8,0.01,92.0,2,0,0,176.09
2026-07-04 22:26:53,217.06,ATTENTIVE,0.236,0.601,50.9,3.0,-2.1,0.01,100.0,2,0,0,173.44
2026-07-04 22:26:54,218.04,ATTENTIVE,0.236,0.601,50.9,3.0,-2.1,0.01,100.0,2,0,0,152.54
2026-07-04 22:26:55,219.12,ATTENTIVE,0.236,0.601,50.9,3.0,-2.1,0.01,100.0,2,0,0,135.53
2026-07-04 22:26:56,220.12,ATTENTIVE,0.236,0.601,50.9,3.0,-2.1,0.01,100.0,2,0,0,115.46
2026-07-04 22:26:57,221.13,ATTENTIVE,0.236,0.601,50.9,3.0,-2.1,0.01,100.0,2,0,0,99.69
2026-07-04 22:26:58,222.20,ATTENTIVE,0.259,0.631,53.0,11.9,0.8,0.01,100.0,2,0,0,89.02
2026-07-04 22:26:59,223.25,ATTENTIVE,0.259,0.631,53.0,11.9,0.8,0.01,100.0,2,0,0,81.91
2026-07-04 22:27:00,224.27,ATTENTIVE,0.259,0.631,53.0,11.9,0.8,0.01,100.0,2,0,0,79.80
2026-07-04 22:27:01,225.29,ATTENTIVE,0.259,0.631,53.0,11.9,0.8,0.01,100.0,2,0,0,78.93
2026-07-04 22:27:02,226.38,ATTENTIVE,0.259,0.631,53.0,11.9,0.8,0.01,100.0,2,0,0,80.19
2026-07-04 22:27:03,227.53,ATTENTIVE,0.237,0.592,51.9,0.1,1.1,0.00,100.0,2,0,0,83.60
2026-07-04 22:27:04,228.63,ATTENTIVE,0.237,0.592,51.9,0.1,1.1,0.00,100.0,2,0,0,94.15
2026-07-04 22:27:05,229.63,ATTENTIVE,0.237,0.592,51.9,0.1,1.1,0.00,100.0,2,0,0,103.86
2026-07-04 22:27:06,230.68,ATTENTIVE,0.237,0.592,51.9,0.1,1.1,0.00,100.0,2,0,0,105.07
2026-07-04 22:27:07,231.79,ATTENTIVE,0.237,0.592,51.9,0.1,1.1,0.00,100.0,2,0,0,105.78
2026-07-04 22:27:08,232.87,ATTENTIVE,0.254,0.630,52.7,14.4,-0.8,0.00,100.0,2,0,0,109.29
2026-07-04 22:27:09,233.89,ATTENTIVE,0.254,0.630,52.7,14.4,-0.8,0.00,100.0,2,0,0,106.39
2026-07-04 22:27:10,234.91,ATTENTIVE,0.254,0.630,52.7,14.4,-0.8,0.00,100.0,2,0,0,84.77
2026-07-04 22:27:12,235.94,ATTENTIVE,0.254,0.630,52.7,14.4,-0.8,0.00,100.0,2,0,0,83.84
2026-07-04 22:27:13,237.09,ATTENTIVE,0.272,0.664,53.4,12.0,-7.4,0.00,100.0,2,0,0,83.46
2026-07-04 22:27:14,237.98,ATTENTIVE,0.272,0.664,53.4,12.0,-7.4,0.00,100.0,2,0,0,81.28
2026-07-04 22:27:15,239.00,ATTENTIVE,0.272,0.664,53.4,12.0,-7.4,0.00,100.0,2,0,0,81.37
2026-07-04 22:27:16,240.06,ATTENTIVE,0.272,0.664,53.4,12.0,-7.4,0.00,100.0,2,0,0,82.98
2026-07-04 22:27:17,241.05,ATTENTIVE,0.272,0.664,53.4,12.0,-7.4,0.00,100.0,2,0,0,84.79
2026-07-04 22:27:18,242.51,ATTENTIVE,0.252,0.683,55.7,-4.0,-5.5,0.00,100.0,2,0,0,88.07
2026-07-04 22:27:19,243.20,ATTENTIVE,0.252,0.683,55.7,-4.0,-5.5,0.00,100.0,2,0,0,99.48
2026-07-04 22:27:20,244.22,ATTENTIVE,0.252,0.683,55.7,-4.0,-5.5,0.00,100.0,2,0,0,105.59
2026-07-04 22:27:21,245.24,ATTENTIVE,0.252,0.683,55.7,-4.0,-5.5,0.00,100.0,2,0,0,113.64
2026-07-04 22:27:22,246.28,ATTENTIVE,0.252,0.683,55.7,-4.0,-5.5,0.00,100.0,2,0,0,122.33
2026-07-04 22:27:23,247.73,ATTENTIVE,0.167,0.639,54.8,10.4,-4.6,0.01,100.0,2,0,0,135.10
2026-07-04 22:27:24,248.90,ATTENTIVE,0.167,0.639,54.8,10.4,-4.6,0.01,100.0,2,0,0,143.61
2026-07-04 22:27:26,249.94,ATTENTIVE,0.167,0.639,54.8,10.4,-4.6,0.01,100.0,2,0,0,151.86
2026-07-04 22:27:27,250.98,ATTENTIVE,0.167,0.639,54.8,10.4,-4.6,0.01,100.0,2,0,0,159.23
2026-07-04 22:27:28,252.03,ATTENTIVE,0.167,0.639,54.8,10.4,-4.6,0.01,100.0,2,0,0,166.90
2026-07-04 22:27:29,253.18,ATTENTIVE,0.177,0.634,54.2,14.0,-1.4,0.03,100.0,2,0,0,177.83
2026-07-08 21:57:11,19.37,CALIBRATING,0.302,0.668,51.8,15.9,3.7,0.00,100.0,0,0,0,39.53
2026-07-08 21:57:11,19.45,CALIBRATING,0.302,0.668,51.8,15.9,3.7,0.00,100.0,0,0,0,82.24
2026-07-08 21:57:12,20.48,CALIBRATING,0.302,0.668,51.8,15.9,3.7,0.00,100.0,0,0,0,87.61
2026-07-08 21:57:14,21.75,CALIBRATING,0.302,0.668,51.8,15.9,3.7,0.00,100.0,0,0,0,92.74
2026-07-08 21:57:15,22.80,CALIBRATING,0.293,0.609,52.6,-4.3,-0.4,0.00,100.0,0,0,0,106.37
2026-07-08 21:57:16,23.92,CALIBRATING,0.293,0.609,52.6,-4.3,-0.4,0.00,100.0,0,0,0,117.97
2026-07-08 21:57:17,24.98,CALIBRATING,0.293,0.609,52.6,-4.3,-0.4,0.00,100.0,0,0,0,130.34
2026-07-08 21:57:19,27.06,CALIBRATING,0.293,0.609,52.6,-4.3,-0.4,0.00,100.0,0,0,0,149.85
2026-07-08 21:57:21,28.99,ATTENTIVE,0.278,0.639,51.2,6.4,-2.6,0.00,100.0,0,0,0,168.00
2026-07-08 21:57:21,29.31,ATTENTIVE,0.278,0.639,51.2,6.4,-2.6,0.00,100.0,0,0,0,194.76
2026-07-08 21:57:22,30.31,ATTENTIVE,0.278,0.639,51.2,6.4,-2.6,0.00,100.0,0,0,0,164.91
2026-07-08 21:57:23,31.46,ATTENTIVE,0.278,0.639,51.2,6.4,-2.6,0.00,100.0,0,0,0,179.64
2026-07-08 21:57:26,34.60,ATTENTIVE,0.241,0.645,50.8,6.5,-0.7,0.00,100.0,0,0,0,211.48
2026-07-08 21:57:27,34.98,ATTENTIVE,0.241,0.645,50.8,6.5,-0.7,0.00,100.0,0,0,0,229.69
2026-07-08 21:57:28,35.84,ATTENTIVE,0.241,0.645,50.8,6.5,-0.7,0.00,100.0,0,0,0,242.76
2026-07-08 21:57:29,36.91,ATTENTIVE,0.241,0.645,50.8,6.5,-0.7,0.00,100.0,0,0,0,255.00
2026-07-08 21:57:30,37.95,ATTENTIVE,0.241,0.645,50.8,6.5,-0.7,0.00,100.0,0,0,0,267.39
2026-07-08 21:57:52,59.67,ATTENTIVE,0.252,0.648,51.3,8.6,-1.1,0.00,100.0,0,0,0,624.40
2026-07-08 21:57:53,60.75,ATTENTIVE,0.252,0.648,51.3,8.6,-1.1,0.00,100.0,0,0,0,625.67
2026-07-08 21:57:54,61.76,ATTENTIVE,0.252,0.648,51.3,8.6,-1.1,0.00,100.0,0,0,0,633.93
2026-07-08 21:57:55,63.01,ATTENTIVE,0.252,0.648,51.3,8.6,-1.1,0.00,100.0,0,0,0,637.44
2026-07-08 21:57:56,64.19,ATTENTIVE,0.252,0.648,51.3,8.6,-1.1,0.00,100.0,0,0,0,648.48
2026-07-08 21:57:59,67.09,ATTENTIVE,0.225,0.642,52.8,9.4,-0.4,0.00,100.0,0,0,0,693.69
2026-07-08 21:58:00,68.14,ATTENTIVE,0.225,0.642,52.8,9.4,-0.4,0.00,100.0,0,0,0,692.99
2026-07-08 21:58:01,69.25,ATTENTIVE,0.225,0.642,52.8,9.4,-0.4,0.00,100.0,0,0,0,643.62
2026-07-08 21:58:03,70.76,ATTENTIVE,0.223,0.610,51.3,-18.2,-5.4,0.00,100.0,0,0,0,649.66
2026-07-08 21:58:04,71.80,ATTENTIVE,0.223,0.610,51.3,-18.2,-5.4,0.00,100.0,0,0,0,656.52
2026-07-08 21:58:05,73.10,ATTENTIVE,0.223,0.610,51.3,-18.2,-5.4,0.00,100.0,0,0,0,609.64
2026-07-08 21:58:06,74.17,ATTENTIVE,0.223,0.610,51.3,-18.2,-5.4,0.00,100.0,0,0,0,607.51
2026-07-08 21:58:08,75.97,ATTENTIVE,0.229,0.663,51.1,5.5,-3.6,0.00,100.0,0,0,0,604.87
2026-07-08 21:58:08,76.39,ATTENTIVE,0.229,0.663,51.1,5.5,-3.6,0.00,100.0,0,0,0,269.06
2026-07-08 21:58:09,77.48,ATTENTIVE,0.229,0.663,51.1,5.5,-3.6,0.00,100.0,0,0,0,268.67
2026-07-08 21:58:10,78.53,ATTENTIVE,0.229,0.663,51.1,5.5,-3.6,0.00,100.0,0,0,0,263.55
2026-07-08 21:58:11,79.56,ATTENTIVE,0.229,0.663,51.1,5.5,-3.6,0.00,100.0,0,0,0,262.38
2026-07-08 21:58:13,81.23,ATTENTIVE,0.253,0.627,49.1,-17.6,-1.5,0.00,100.0,0,0,0,218.95
2026-07-08 21:58:14,82.46,ATTENTIVE,0.253,0.627,49.1,-17.6,-1.5,0.00,100.0,0,0,0,220.99
2026-07-08 21:58:15,83.47,ATTENTIVE,0.253,0.627,49.1,-17.6,-1.5,0.00,100.0,0,0,0,226.10
2026-07-08 21:58:16,84.54,ATTENTIVE,0.253,0.627,49.1,-17.6,-1.5,0.00,100.0,0,0,0,216.73
2026-07-08 21:58:18,85.86,ATTENTIVE,0.280,0.630,54.0,-0.5,-0.7,0.00,100.0,0,0,0,206.89
2026-07-08 21:58:18,86.55,ATTENTIVE,0.280,0.630,54.0,-0.5,-0.7,0.00,100.0,0,0,0,208.85
2026-07-08 21:58:20,87.73,ATTENTIVE,0.280,0.630,54.0,-0.5,-0.7,0.00,100.0,0,0,0,206.91
2026-07-08 21:58:21,88.78,ATTENTIVE,0.280,0.630,54.0,-0.5,-0.7,0.00,100.0,0,0,0,194.11
2026-07-08 21:58:22,89.80,ATTENTIVE,0.280,0.630,54.0,-0.5,-0.7,0.00,100.0,0,0,0,193.14
2026-07-08 21:58:23,91.00,ATTENTIVE,0.256,0.785,57.6,83.5,22.2,0.00,94.0,0,0,0,199.31
2026-07-08 21:58:24,92.03,ATTENTIVE,0.256,0.785,57.6,83.5,22.2,0.00,94.0,0,0,0,192.61
2026-07-08 21:58:25,93.07,ATTENTIVE,0.256,0.785,57.6,83.5,22.2,0.00,94.0,0,0,0,178.35
2026-07-08 21:58:26,94.09,ATTENTIVE,0.256,0.785,57.6,83.5,22.2,0.00,94.0,0,0,0,166.03
2026-07-08 21:58:27,95.24,ATTENTIVE,0.256,0.785,57.6,83.5,22.2,0.00,94.0,0,0,0,164.53
2026-07-08 21:58:28,96.29,ATTENTIVE,0.246,0.636,51.7,6.5,-6.3,0.00,95.6,0,0,0,170.19
2026-07-08 21:58:29,97.35,ATTENTIVE,0.246,0.636,51.7,6.5,-6.3,0.00,95.6,0,0,0,165.91
2026-07-08 21:58:30,98.34,ATTENTIVE,0.246,0.636,51.7,6.5,-6.3,0.00,95.6,0,0,0,165.85
2026-07-08 21:58:31,99.34,ATTENTIVE,0.246,0.636,51.7,6.5,-6.3,0.00,95.6,0,0,0,162.16
2026-07-08 21:58:32,100.42,ATTENTIVE,0.246,0.636,51.7,6.5,-6.3,0.00,95.6,0,0,0,158.84
2026-07-08 21:58:33,101.45,ATTENTIVE,0.255,0.652,54.8,-5.0,-8.7,0.00,100.0,0,0,0,159.91
2026-07-08 21:58:34,102.58,ATTENTIVE,0.255,0.652,54.8,-5.0,-8.7,0.00,100.0,0,0,0,161.90
2026-07-08 21:58:36,103.70,ATTENTIVE,0.255,0.652,54.8,-5.0,-8.7,0.00,100.0,0,0,0,163.17
2026-07-08 21:58:37,104.82,ATTENTIVE,0.255,0.652,54.8,-5.0,-8.7,0.00,100.0,0,0,0,164.11
2026-07-08 21:58:38,106.17,ATTENTIVE,0.250,0.629,54.2,-9.2,-3.4,0.00,100.0,0,0,0,164.38
2026-07-08 21:58:39,106.96,ATTENTIVE,0.250,0.629,54.2,-9.2,-3.4,0.00,100.0,0,0,0,164.67
2026-07-08 21:58:40,107.93,ATTENTIVE,0.250,0.629,54.2,-9.2,-3.4,0.00,100.0,0,0,0,163.57
2026-07-08 21:58:41,109.06,ATTENTIVE,0.250,0.629,54.2,-9.2,-3.4,0.00,100.0,0,0,0,163.33
2026-07-08 21:58:42,110.18,ATTENTIVE,0.250,0.629,54.2,-9.2,-3.4,0.00,100.0,0,0,0,165.48
2026-07-08 21:58:43,111.37,ATTENTIVE,0.235,0.652,55.0,7.9,-1.9,0.00,100.0,0,0,0,169.94
2026-07-08 21:58:44,112.42,ATTENTIVE,0.235,0.652,55.0,7.9,-1.9,0.00,100.0,0,0,0,161.79
2026-07-08 21:58:45,113.44,ATTENTIVE,0.235,0.652,55.0,7.9,-1.9,0.00,100.0,0,0,0,162.81
2026-07-08 21:58:46,114.54,ATTENTIVE,0.235,0.652,55.0,7.9,-1.9,0.00,100.0,0,0,0,162.86
2026-07-08 21:58:47,115.59,ATTENTIVE,0.235,0.652,55.0,7.9,-1.9,0.00,100.0,0,0,0,163.77
2026-07-08 21:58:48,116.57,ATTENTIVE,0.247,0.633,52.5,0.6,-9.3,0.00,100.0,0,0,0,169.38
2026-07-08 21:58:50,117.69,ATTENTIVE,0.247,0.633,52.5,0.6,-9.3,0.00,100.0,0,0,0,161.09
2026-07-08 21:58:51,118.87,ATTENTIVE,0.247,0.633,52.5,0.6,-9.3,0.00,100.0,0,0,0,162.47
2026-07-08 21:58:52,119.94,ATTENTIVE,0.247,0.633,52.5,0.6,-9.3,0.00,100.0,0,0,0,162.01
2026-08-03 12:04:56,16.54,CALIBRATING,0.203,0.673,0.55,53.0,12.3,3.1,0.00,100.0,0,0,0.0,0,41.50
2026-08-03 12:04:59,19.67,CALIBRATING,0.250,0.695,0.55,52.5,15.6,4.1,0.00,100.0,0,0,0.0,0,39.05
2026-08-03 12:05:00,20.56,CALIBRATING,0.250,0.695,0.55,52.5,15.6,4.1,0.00,100.0,0,0,0.0,0,47.41
2026-08-03 12:05:01,21.58,CALIBRATING,0.250,0.695,0.55,52.5,15.6,4.1,0.00,100.0,0,0,0.0,0,52.48
2026-08-03 12:05:02,22.59,CALIBRATING,0.250,0.695,0.55,52.5,15.6,4.1,0.00,100.0,0,0,0.0,0,56.39
2026-08-03 12:05:03,23.68,CALIBRATING,0.250,0.695,0.55,52.5,15.6,4.1,0.00,100.0,0,0,0.0,0,55.47
2026-08-03 12:05:04,24.78,ATTENTIVE,0.213,0.661,0.63,51.4,3.2,-4.0,0.00,100.0,0,0,0.0,0,57.94
2026-08-03 12:05:05,25.77,ATTENTIVE,0.213,0.661,0.63,51.4,3.2,-4.0,0.00,100.0,0,0,0.0,0,61.86
2026-08-03 12:05:06,26.79,ATTENTIVE,0.213,0.661,0.63,51.4,3.2,-4.0,0.00,100.0,0,0,0.0,0,66.72
2026-08-03 12:05:07,27.82,ATTENTIVE,0.213,0.661,0.63,51.4,3.2,-4.0,0.00,100.0,0,0,0.0,0,72.08
2026-08-03 12:05:08,28.82,ATTENTIVE,0.213,0.661,0.63,51.4,3.2,-4.0,0.00,100.0,0,0,0.0,0,75.52
2026-08-03 12:05:09,29.85,ATTENTIVE,0.246,0.736,0.55,52.9,3.9,-2.2,0.01,100.0,0,0,0.0,0,78.37
2026-08-03 12:05:10,30.86,ATTENTIVE,0.246,0.736,0.55,52.9,3.9,-2.2,0.01,100.0,0,0,0.0,0,79.01
2026-08-03 12:05:11,31.89,ATTENTIVE,0.246,0.736,0.55,52.9,3.9,-2.2,0.01,100.0,0,0,0.0,0,79.46
2026-08-03 12:05:13,32.97,ATTENTIVE,0.246,0.736,0.55,52.9,3.9,-2.2,0.01,100.0,0,0,0.0,0,79.85
2026-08-03 12:05:14,34.00,ATTENTIVE,0.246,0.736,0.55,52.9,3.9,-2.2,0.01,100.0,0,0,0.0,0,80.35
2026-08-03 12:05:15,35.06,DROWSY,0.227,0.796,0.84,54.8,4.4,0.9,0.00,100.0,0,0,0.0,0,80.93
2026-08-03 12:05:16,36.13,DROWSY,0.227,0.796,0.84,54.8,4.4,0.9,0.00,100.0,0,0,0.0,0,80.36
2026-08-03 12:05:17,37.17,DROWSY,0.227,0.796,0.84,54.8,4.4,0.9,0.00,100.0,0,0,0.0,0,79.62
2026-08-03 12:05:18,38.18,DROWSY,0.227,0.796,0.84,54.8,4.4,0.9,0.00,100.0,0,0,0.0,0,78.14
2026-08-03 12:05:19,39.20,DROWSY,0.227,0.796,0.84,54.8,4.4,0.9,0.00,100.0,0,0,0.0,0,78.22
2026-08-03 12:05:20,40.23,ATTENTIVE,0.251,0.623,0.55,54.1,9.5,10.6,0.06,100.0,0,1,3.4,0,77.52
2026-08-03 12:05:21,41.27,ATTENTIVE,0.251,0.623,0.55,54.1,9.5,10.6,0.06,100.0,0,1,3.4,0,77.79
2026-08-03 12:05:22,42.31,ATTENTIVE,0.251,0.623,0.55,54.1,9.5,10.6,0.06,100.0,0,1,3.4,0,77.51
2026-08-03 12:05:23,43.36,ATTENTIVE,0.251,0.623,0.55,54.1,9.5,10.6,0.06,100.0,0,1,3.4,0,77.07
2026-08-03 12:05:24,44.39,ATTENTIVE,0.251,0.623,0.55,54.1,9.5,10.6,0.06,100.0,0,1,3.4,0,77.14
2026-08-03 12:05:25,45.40,DROWSY,0.187,0.889,0.88,56.3,5.1,9.5,0.07,100.0,0,1,8.5,0,76.82
2026-08-03 12:05:26,46.44,DROWSY,0.187,0.889,0.88,56.3,5.1,9.5,0.07,100.0,0,1,8.5,0,78.13
2026-08-03 12:05:27,47.50,DROWSY,0.187,0.889,0.88,56.3,5.1,9.5,0.07,100.0,0,1,8.5,0,78.19
2026-08-03 12:05:28,48.54,DROWSY,0.187,0.889,0.88,56.3,5.1,9.5,0.07,100.0,0,1,8.5,0,77.74
2026-08-03 12:05:29,49.60,DROWSY,0.187,0.889,0.88,56.3,5.1,9.5,0.07,100.0,0,1,8.5,0,74.55
2026-08-03 12:05:30,50.63,FATIGUED,0.227,0.841,0.59,55.5,11.5,7.7,0.39,29.7,1,2,3.4,0,77.45
2026-08-03 12:05:31,51.65,FATIGUED,0.227,0.841,0.59,55.5,11.5,7.7,0.39,29.7,1,2,3.4,0,77.07
2026-08-03 12:05:32,52.71,FATIGUED,0.227,0.841,0.59,55.5,11.5,7.7,0.39,29.7,1,2,3.4,0,78.59
2026-08-03 12:05:33,53.73,FATIGUED,0.227,0.841,0.59,55.5,11.5,7.7,0.39,29.7,1,2,3.4,0,79.40
2026-08-03 12:05:34,54.77,FATIGUED,0.227,0.841,0.59,55.5,11.5,7.7,0.39,29.7,1,2,3.4,0,80.34
2026-08-03 12:05:35,55.80,FATIGUED,0.249,0.844,0.68,55.4,6.9,4.7,0.49,0.0,1,3,3.3,0,80.57
2026-08-03 12:05:36,56.87,FATIGUED,0.249,0.844,0.68,55.4,6.9,4.7,0.49,0.0,1,3,3.3,0,79.73
2026-08-03 12:05:37,57.90,FATIGUED,0.249,0.844,0.68,55.4,6.9,4.7,0.49,0.0,1,3,3.3,0,79.16
2026-08-03 12:05:38,58.93,FATIGUED,0.249,0.844,0.68,55.4,6.9,4.7,0.49,0.0,1,3,3.3,0,79.20
2026-08-03 12:05:40,60.13,FATIGUED,0.219,0.805,0.49,55.6,7.1,4.8,0.48,0.0,1,4,4.0,0,76.25
2026-08-03 12:05:41,61.04,FATIGUED,0.219,0.805,0.49,55.6,7.1,4.8,0.48,0.0,1,4,4.0,0,80.33
2026-08-03 12:05:42,62.05,FATIGUED,0.219,0.805,0.49,55.6,7.1,4.8,0.48,0.0,1,4,4.0,0,80.16
2026-08-03 12:05:43,63.05,FATIGUED,0.219,0.805,0.49,55.6,7.1,4.8,0.48,0.0,1,4,4.0,0,79.78
2026-08-03 12:05:44,64.10,FATIGUED,0.219,0.805,0.49,55.6,7.1,4.8,0.48,0.0,1,4,4.0,0,80.13
2026-08-03 12:05:45,65.28,DROWSY,0.122,0.958,0.85,58.3,-2.3,4.2,0.85,0.0,1,4,9.1,1,79.59
2026-08-03 12:05:46,66.29,DROWSY,0.122,0.958,0.85,58.3,-2.3,4.2,0.85,0.0,1,4,9.1,1,79.07
2026-08-03 12:05:47,67.38,DROWSY,0.122,0.958,0.85,58.3,-2.3,4.2,0.85,0.0,1,4,9.1,0,79.21
2026-08-03 12:05:48,68.40,DROWSY,0.122,0.958,0.85,58.3,-2.3,4.2,0.85,0.0,1,4,9.1,0,79.52
2026-08-03 12:05:49,69.45,DROWSY,0.122,0.958,0.85,58.3,-2.3,4.2,0.85,0.0,1,4,9.1,0,77.50
2026-08-03 12:05:50,70.46,FATIGUED,0.244,0.656,0.55,49.8,7.0,6.1,0.55,0.0,3,5,3.7,0,76.59
2026-08-03 12:05:51,71.53,FATIGUED,0.244,0.656,0.55,49.8,7.0,6.1,0.55,0.0,3,5,3.7,0,76.48
2026-08-03 12:05:52,72.55,FATIGUED,0.244,0.656,0.55,49.8,7.0,6.1,0.55,0.0,3,5,3.7,0,74.71
2026-08-03 12:05:53,73.55,FATIGUED,0.244,0.656,0.55,49.8,7.0,6.1,0.55,0.0,3,5,3.7,0,75.55
2026-08-10 21:21:26,18.51,CALIBRATING,0.279,0.622,0.27,53.9,19.5,0.0,0.00,100.0,0,0,0.0,0,38.78
2026-08-10 21:21:26,18.59,CALIBRATING,0.279,0.622,0.27,53.9,19.5,0.0,0.00,100.0,0,0,0.0,0,81.41
2026-08-10 21:21:27,19.59,CALIBRATING,0.279,0.622,0.27,53.9,19.5,0.0,0.00,100.0,0,0,0.0,0,86.69
2026-08-10 21:21:28,20.65,CALIBRATING,0.279,0.622,0.27,53.9,19.5,0.0,0.00,100.0,0,0,0.0,0,91.83
2026-08-10 21:21:29,21.67,CALIBRATING,0.239,0.645,0.31,49.9,2.7,-2.9,0.00,100.0,0,0,0.0,0,99.09
2026-08-10 21:21:30,22.70,CALIBRATING,0.239,0.645,0.31,49.9,2.7,-2.9,0.00,100.0,0,0,0.0,0,58.33
2026-08-10 21:21:31,23.75,CALIBRATING,0.239,0.645,0.31,49.9,2.7,-2.9,0.00,100.0,0,0,0.0,0,59.27
2026-08-10 21:21:32,24.75,CALIBRATING,0.239,0.645,0.31,49.9,2.7,-2.9,0.00,100.0,0,0,0.0,0,60.47
2026-08-10 21:21:33,25.80,CALIBRATING,0.239,0.645,0.31,49.9,2.7,-2.9,0.00,100.0,0,0,0.0,0,59.13
2026-08-10 21:21:34,26.84,FATIGUED,0.263,0.666,0.34,55.7,39.6,-1.8,0.00,91.0,0,0,0.0,0,65.60
2026-08-10 21:21:35,27.86,FATIGUED,0.263,0.666,0.34,55.7,39.6,-1.8,0.00,91.0,0,0,0.0,0,69.59
2026-08-10 21:21:36,28.92,FATIGUED,0.263,0.666,0.34,55.7,39.6,-1.8,0.00,91.0,0,0,0.0,0,72.23
2026-08-10 21:21:37,29.94,FATIGUED,0.263,0.666,0.34,55.7,39.6,-1.8,0.00,91.0,0,0,0.0,0,75.81
2026-08-10 21:21:38,31.00,FATIGUED,0.263,0.666,0.34,55.7,39.6,-1.8,0.00,91.0,0,0,0.0,0,79.91
2026-08-10 21:21:39,32.01,ATTENTIVE,0.219,0.622,0.27,51.7,0.2,0.8,0.00,100.0,0,0,0.0,0,78.65
2026-08-10 21:21:40,33.06,ATTENTIVE,0.219,0.622,0.27,51.7,0.2,0.8,0.00,100.0,0,0,0.0,0,78.32
2026-08-10 21:21:41,34.08,ATTENTIVE,0.219,0.622,0.27,51.7,0.2,0.8,0.00,100.0,0,0,0.0,0,78.50
2026-08-10 21:21:42,35.13,ATTENTIVE,0.219,0.622,0.27,51.7,0.2,0.8,0.00,100.0,0,0,0.0,0,79.04
2026-08-10 21:21:44,36.38,ATTENTIVE,0.247,0.629,0.28,52.1,1.1,0.8,0.00,100.0,0,0,0.0,0,76.63
2026-08-10 21:21:45,37.16,ATTENTIVE,0.247,0.629,0.28,52.1,1.1,0.8,0.00,100.0,0,0,0.0,0,82.34
2026-08-10 21:21:46,38.19,ATTENTIVE,0.247,0.629,0.28,52.1,1.1,0.8,0.00,100.0,0,0,0.0,0,83.44
2026-08-10 21:21:47,39.25,ATTENTIVE,0.247,0.629,0.28,52.1,1.1,0.8,0.00,100.0,0,0,0.0,0,84.03
2026-08-10 21:21:48,40.25,ATTENTIVE,0.247,0.629,0.28,52.1,1.1,0.8,0.00,100.0,0,0,0.0,0,84.36
2026-08-10 21:21:49,41.44,ATTENTIVE,0.286,0.846,0.55,53.7,-2.2,-0.4,0.00,100.0,0,0,0.0,0,87.38
2026-08-10 21:21:50,42.48,ATTENTIVE,0.286,0.846,0.55,53.7,-2.2,-0.4,0.00,100.0,0,0,0.0,0,83.74
2026-08-10 21:21:51,43.54,ATTENTIVE,0.286,0.846,0.55,53.7,-2.2,-0.4,0.00,100.0,0,0,0.0,0,85.46
2026-08-10 21:21:52,44.57,ATTENTIVE,0.286,0.846,0.55,53.7,-2.2,-0.4,0.00,100.0,0,0,0.0,0,86.56
2026-08-10 21:21:53,45.61,ATTENTIVE,0.286,0.846,0.55,53.7,-2.2,-0.4,0.00,100.0,0,0,0.0,0,85.80
2026-08-10 21:21:54,46.64,ATTENTIVE,0.210,0.669,0.35,54.4,-3.1,0.8,0.05,100.0,0,0,0.0,0,84.74
2026-08-10 21:21:55,47.70,ATTENTIVE,0.210,0.669,0.35,54.4,-3.1,0.8,0.05,100.0,0,0,0.0,0,82.09
2026-08-10 21:21:56,48.71,ATTENTIVE,0.210,0.669,0.35,54.4,-3.1,0.8,0.05,100.0,0,0,0.0,0,81.33
2026-08-10 21:21:57,49.77,ATTENTIVE,0.210,0.669,0.35,54.4,-3.1,0.8,0.05,100.0,0,0,0.0,0,83.11
2026-08-10 21:21:58,50.79,ATTENTIVE,0.210,0.669,0.35,54.4,-3.1,0.8,0.05,100.0,0,0,0.0,0,86.33
2026-08-10 21:21:59,51.85,ATTENTIVE,0.226,0.634,0.29,54.7,3.5,2.8,0.00,100.0,0,0,0.0,0,92.07
2026-08-10 21:22:00,52.91,ATTENTIVE,0.226,0.634,0.29,54.7,3.5,2.8,0.00,100.0,0,0,0.0,0,91.98
2026-08-10 21:22:01,53.92,ATTENTIVE,0.226,0.634,0.29,54.7,3.5,2.8,0.00,100.0,0,0,0.0,0,93.21
2026-08-10 21:22:02,55.01,ATTENTIVE,0.226,0.634,0.29,54.7,3.5,2.8,0.00,100.0,0,0,0.0,0,91.64
2026-08-10 21:22:03,56.07,ATTENTIVE,0.226,0.634,0.29,54.7,3.5,2.8,0.00,100.0,0,0,0.0,0,89.06
2026-08-10 21:22:04,57.12,ATTENTIVE,0.254,0.816,0.55,54.2,2.4,4.2,0.00,100.0,0,0,0.0,0,87.28
2026-08-10 21:22:06,58.15,ATTENTIVE,0.254,0.816,0.55,54.2,2.4,4.2,0.00,100.0,0,0,0.0,0,86.89
2026-08-10 21:22:07,59.22,ATTENTIVE,0.254,0.816,0.55,54.2,2.4,4.2,0.00,100.0,0,0,0.0,0,84.67
2026-08-10 21:22:08,60.26,ATTENTIVE,0.254,0.816,0.55,54.2,2.4,4.2,0.00,100.0,0,0,0.0,0,83.68
2026-08-10 21:22:09,61.32,ATTENTIVE,0.254,0.816,0.55,54.2,2.4,4.2,0.00,100.0,0,0,0.0,0,81.08
2026-08-10 21:22:10,62.41,ATTENTIVE,0.163,0.839,0.55,55.1,-6.5,-1.4,0.06,100.0,0,0,0.0,0,78.33
2026-08-10 21:22:11,63.48,ATTENTIVE,0.163,0.839,0.55,55.1,-6.5,-1.4,0.06,100.0,0,0,0.0,0,78.89
2026-08-10 21:22:12,64.49,ATTENTIVE,0.163,0.839,0.55,55.1,-6.5,-1.4,0.06,100.0,0,0,0.0,0,79.86
2026-08-10 21:22:13,65.53,ATTENTIVE,0.163,0.839,0.55,55.1,-6.5,-1.4,0.06,100.0,0,0,0.0,0,79.50
2026-08-10 21:22:14,66.69,FATIGUED,0.204,0.631,0.29,51.1,-1.5,-3.4,0.11,9.5,1,0,0.0,0,79.50
2026-08-10 21:22:15,67.76,FATIGUED,0.204,0.631,0.29,51.1,-1.5,-3.4,0.11,9.5,1,0,0.0,0,83.14
2026-08-10 21:22:16,68.76,FATIGUED,0.204,0.631,0.29,51.1,-1.5,-3.4,0.11,9.5,1,0,0.0,0,84.47
2026-08-10 21:22:17,69.78,FATIGUED,0.204,0.631,0.29,51.1,-1.5,-3.4,0.11,9.5,1,0,0.0,0,87.39
2026-08-10 21:22:18,70.81,FATIGUED,0.204,0.631,0.29,51.1,-1.5,-3.4,0.11,9.5,1,0,0.0,0,91.50
2026-08-10 21:22:19,71.87,ATTENTIVE,0.152,0.636,0.29,46.7,-6.2,-0.8,0.12,39.5,1,0,0.0,0,99.44
2026-08-10 21:22:20,72.89,ATTENTIVE,0.152,0.636,0.29,46.7,-6.2,-0.8,0.12,39.5,1,0,0.0,0,98.38
2026-08-10 21:22:21,73.91,ATTENTIVE,0.152,0.636,0.29,46.7,-6.2,-0.8,0.12,39.5,1,0,0.0,0,95.35
2026-08-10 21:22:24,76.28,ATTENTIVE,0.152,0.636,0.29,46.7,-6.2,-0.8,0.12,39.5,1,0,0.0,0,130.31
2026-08-10 21:22:25,77.34,ATTENTIVE,0.206,0.736,0.45,39.9,11.3,16.8,0.05,58.7,1,0,0.0,0,130.72
2026-08-10 21:22:26,78.40,ATTENTIVE,0.206,0.736,0.45,39.9,11.3,16.8,0.05,58.7,1,0,0.0,0,126.43
2026-08-10 21:22:27,79.46,ATTENTIVE,0.206,0.736,0.45,39.9,11.3,16.8,0.05,58.7,1,0,0.0,0,118.23
2026-08-10 21:22:28,80.48,ATTENTIVE,0.206,0.736,0.45,39.9,11.3,16.8,0.05,58.7,1,0,0.0,0,118.68
2026-08-10 21:22:29,81.50,ATTENTIVE,0.206,0.736,0.45,39.9,11.3,16.8,0.05,58.7,1,0,0.0,0,84.99
2026-08-10 21:22:30,82.52,ATTENTIVE,0.181,0.712,0.41,38.4,8.4,26.0,0.03,92.9,1,0,0.0,0,86.82
2026-08-10 21:22:31,83.53,ATTENTIVE,0.181,0.712,0.41,38.4,8.4,26.0,0.03,92.9,1,0,0.0,0,87.56
2026-08-10 21:22:32,84.63,ATTENTIVE,0.181,0.712,0.41,38.4,8.4,26.0,0.03,92.9,1,0,0.0,0,88.38
2026-08-10 21:22:33,85.71,ATTENTIVE,0.181,0.712,0.41,38.4,8.4,26.0,0.03,92.9,1,0,0.0,0,89.23
2026-08-10 21:22:34,86.95,ATTENTIVE,0.259,0.604,0.25,55.2,-4.3,-6.6,0.00,100.0,1,0,0.0,0,91.52
2026-08-10 21:58:25,21.71,CALIBRATING,0.279,0.704,0.40,51.1,21.9,9.3,0.00,100.0,0,0,0.0,0,37.20
2026-08-10 21:58:25,21.78,CALIBRATING,0.279,0.704,0.40,51.1,21.9,9.3,0.00,100.0,0,0,0.0,0,72.42
2026-08-10 21:58:27,22.82,CALIBRATING,0.279,0.704,0.40,51.1,21.9,9.3,0.00,100.0,0,0,0.0,0,77.60
2026-08-10 21:58:28,23.86,CALIBRATING,0.279,0.704,0.40,51.1,21.9,9.3,0.00,100.0,0,0,0.0,0,82.95
2026-08-10 21:58:29,24.89,ATTENTIVE,0.256,0.666,0.34,53.4,15.9,11.8,0.00,100.0,0,0,0.0,0,90.17
2026-08-10 21:58:30,25.90,ATTENTIVE,0.256,0.666,0.34,53.4,15.9,11.8,0.00,100.0,0,0,0.0,0,59.45
2026-08-10 21:58:31,26.94,ATTENTIVE,0.256,0.666,0.34,53.4,15.9,11.8,0.00,100.0,0,0,0.0,0,63.13
2026-08-10 21:58:32,27.98,ATTENTIVE,0.256,0.666,0.34,53.4,15.9,11.8,0.00,100.0,0,0,0.0,0,66.59
2026-08-10 21:58:33,29.03,ATTENTIVE,0.256,0.666,0.34,53.4,15.9,11.8,0.00,100.0,0,0,0.0,0,67.48
2026-08-10 21:58:34,30.06,ATTENTIVE,0.251,0.772,0.51,46.2,26.7,24.1,0.09,75.1,1,0,0.0,0,70.02
2026-08-10 21:58:35,31.12,ATTENTIVE,0.251,0.772,0.51,46.2,26.7,24.1,0.09,75.1,1,0,0.0,0,70.50
2026-08-10 21:58:36,32.18,ATTENTIVE,0.251,0.772,0.51,46.2,26.7,24.1,0.09,75.1,1,0,0.0,0,70.82
2026-08-10 21:58:37,33.24,ATTENTIVE,0.251,0.772,0.51,46.2,26.7,24.1,0.09,75.1,1,0,0.0,0,70.91
2026-08-10 21:58:38,34.31,ATTENTIVE,0.251,0.772,0.51,46.2,26.7,24.1,0.09,75.1,1,0,0.0,0,69.34
2026-08-10 21:58:39,35.36,FATIGUED,0.199,0.515,0.10,39.0,-8.8,-3.0,0.35,0.0,1,0,0.0,0,71.42
2026-08-10 21:58:40,36.40,FATIGUED,0.199,0.515,0.10,39.0,-8.8,-3.0,0.35,0.0,1,0,0.0,0,71.20
2026-08-10 21:58:41,37.44,FATIGUED,0.199,0.515,0.10,39.0,-8.8,-3.0,0.35,0.0,1,0,0.0,0,70.76
2026-08-10 21:58:42,38.48,FATIGUED,0.199,0.515,0.10,39.0,-8.8,-3.0,0.35,0.0,1,0,0.0,0,70.64
2026-08-10 21:58:43,39.54,FATIGUED,0.199,0.515,0.10,39.0,-8.8,-3.0,0.35,0.0,1,0,0.0,0,68.31
2026-08-10 21:58:44,40.58,MICROSLEEP,0.106,0.684,0.37,39.4,-0.5,3.6,0.59,0.0,1,0,0.0,1,71.52
2026-08-10 21:58:45,41.63,MICROSLEEP,0.106,0.684,0.37,39.4,-0.5,3.6,0.59,0.0,1,0,0.0,1,72.63
2026-08-10 21:58:46,42.62,MICROSLEEP,0.106,0.684,0.37,39.4,-0.5,3.6,0.59,0.0,1,0,0.0,0,73.29
2026-08-10 21:58:47,43.66,MICROSLEEP,0.106,0.684,0.37,39.4,-0.5,3.6,0.59,0.0,1,0,0.0,0,74.16
2026-08-10 21:58:48,44.70,MICROSLEEP,0.106,0.684,0.37,39.4,-0.5,3.6,0.59,0.0,1,0,0.0,0,72.16
2026-08-10 21:58:49,45.76,MICROSLEEP,0.335,1.999,0.55,36.9,25.6,26.9,0.57,0.0,2,0,0.0,0,74.97
2026-08-10 21:58:50,46.77,MICROSLEEP,0.335,1.999,0.55,36.9,25.6,26.9,0.57,0.0,2,0,0.0,0,73.35
2026-08-10 21:58:52,47.82,MICROSLEEP,0.335,1.999,0.55,36.9,25.6,26.9,0.57,0.0,2,0,0.0,0,71.25
2026-08-10 21:58:53,48.84,MICROSLEEP,0.335,1.999,0.55,36.9,25.6,26.9,0.57,0.0,2,0,0.0,1,70.33
2026-08-10 21:58:54,49.86,MICROSLEEP,0.335,1.999,0.55,36.9,25.6,26.9,0.57,0.0,2,0,0.0,0,65.72
2026-08-10 21:58:55,50.91,DROWSY,0.301,0.983,0.56,45.1,25.6,30.5,0.10,0.0,2,0,0.0,0,68.66
2026-08-10 21:58:56,51.96,DROWSY,0.301,0.983,0.56,45.1,25.6,30.5,0.10,0.0,2,0,0.0,0,70.71
2026-08-10 21:58:57,53.01,DROWSY,0.301,0.983,0.56,45.1,25.6,30.5,0.10,0.0,2,0,0.0,0,72.22
2026-08-10 21:58:58,54.03,DROWSY,0.301,0.983,0.56,45.1,25.6,30.5,0.10,0.0,2,0,0.0,0,72.45
2026-08-10 21:58:59,55.22,DROWSY,0.304,1.174,0.56,37.7,29.3,27.5,0.06,0.0,5,0,0.0,0,72.34
2026-08-10 21:59:00,56.22,DROWSY,0.304,1.174,0.56,37.7,29.3,27.5,0.06,0.0,5,0,0.0,0,70.65
2026-08-10 21:59:01,57.27,DROWSY,0.304,1.174,0.56,37.7,29.3,27.5,0.06,0.0,5,0,0.0,0,69.56
2026-08-10 21:59:02,58.29,DROWSY,0.304,1.174,0.56,37.7,29.3,27.5,0.06,0.0,5,0,0.0,0,69.32
2026-08-10 21:59:03,59.29,DROWSY,0.304,1.174,0.56,37.7,29.3,27.5,0.06,0.0,5,0,0.0,1,70.08
2026-08-10 21:59:04,60.35,DROWSY,0.393,1.518,0.57,38.8,31.2,28.5,0.07,0.0,5,0,0.0,1,70.49
2026-08-10 21:59:05,61.39,DROWSY,0.393,1.518,0.57,38.8,31.2,28.5,0.07,0.0,5,0,0.0,1,70.86
2026-08-10 21:59:06,62.40,DROWSY,0.393,1.518,0.57,38.8,31.2,28.5,0.07,0.0,5,0,0.0,1,70.37
2026-08-10 21:59:07,63.46,DROWSY,0.393,1.518,0.57,38.8,31.2,28.5,0.07,0.0,5,0,0.0,1,69.09
2026-08-10 21:59:08,64.50,DROWSY,0.393,1.518,0.57,38.8,31.2,28.5,0.07,0.0,5,0,0.0,1,66.43
2026-08-10 21:59:09,65.53,DROWSY,0.256,1.211,0.58,42.3,26.7,12.2,0.03,0.0,5,0,0.0,1,68.50
2026-08-10 21:59:10,66.54,DROWSY,0.256,1.211,0.58,42.3,26.7,12.2,0.03,0.0,5,0,0.0,1,68.51
2026-08-10 21:59:11,67.56,DROWSY,0.256,1.211,0.58,42.3,26.7,12.2,0.03,0.0,5,0,0.0,1,69.99
2026-08-10 21:59:12,68.58,DROWSY,0.256,1.211,0.58,42.3,26.7,12.2,0.03,0.0,5,0,0.0,0,69.82
2026-08-10 21:59:13,69.59,DROWSY,0.256,1.211,0.58,42.3,26.7,12.2,0.03,0.0,5,0,0.0,0,67.35
2026-08-10 21:59:14,70.63,FATIGUED,0.205,0.889,0.58,55.0,5.3,-1.0,0.37,0.0,7,0,0.0,0,69.98
2026-08-10 21:59:15,71.63,FATIGUED,0.205,0.889,0.58,55.0,5.3,-1.0,0.37,0.0,7,0,0.0,0,68.66
2026-08-10 21:59:16,72.70,FATIGUED,0.205,0.889,0.58,55.0,5.3,-1.0,0.37,0.0,7,0,0.0,0,68.16
2026-08-10 21:59:17,73.76,FATIGUED,0.205,0.889,0.58,55.0,5.3,-1.0,0.37,0.0,7,0,0.0,0,67.71
2026-08-10 21:59:18,74.78,FATIGUED,0.205,0.889,0.58,55.0,5.3,-1.0,0.37,0.0,7,0,0.0,0,65.44
2026-08-10 21:59:20,75.82,MICROSLEEP,0.177,0.632,0.31,57.0,9.6,-1.5,0.66,0.0,7,0,0.0,0,68.14
2026-08-10 21:59:21,76.85,MICROSLEEP,0.177,0.632,0.31,57.0,9.6,-1.5,0.66,0.0,7,0,0.0,1,68.91
2026-08-10 21:59:22,77.86,MICROSLEEP,0.177,0.632,0.31,57.0,9.6,-1.5,0.66,0.0,7,0,0.0,1,69.27
2026-08-10 21:59:23,78.92,MICROSLEEP,0.177,0.632,0.31,57.0,9.6,-1.5,0.66,0.0,7,0,0.0,1,68.73
2026-08-10 21:59:24,79.93,MICROSLEEP,0.177,0.632,0.31,57.0,9.6,-1.5,0.66,0.0,7,0,0.0,1,65.85
2026-08-10 21:59:25,80.99,MICROSLEEP,0.177,0.933,0.57,56.1,11.9,3.0,0.72,0.0,7,0,0.0,1,67.39
2026-08-10 21:59:26,82.02,MICROSLEEP,0.177,0.933,0.57,56.1,11.9,3.0,0.72,0.0,7,0,0.0,1,67.78
2026-08-10 21:59:27,83.05,MICROSLEEP,0.177,0.933,0.57,56.1,11.9,3.0,0.72,0.0,7,0,0.0,1,68.23
2026-08-10 21:59:28,84.10,MICROSLEEP,0.177,0.933,0.57,56.1,11.9,3.0,0.72,0.0,7,0,0.0,1,68.59
2026-08-10 21:59:29,85.11,MICROSLEEP,0.177,0.933,0.57,56.1,11.9,3.0,0.72,0.0,7,0,0.0,0,68.24
2026-08-10 21:59:30,86.17,FATIGUED,0.286,0.625,0.30,49.7,1.0,-1.6,0.39,0.0,8,0,0.0,0,69.81
2026-08-10 21:59:31,87.21,FATIGUED,0.286,0.625,0.30,49.7,1.0,-1.6,0.39,0.0,8,0,0.0,0,68.89
2026-08-10 21:59:32,88.21,FATIGUED,0.286,0.625,0.30,49.7,1.0,-1.6,0.39,0.0,8,0,0.0,0,68.38
2026-08-10 21:59:33,89.25,FATIGUED,0.286,0.625,0.30,49.7,1.0,-1.6,0.39,0.0,8,0,0.0,0,67.42
2026-08-10 21:59:34,90.27,FATIGUED,0.286,0.625,0.30,49.7,1.0,-1.6,0.39,0.0,8,0,0.0,0,65.47
2026-08-10 21:59:35,91.32,FATIGUED,0.231,0.617,0.29,52.0,4.3,-4.2,0.20,0.0,8,0,0.0,0,68.95
2026-08-10 21:59:36,92.34,FATIGUED,0.231,0.617,0.29,52.0,4.3,-4.2,0.20,0.0,8,0,0.0,0,69.62
2026-08-10 21:59:37,93.37,FATIGUED,0.231,0.617,0.29,52.0,4.3,-4.2,0.20,0.0,8,0,0.0,0,69.30
2026-08-10 21:59:38,94.40,FATIGUED,0.231,0.617,0.29,52.0,4.3,-4.2,0.20,0.0,8,0,0.0,0,70.00
2026-08-10 21:59:39,95.56,FATIGUED,0.511,1.120,0.57,39.3,33.9,38.9,0.13,0.0,9,0,0.0,0,69.31
2026-08-10 21:59:40,96.58,FATIGUED,0.511,1.120,0.57,39.3,33.9,38.9,0.13,0.0,9,0,0.0,0,68.95
2026-08-10 21:59:41,97.59,FATIGUED,0.511,1.120,0.57,39.3,33.9,38.9,0.13,0.0,9,0,0.0,0,68.87
2026-08-10 21:59:42,98.61,FATIGUED,0.511,1.120,0.57,39.3,33.9,38.9,0.13,0.0,9,0,0.0,0,68.59
2026-08-10 21:59:43,99.61,FATIGUED,0.511,1.120,0.57,39.3,33.9,38.9,0.13,0.0,9,0,0.0,0,66.14
2026-08-10 21:59:44,100.67,DROWSY,0.265,1.469,0.57,36.0,25.7,25.9,0.11,0.0,9,0,0.0,1,69.12
2026-08-10 21:59:45,101.71,DROWSY,0.265,1.469,0.57,36.0,25.7,25.9,0.11,0.0,9,0,0.0,1,69.25
2026-08-10 21:59:46,102.75,DROWSY,0.265,1.469,0.57,36.0,25.7,25.9,0.11,0.0,9,0,0.0,1,69.71
2026-08-10 21:59:47,103.77,DROWSY,0.265,1.469,0.57,36.0,25.7,25.9,0.11,0.0,9,0,0.0,1,70.99
2026-08-10 21:59:48,104.77,DROWSY,0.265,1.469,0.57,36.0,25.7,25.9,0.11,0.0,9,0,0.0,1,70.81
2026-08-10 21:59:50,105.80,DROWSY,0.303,1.777,0.58,36.8,23.0,27.2,0.03,0.0,9,0,0.0,1,70.36
2026-08-10 21:59:51,106.85,DROWSY,0.303,1.777,0.58,36.8,23.0,27.2,0.03,0.0,9,0,0.0,1,70.10
2026-08-10 21:59:52,107.85,DROWSY,0.303,1.777,0.58,36.8,23.0,27.2,0.03,0.0,9,0,0.0,0,68.82
2026-08-10 21:59:53,108.88,DROWSY,0.303,1.777,0.58,36.8,23.0,27.2,0.03,0.0,9,0,0.0,0,69.16
2026-08-10 21:59:54,109.92,DROWSY,0.303,1.777,0.58,36.8,23.0,27.2,0.03,0.0,9,0,0.0,0,67.19
2026-08-10 21:59:55,110.94,DROWSY,0.270,1.359,0.58,34.9,27.5,28.7,0.09,0.0,10,0,0.0,0,69.66
2026-08-10 21:59:56,111.98,DROWSY,0.270,1.359,0.58,34.9,27.5,28.7,0.09,0.0,10,0,0.0,0,68.54
2026-08-10 21:59:57,113.01,DROWSY,0.270,1.359,0.58,34.9,27.5,28.7,0.09,0.0,10,0,0.0,0,67.38
2026-08-10 21:59:58,114.10,DROWSY,0.270,1.359,0.58,34.9,27.5,28.7,0.09,0.0,10,0,0.0,1,66.71
2026-08-10 21:59:59,115.14,DROWSY,0.270,1.359,0.58,34.9,27.5,28.7,0.09,0.0,10,0,0.0,1,64.97
2026-08-10 22:00:00,116.17,DROWSY,0.380,1.649,0.58,39.3,32.9,30.8,0.05,0.0,10,0,0.0,1,68.41
2026-08-10 22:00:01,117.18,DROWSY,0.380,1.649,0.58,39.3,32.9,30.8,0.05,0.0,10,0,0.0,1,68.95
2026-08-10 22:00:02,118.24,DROWSY,0.380,1.649,0.58,39.3,32.9,30.8,0.05,0.0,10,0,0.0,1,70.12
2026-08-10 22:00:03,119.32,DROWSY,0.380,1.649,0.58,39.3,32.9,30.8,0.05,0.0,10,0,0.0,1,69.58
2026-08-10 22:00:04,120.33,DROWSY,0.380,1.649,0.58,39.3,32.9,30.8,0.05,0.0,10,0,0.0,1,67.76
2026-08-10 22:00:05,121.34,DROWSY,0.377,1.304,0.58,35.7,29.4,35.2,0.04,0.0,10,0,0.0,1,70.24
2026-08-10 22:00:06,122.36,DROWSY,0.377,1.304,0.58,35.7,29.4,35.2,0.04,0.0,10,0,0.0,1,69.56
2026-08-10 22:00:07,123.41,DROWSY,0.377,1.304,0.58,35.7,29.4,35.2,0.04,0.0,10,0,0.0,1,69.00
2026-08-10 22:00:08,124.45,DROWSY,0.377,1.304,0.58,35.7,29.4,35.2,0.04,0.0,10,0,0.0,1,68.46
2026-08-10 22:00:09,125.53,DROWSY,0.377,1.304,0.58,35.7,29.4,35.2,0.04,0.0,10,0,0.0,1,67.01
2026-08-10 22:00:10,126.56,DROWSY,0.349,1.129,0.59,38.5,31.1,36.2,0.04,0.0,10,0,0.0,1,69.45
2026-08-10 22:00:11,127.60,DROWSY,0.349,1.129,0.59,38.5,31.1,36.2,0.04,0.0,10,0,0.0,1,70.21
2026-08-10 22:00:12,128.62,DROWSY,0.349,1.129,0.59,38.5,31.1,36.2,0.04,0.0,10,0,0.0,1,70.44
2026-08-10 22:00:13,129.68,DROWSY,0.349,1.129,0.59,38.5,31.1,36.2,0.04,0.0,10,0,0.0,0,70.76
2026-08-10 22:00:15,130.82,FATIGUED,0.211,0.675,0.39,49.5,6.1,-7.4,0.46,0.0,10,0,0.0,0,67.59
2026-08-10 22:00:15,131.77,FATIGUED,0.211,0.675,0.39,49.5,6.1,-7.4,0.46,0.0,10,0,0.0,0,69.23
2026-08-10 22:00:16,132.78,FATIGUED,0.211,0.675,0.39,49.5,6.1,-7.4,0.46,0.0,10,0,0.0,0,70.05
2026-08-10 22:00:18,133.90,FATIGUED,0.211,0.675,0.39,49.5,6.1,-7.4,0.46,0.0,10,0,0.0,0,70.76
2026-08-10 22:00:19,134.97,FATIGUED,0.211,0.675,0.39,49.5,6.1,-7.4,0.46,0.0,10,0,0.0,0,72.78
2026-08-10 22:00:20,135.99,MICROSLEEP,0.196,0.652,0.36,45.8,3.0,-2.9,0.62,0.0,10,0,0.0,1,73.25
2026-08-10 22:00:21,137.05,MICROSLEEP,0.196,0.652,0.36,45.8,3.0,-2.9,0.62,0.0,10,0,0.0,1,72.00
2026-08-10 22:00:22,138.07,MICROSLEEP,0.196,0.652,0.36,45.8,3.0,-2.9,0.62,0.0,10,0,0.0,0,71.34
2026-08-10 22:00:23,139.13,MICROSLEEP,0.196,0.652,0.36,45.8,3.0,-2.9,0.62,0.0,10,0,0.0,0,69.38
2026-08-10 22:00:24,140.13,MICROSLEEP,0.196,0.652,0.36,45.8,3.0,-2.9,0.62,0.0,10,0,0.0,0,66.46
2026-08-10 22:00:25,141.19,MICROSLEEP,0.185,0.625,0.31,48.6,-0.3,-14.5,0.74,0.0,10,0,0.0,0,68.46
2026-08-10 22:00:26,142.19,MICROSLEEP,0.185,0.625,0.31,48.6,-0.3,-14.5,0.74,0.0,10,0,0.0,0,68.19
2026-08-10 22:00:27,143.25,MICROSLEEP,0.185,0.625,0.31,48.6,-0.3,-14.5,0.74,0.0,10,0,0.0,1,68.22
2026-08-10 22:00:28,144.27,MICROSLEEP,0.185,0.625,0.31,48.6,-0.3,-14.5,0.74,0.0,10,0,0.0,1,69.26
2026-08-10 22:00:29,145.32,MICROSLEEP,0.185,0.625,0.31,48.6,-0.3,-14.5,0.74,0.0,10,0,0.0,1,68.21
2026-08-10 22:00:30,146.39,MICROSLEEP,0.165,0.702,0.43,47.1,7.2,5.2,0.74,0.0,10,0,0.0,1,71.28
2026-08-10 22:00:31,147.43,MICROSLEEP,0.165,0.702,0.43,47.1,7.2,5.2,0.74,0.0,10,0,0.0,1,71.52
2026-08-10 22:00:32,148.48,MICROSLEEP,0.165,0.702,0.43,47.1,7.2,5.2,0.74,0.0,10,0,0.0,1,70.75
2026-08-10 22:00:33,149.51,MICROSLEEP,0.165,0.702,0.43,47.1,7.2,5.2,0.74,0.0,10,0,0.0,1,70.43
2026-08-10 22:00:34,150.56,MICROSLEEP,0.165,0.702,0.43,47.1,7.2,5.2,0.74,0.0,10,0,0.0,0,68.00
2026-08-10 22:00:35,151.60,FATIGUED,0.304,0.694,0.42,46.6,6.5,4.2,0.35,0.0,11,0,0.0,0,70.04
2026-08-10 22:00:36,152.63,FATIGUED,0.304,0.694,0.42,46.6,6.5,4.2,0.35,0.0,11,0,0.0,0,70.23
2026-08-10 22:00:37,153.65,FATIGUED,0.304,0.694,0.42,46.6,6.5,4.2,0.35,0.0,11,0,0.0,0,69.65
2026-08-10 22:00:38,154.68,FATIGUED,0.304,0.694,0.42,46.6,6.5,4.2,0.35,0.0,11,0,0.0,0,69.26
2026-08-10 22:00:39,155.69,FATIGUED,0.304,0.694,0.42,46.6,6.5,4.2,0.35,0.0,11,0,0.0,0,66.67
2026-08-10 22:00:40,156.72,DROWSY,0.190,0.724,0.46,46.3,8.3,6.3,0.66,0.0,11,0,0.0,0,68.96
2026-08-10 22:00:41,157.77,DROWSY,0.190,0.724,0.46,46.3,8.3,6.3,0.66,0.0,11,0,0.0,0,69.12
2026-08-10 22:00:42,158.80,DROWSY,0.190,0.724,0.46,46.3,8.3,6.3,0.66,0.0,11,0,0.0,0,69.27
2026-08-10 22:00:44,159.84,DROWSY,0.190,0.724,0.46,46.3,8.3,6.3,0.66,0.0,11,0,0.0,1,69.68
2026-08-10 22:00:45,160.90,DROWSY,0.190,0.724,0.46,46.3,8.3,6.3,0.66,0.0,11,0,0.0,1,67.83
2026-08-10 22:00:46,161.90,MICROSLEEP,0.122,0.743,0.49,48.3,22.8,13.5,0.67,0.0,11,0,0.0,1,69.74
2026-08-10 22:00:47,162.93,MICROSLEEP,0.122,0.743,0.49,48.3,22.8,13.5,0.67,0.0,11,0,0.0,1,69.54
2026-08-10 22:00:48,163.97,MICROSLEEP,0.122,0.743,0.49,48.3,22.8,13.5,0.67,0.0,11,0,0.0,1,69.38
2026-08-10 22:00:49,164.99,MICROSLEEP,0.122,0.743,0.49,48.3,22.8,13.5,0.67,0.0,11,0,0.0,1,70.08
2026-08-10 22:00:50,166.16,MICROSLEEP,0.177,0.725,0.46,42.8,14.5,7.6,0.73,0.0,11,0,0.0,1,68.51
2026-08-10 22:00:51,167.09,MICROSLEEP,0.177,0.725,0.46,42.8,14.5,7.6,0.73,0.0,11,0,0.0,1,70.04
2026-08-10 22:00:52,168.15,MICROSLEEP,0.177,0.725,0.46,42.8,14.5,7.6,0.73,0.0,11,0,0.0,1,70.32
2026-08-10 22:00:53,169.17,MICROSLEEP,0.177,0.725,0.46,42.8,14.5,7.6,0.73,0.0,11,0,0.0,1,69.12
2026-08-10 22:00:54,170.17,MICROSLEEP,0.177,0.725,0.46,42.8,14.5,7.6,0.73,0.0,11,0,0.0,1,69.44
2026-08-10 22:00:55,171.33,MICROSLEEP,0.156,0.694,0.41,43.2,11.5,2.7,0.73,0.0,11,0,0.0,1,69.93
2026-08-10 22:00:56,172.35,MICROSLEEP,0.156,0.694,0.41,43.2,11.5,2.7,0.73,0.0,11,0,0.0,1,69.73
2026-08-10 22:00:57,173.41,MICROSLEEP,0.156,0.694,0.41,43.2,11.5,2.7,0.73,0.0,11,0,0.0,1,70.41
2026-08-10 22:00:58,174.45,MICROSLEEP,0.156,0.694,0.41,43.2,11.5,2.7,0.73,0.0,11,0,0.0,1,69.82
2026-08-10 22:00:59,175.48,MICROSLEEP,0.156,0.694,0.41,43.2,11.5,2.7,0.73,0.0,11,0,0.0,1,72.50
2026-08-10 22:01:00,176.54,MICROSLEEP,0.229,0.640,0.33,53.8,11.9,2.7,0.73,0.0,11,0,0.0,1,73.01
2026-08-10 22:01:01,177.59,MICROSLEEP,0.229,0.640,0.33,53.8,11.9,2.7,0.73,0.0,11,0,0.0,1,72.48
2026-08-10 22:01:02,178.63,MICROSLEEP,0.229,0.640,0.33,53.8,11.9,2.7,0.73,0.0,11,0,0.0,1,72.68
2026-08-10 22:01:03,179.66,MICROSLEEP,0.229,0.640,0.33,53.8,11.9,2.7,0.73,0.0,11,0,0.0,1,70.17
2026-08-10 22:01:04,180.68,MICROSLEEP,0.229,0.640,0.33,53.8,11.9,2.7,0.73,0.0,11,0,0.0,1,67.33
2026-08-10 22:01:05,181.69,MICROSLEEP,0.229,0.656,0.35,52.0,8.3,1.5,0.73,0.0,11,0,0.0,1,69.18
2026-08-10 22:01:06,182.75,MICROSLEEP,0.229,0.656,0.35,52.0,8.3,1.5,0.73,0.0,11,0,0.0,1,69.33
2026-08-10 22:01:07,183.78,MICROSLEEP,0.229,0.656,0.35,52.0,8.3,1.5,0.73,0.0,11,0,0.0,1,69.37
2026-08-10 22:01:09,184.81,MICROSLEEP,0.229,0.656,0.35,52.0,8.3,1.5,0.73,0.0,11,0,0.0,1,70.64
2026-08-10 22:01:10,185.85,MICROSLEEP,0.229,0.656,0.35,52.0,8.3,1.5,0.73,0.0,11,0,0.0,1,68.70
2026-08-10 22:01:11,186.86,MICROSLEEP,0.237,0.643,0.33,51.5,7.4,0.0,0.73,0.0,11,0,0.0,1,70.56
2026-08-10 22:01:12,187.88,MICROSLEEP,0.237,0.643,0.33,51.5,7.4,0.0,0.73,0.0,11,0,0.0,1,70.09
2026-08-10 22:01:13,188.92,MICROSLEEP,0.237,0.643,0.33,51.5,7.4,0.0,0.73,0.0,11,0,0.0,1,69.26
2026-08-10 22:01:14,189.94,MICROSLEEP,0.237,0.643,0.33,51.5,7.4,0.0,0.73,0.0,11,0,0.0,1,68.67
2026-08-10 22:01:15,190.97,MICROSLEEP,0.237,0.643,0.33,51.5,7.4,0.0,0.73,0.0,11,0,0.0,1,66.93
2026-08-10 22:01:16,192.00,MICROSLEEP,0.216,0.628,0.31,52.1,2.0,-2.0,0.73,0.0,11,0,0.0,1,69.45
2026-08-10 22:31:17,12.97,CALIBRATING,0.316,0.657,0.60,51.4,7.7,0.5,0.00,100.0,0,0,0.0,0,36.21
2026-08-10 22:31:17,13.04,CALIBRATING,0.316,0.657,0.60,51.4,7.7,0.5,0.00,100.0,0,0,0.0,0,70.52
2026-08-10 22:31:18,14.06,CALIBRATING,0.316,0.657,0.60,51.4,7.7,0.5,0.00,100.0,0,0,0.0,0,75.39
2026-08-10 22:31:19,15.11,CALIBRATING,0.316,0.657,0.60,51.4,7.7,0.5,0.00,100.0,0,0,0.0,0,81.47
2026-08-10 22:31:20,16.23,ATTENTIVE,0.302,0.530,0.57,48.8,4.6,0.4,0.00,100.0,0,0,0.0,0,89.60
2026-08-10 22:31:21,17.25,ATTENTIVE,0.302,0.530,0.57,48.8,4.6,0.4,0.00,100.0,0,0,0.0,0,60.83
2026-08-10 22:31:22,18.27,ATTENTIVE,0.302,0.530,0.57,48.8,4.6,0.4,0.00,100.0,0,0,0.0,0,64.04
2026-08-10 22:31:23,19.33,ATTENTIVE,0.302,0.530,0.57,48.8,4.6,0.4,0.00,100.0,0,0,0.0,0,67.46
2026-08-10 22:31:24,20.38,ATTENTIVE,0.302,0.530,0.57,48.8,4.6,0.4,0.00,100.0,0,0,0.0,0,67.85
2026-08-10 22:31:25,21.39,DROWSY,0.215,0.739,0.60,52.3,4.9,-0.5,0.36,0.0,1,0,0.0,0,70.94
2026-08-10 22:31:26,22.43,DROWSY,0.215,0.739,0.60,52.3,4.9,-0.5,0.36,0.0,1,0,0.0,0,71.99
2026-08-10 22:31:27,23.45,DROWSY,0.215,0.739,0.60,52.3,4.9,-0.5,0.36,0.0,1,0,0.0,0,72.94
2026-08-10 22:31:29,24.50,DROWSY,0.215,0.739,0.60,52.3,4.9,-0.5,0.36,0.0,1,0,0.0,0,72.69
2026-08-10 22:31:30,25.50,DROWSY,0.215,0.739,0.60,52.3,4.9,-0.5,0.36,0.0,1,0,0.0,0,72.54
2026-08-10 22:31:31,26.56,DROWSY,0.250,0.818,0.60,55.3,3.3,0.5,0.10,34.2,1,0,0.0,0,73.44
2026-08-10 22:31:32,27.56,DROWSY,0.250,0.818,0.60,55.3,3.3,0.5,0.10,34.2,1,0,0.0,0,72.49
2026-08-10 22:31:33,28.61,DROWSY,0.250,0.818,0.60,55.3,3.3,0.5,0.10,34.2,1,0,0.0,0,73.88
2026-08-10 22:31:34,29.63,DROWSY,0.250,0.818,0.60,55.3,3.3,0.5,0.10,34.2,1,0,0.0,0,74.48
2026-08-10 22:31:35,30.69,DROWSY,0.250,0.818,0.60,55.3,3.3,0.5,0.10,34.2,1,0,0.0,0,75.18
2026-08-10 22:31:36,31.75,DROWSY,0.239,0.902,0.60,55.6,2.3,2.4,0.05,73.8,1,0,0.0,0,74.82
2026-08-10 22:31:37,32.76,DROWSY,0.239,0.902,0.60,55.6,2.3,2.4,0.05,73.8,1,0,0.0,0,74.98
2026-08-10 22:31:38,33.77,DROWSY,0.239,0.902,0.60,55.6,2.3,2.4,0.05,73.8,1,0,0.0,0,74.54
2026-08-10 22:31:39,34.78,DROWSY,0.239,0.902,0.60,55.6,2.3,2.4,0.05,73.8,1,0,0.0,0,73.86
2026-08-10 22:31:40,35.84,DROWSY,0.239,0.902,0.60,55.6,2.3,2.4,0.05,73.8,1,0,0.0,0,69.33
2026-08-10 22:31:41,36.85,DROWSY,0.228,0.962,0.60,54.8,44.1,17.9,0.24,31.8,2,0,0.0,0,70.25
2026-08-10 22:31:42,37.90,DROWSY,0.228,0.962,0.60,54.8,44.1,17.9,0.24,31.8,2,0,0.0,0,69.42
2026-08-10 22:31:43,38.95,DROWSY,0.228,0.962,0.60,54.8,44.1,17.9,0.24,31.8,2,0,0.0,0,67.98
2026-08-10 22:31:44,40.02,DROWSY,0.228,0.962,0.60,54.8,44.1,17.9,0.24,31.8,2,0,0.0,0,67.95
2026-08-10 22:31:45,41.07,DROWSY,0.228,0.962,0.60,54.8,44.1,17.9,0.24,31.8,2,0,0.0,0,66.39
2026-08-10 22:31:46,42.08,DROWSY,0.161,0.654,0.60,53.0,13.9,7.2,0.52,0.0,3,0,0.0,0,68.25
2026-08-10 22:31:47,43.11,DROWSY,0.161,0.654,0.60,53.0,13.9,7.2,0.52,0.0,3,0,0.0,0,67.66
2026-08-10 22:31:48,44.17,DROWSY,0.161,0.654,0.60,53.0,13.9,7.2,0.52,0.0,3,0,0.0,0,67.72
2026-08-10 22:31:49,45.22,DROWSY,0.161,0.654,0.60,53.0,13.9,7.2,0.52,0.0,3,0,0.0,0,66.39
2026-08-10 22:31:50,46.22,DROWSY,0.161,0.654,0.60,53.0,13.9,7.2,0.52,0.0,3,0,0.0,0,64.20
2026-08-10 22:31:51,47.24,DROWSY,0.332,0.644,0.60,50.4,4.7,1.2,0.16,0.0,5,0,0.0,0,67.23
2026-08-10 22:31:52,48.27,DROWSY,0.332,0.644,0.60,50.4,4.7,1.2,0.16,0.0,5,0,0.0,0,68.98
2026-08-10 22:31:53,49.32,DROWSY,0.332,0.644,0.60,50.4,4.7,1.2,0.16,0.0,5,0,0.0,0,72.16
2026-08-10 22:31:54,50.37,DROWSY,0.332,0.644,0.60,50.4,4.7,1.2,0.16,0.0,5,0,0.0,0,74.24
2026-08-10 22:31:56,51.59,DROWSY,0.370,0.625,0.60,51.1,5.0,2.5,0.09,30.0,5,0,0.0,0,76.24
2026-08-10 22:31:57,52.58,DROWSY,0.370,0.625,0.60,51.1,5.0,2.5,0.09,30.0,5,0,0.0,0,77.56
2026-08-10 22:31:58,53.61,DROWSY,0.370,0.625,0.60,51.1,5.0,2.5,0.09,30.0,5,0,0.0,0,77.51
2026-08-10 22:31:59,54.66,DROWSY,0.370,0.625,0.60,51.1,5.0,2.5,0.09,30.0,5,0,0.0,0,78.20
2026-08-10 22:32:00,55.68,DROWSY,0.370,0.625,0.60,51.1,5.0,2.5,0.09,30.0,5,0,0.0,0,79.84
2026-08-10 22:32:01,56.67,DROWSY,0.333,0.638,0.60,48.6,3.5,1.9,0.02,66.6,5,0,0.0,0,80.11
2026-08-10 22:32:02,57.71,DROWSY,0.333,0.638,0.60,48.6,3.5,1.9,0.02,66.6,5,0,0.0,0,80.79
2026-08-10 22:32:03,58.72,DROWSY,0.333,0.638,0.60,48.6,3.5,1.9,0.02,66.6,5,0,0.0,0,81.80
2026-08-10 22:32:04,59.78,DROWSY,0.333,0.638,0.60,48.6,3.5,1.9,0.02,66.6,5,0,0.0,0,84.34
2026-08-10 22:32:05,60.82,DROWSY,0.333,0.638,0.60,48.6,3.5,1.9,0.02,66.6,5,0,0.0,0,85.26
2026-08-10 22:32:06,61.84,DROWSY,0.310,0.641,0.60,49.8,4.6,1.3,0.02,100.0,5,0,0.0,0,89.76
2026-08-10 22:32:07,62.85,DROWSY,0.310,0.641,0.60,49.8,4.6,1.3,0.02,100.0,5,0,0.0,0,88.25
2026-08-10 22:32:08,63.91,DROWSY,0.310,0.641,0.60,49.8,4.6,1.3,0.02,100.0,5,0,0.0,0,87.82
2026-08-10 22:32:09,64.93,DROWSY,0.310,0.641,0.60,49.8,4.6,1.3,0.02,100.0,5,0,0.0,0,88.70
2026-08-10 22:32:10,66.00,DROWSY,0.310,0.641,0.60,49.8,4.6,1.3,0.02,100.0,5,0,0.0,0,86.58
2026-08-10 22:32:11,67.08,DROWSY,0.217,0.619,0.60,49.6,1.5,-3.8,0.45,0.0,5,0,0.0,0,91.04
2026-08-10 22:32:12,68.10,DROWSY,0.217,0.619,0.60,49.6,1.5,-3.8,0.45,0.0,5,0,0.0,0,90.75
2026-08-10 22:32:13,69.12,DROWSY,0.217,0.619,0.60,49.6,1.5,-3.8,0.45,0.0,5,0,0.0,0,92.58
2026-08-10 22:32:14,70.16,DROWSY,0.217,0.619,0.60,49.6,1.5,-3.8,0.45,0.0,5,0,0.0,0,90.33
2026-08-10 22:32:15,71.21,DROWSY,0.217,0.619,0.60,49.6,1.5,-3.8,0.45,0.0,5,0,0.0,0,88.48
2026-08-10 22:32:16,72.29,DROWSY,0.126,0.861,0.60,54.9,0.9,-0.8,0.27,0.0,7,0,0.0,0,84.92
2026-08-10 22:32:17,73.34,DROWSY,0.126,0.861,0.60,54.9,0.9,-0.8,0.27,0.0,7,0,0.0,0,78.88
2026-08-10 22:32:18,74.40,DROWSY,0.126,0.861,0.60,54.9,0.9,-0.8,0.27,0.0,7,0,0.0,0,76.41
2026-08-10 22:32:19,75.47,DROWSY,0.126,0.861,0.60,54.9,0.9,-0.8,0.27,0.0,7,0,0.0,0,76.35
2026-08-10 22:32:21,77.12,DROWSY,0.131,0.854,0.60,55.4,0.9,2.8,0.64,0.0,7,0,0.0,1,73.95
2026-08-10 22:32:22,77.60,DROWSY,0.131,0.854,0.60,55.4,0.9,2.8,0.64,0.0,7,0,0.0,1,84.07
2026-08-10 22:32:23,78.61,DROWSY,0.131,0.854,0.60,55.4,0.9,2.8,0.64,0.0,7,0,0.0,1,84.56
2026-08-10 22:32:24,79.63,DROWSY,0.131,0.854,0.60,55.4,0.9,2.8,0.64,0.0,7,0,0.0,1,86.47
2026-08-10 22:32:25,80.66,DROWSY,0.131,0.854,0.60,55.4,0.9,2.8,0.64,0.0,7,0,0.0,1,87.03
2026-08-10 22:32:26,81.89,MICROSLEEP,0.142,0.857,0.60,55.2,0.7,3.2,0.68,0.0,7,0,0.0,1,91.01
2026-08-10 22:32:27,82.92,MICROSLEEP,0.142,0.857,0.60,55.2,0.7,3.2,0.68,0.0,7,0,0.0,1,81.72
2026-08-10 22:32:28,83.94,MICROSLEEP,0.142,0.857,0.60,55.2,0.7,3.2,0.68,0.0,7,0,0.0,1,81.27
2026-08-10 22:32:29,85.02,MICROSLEEP,0.142,0.857,0.60,55.2,0.7,3.2,0.68,0.0,7,0,0.0,1,82.29
2026-08-10 22:32:30,86.03,MICROSLEEP,0.142,0.857,0.60,55.2,0.7,3.2,0.68,0.0,7,0,0.0,1,84.67
2026-08-10 22:32:31,87.16,MICROSLEEP,0.198,0.669,0.60,54.3,24.6,18.8,0.74,0.0,7,0,0.0,1,90.91
2026-08-10 22:32:32,88.21,MICROSLEEP,0.198,0.669,0.60,54.3,24.6,18.8,0.74,0.0,7,0,0.0,1,94.26
2026-08-10 22:32:33,89.23,MICROSLEEP,0.198,0.669,0.60,54.3,24.6,18.8,0.74,0.0,7,0,0.0,1,101.12
2026-08-10 22:32:34,90.24,MICROSLEEP,0.198,0.669,0.60,54.3,24.6,18.8,0.74,0.0,7,0,0.0,1,102.03
2026-08-10 22:36:33,20.16,CALIBRATING,0.287,0.592,0.60,53.0,24.9,9.7,0.00,100.0,0,0,0.0,0,31.08
2026-08-10 22:36:33,20.39,CALIBRATING,0.268,0.602,0.60,53.7,20.3,7.9,0.00,100.0,0,0,0.0,0,70.11
2026-08-10 22:36:34,21.39,CALIBRATING,0.233,0.617,0.60,54.3,18.3,6.7,0.00,100.0,0,0,0.0,0,84.63
2026-08-10 22:36:35,22.51,CALIBRATING,0.239,0.604,0.60,54.5,4.2,-4.6,0.00,100.0,0,0,0.0,0,100.19
2026-08-10 22:36:36,23.69,CALIBRATING,0.280,0.610,0.60,54.6,8.5,-5.1,0.00,100.0,0,0,0.0,0,115.78
2026-08-10 22:36:38,24.87,CALIBRATING,0.259,0.602,0.60,53.8,9.0,-3.7,0.00,100.0,0,0,0.0,0,132.30
2026-08-10 22:36:39,25.87,CALIBRATING,0.230,0.601,0.60,53.7,8.8,-2.8,0.00,100.0,0,0,0.0,0,146.52
2026-08-10 22:36:40,27.11,CALIBRATING,0.221,0.610,0.60,53.5,5.5,-1.9,0.00,100.0,0,0,0.0,0,161.88
2026-08-10 22:36:41,28.04,CALIBRATING,0.212,0.609,0.60,52.9,4.6,-1.4,0.00,100.0,0,0,0.0,0,177.73
2026-08-10 22:36:42,29.08,CALIBRATING,0.205,0.617,0.60,53.0,6.4,0.0,0.00,100.0,0,0,0.0,0,191.83
2026-08-10 22:36:43,30.09,CALIBRATING,0.200,0.623,0.60,52.8,4.6,0.5,0.12,87.5,0,0,0.0,0,206.09
2026-08-10 22:36:44,31.11,DROWSY,0.204,0.617,0.60,52.7,3.6,0.0,0.26,71.0,0,0,0.0,0,220.40
2026-08-10 22:36:45,32.15,DROWSY,0.222,0.615,0.60,53.3,6.0,-0.9,0.31,56.5,1,0,0.0,0,234.60
2026-08-10 22:36:46,33.25,DROWSY,0.232,0.609,0.60,53.6,4.6,-0.5,0.17,54.9,1,0,0.0,0,202.09
2026-08-10 22:36:47,34.31,DROWSY,0.227,0.613,0.60,53.4,5.3,0.5,0.10,57.1,1,0,0.0,0,203.84
2026-08-10 22:36:48,35.55,DROWSY,0.213,0.597,0.60,53.8,4.0,-2.1,0.07,60.1,1,0,0.0,0,208.72
2026-08-10 22:36:49,36.76,DROWSY,0.217,0.631,0.60,52.5,7.6,-1.8,0.06,63.1,1,0,0.0,0,212.61
2026-08-10 22:36:51,37.82,DROWSY,0.236,0.614,0.60,52.9,6.2,-1.5,0.05,66.1,1,0,0.0,0,214.18
2026-08-10 22:36:52,39.00,DROWSY,0.228,0.637,0.60,52.9,6.1,0.4,0.04,69.7,1,0,0.0,0,214.07
2026-08-10 22:36:53,40.03,DROWSY,0.245,0.630,0.60,53.0,6.8,0.4,0.04,72.7,1,0,0.0,0,210.23
2026-08-10 22:36:54,41.02,DROWSY,0.268,0.634,0.60,52.8,7.1,-0.4,0.04,75.7,1,0,0.0,0,211.47
2026-08-10 22:36:55,42.27,DROWSY,0.277,0.630,0.60,52.6,3.3,-1.8,0.04,79.3,1,0,0.0,0,210.87
2026-08-10 22:36:56,43.31,DROWSY,0.279,0.637,0.60,52.5,4.9,-1.5,0.03,82.3,1,0,0.0,0,211.87
2026-08-10 22:36:57,44.33,DROWSY,0.276,0.636,0.60,52.7,4.8,-2.2,0.03,85.3,1,0,0.0,0,211.92
2026-08-10 22:36:58,45.38,DROWSY,0.267,0.638,0.60,52.6,4.3,-1.8,0.03,88.3,1,0,0.0,0,211.14
2026-08-10 22:36:59,46.55,DROWSY,0.263,0.641,0.60,52.8,4.1,-2.2,0.03,91.3,1,0,0.0,0,212.43
2026-08-10 22:37:00,47.72,DROWSY,0.256,0.638,0.60,52.9,4.5,-2.9,0.03,94.3,1,0,0.0,0,213.77
2026-08-10 22:37:01,48.80,DROWSY,0.259,0.639,0.60,52.9,5.0,-2.2,0.03,100.0,1,0,0.0,0,190.87
2026-08-10 22:37:02,49.63,DROWSY,0.249,0.633,0.60,53.1,5.4,-0.7,0.02,100.0,1,0,0.0,0,176.87
2026-08-10 22:37:03,50.65,DROWSY,0.246,0.637,0.60,53.0,5.1,-2.6,0.02,100.0,1,0,0.0,0,163.64
2026-08-10 22:37:04,51.65,DROWSY,0.266,0.633,0.60,53.0,4.4,-1.8,0.02,100.0,1,0,0.0,0,145.84
2026-08-10 22:37:05,52.69,DROWSY,0.259,0.621,0.60,52.9,4.8,-1.5,0.02,100.0,1,0,0.0,0,129.48
2026-08-10 22:37:06,53.71,DROWSY,0.272,0.668,0.60,52.8,6.7,-3.4,0.02,100.0,1,0,0.0,0,107.72
2026-08-10 22:37:07,54.76,DROWSY,0.303,0.807,0.60,53.8,9.3,-1.1,0.02,100.0,1,0,0.0,0,100.90
2026-08-10 22:37:09,55.82,DROWSY,0.271,0.822,0.60,54.1,3.3,0.0,0.01,100.0,1,0,0.0,0,96.82
2026-08-10 22:37:10,56.85,DROWSY,0.229,0.863,0.60,54.6,4.5,-1.9,0.08,88.8,2,0,0.0,0,94.13
2026-08-10 22:37:11,57.89,DROWSY,0.234,0.879,0.60,54.8,6.6,-1.5,0.02,95.4,2,0,0.0,0,94.35
2026-08-10 22:37:12,58.94,DROWSY,0.250,0.865,0.60,54.7,5.2,0.4,0.01,100.0,2,0,0.0,0,92.52
2026-08-10 22:37:13,60.01,DROWSY,0.262,0.852,0.60,54.2,5.7,0.4,0.01,100.0,2,0,0.0,0,93.24
2026-08-10 22:37:14,61.07,DROWSY,0.254,0.857,0.60,54.3,7.0,0.4,0.01,100.0,2,0,0.0,0,92.73
2026-08-10 22:37:15,62.08,DROWSY,0.240,0.942,0.60,55.1,9.6,1.1,0.01,100.0,2,0,0.0,0,92.08
2026-08-10 22:37:16,63.20,DROWSY,0.232,0.999,0.60,55.2,10.9,1.9,0.01,100.0,2,0,0.0,0,93.63
2026-08-10 22:37:17,64.30,DROWSY,0.225,1.052,0.60,55.4,12.2,1.5,0.01,100.0,2,0,0.0,0,94.34
2026-08-10 22:37:18,65.40,DROWSY,0.241,0.952,0.60,54.6,8.7,2.6,0.01,100.0,2,0,0.0,0,95.53
2026-08-10 22:37:19,66.54,DROWSY,0.227,0.842,0.60,55.8,-12.4,2.6,0.01,100.0,2,0,0.0,0,99.51
2026-08-10 22:37:20,67.54,DROWSY,0.233,0.790,0.60,55.8,-27.6,-2.1,0.01,100.0,2,0,0.0,0,102.74
2026-08-10 22:37:21,68.59,DROWSY,0.235,0.652,0.60,55.8,-18.6,-2.0,0.01,100.0,2,0,0.0,0,104.40
2026-08-10 22:37:22,69.61,DROWSY,0.229,0.642,0.60,55.2,-0.8,-0.4,0.01,100.0,2,0,0.0,0,102.70
2026-08-10 22:37:23,70.70,DROWSY,0.227,0.666,0.60,54.5,8.5,4.1,0.01,100.0,2,0,0.0,0,101.03
2026-08-10 22:37:24,71.74,DROWSY,0.227,0.668,0.60,55.2,10.1,2.7,0.01,100.0,2,0,0.0,0,99.73
2026-08-10 22:37:26,72.84,DROWSY,0.208,0.638,0.60,56.5,13.2,2.0,0.01,100.0,2,0,0.0,0,93.10
2026-08-10 22:37:27,73.96,DROWSY,0.213,0.629,0.60,56.3,11.6,0.4,0.01,100.0,2,0,0.0,0,92.69
2026-08-10 22:37:28,75.00,DROWSY,0.224,0.614,0.60,56.3,12.8,0.8,0.01,100.0,2,0,0.0,0,92.36
2026-08-10 22:37:29,76.09,DROWSY,0.218,0.581,0.60,56.0,12.2,0.4,0.01,100.0,2,0,0.0,0,93.78
2026-08-10 22:37:30,77.21,ATTENTIVE,0.221,0.579,0.60,55.5,11.8,0.4,0.01,100.0,2,0,0.0,0,93.70
2026-08-10 22:37:31,78.29,ATTENTIVE,0.249,0.592,0.60,55.3,12.8,0.8,0.00,100.0,2,0,0.0,0,94.48
2026-08-10 22:37:32,79.43,ATTENTIVE,0.237,0.594,0.60,55.0,8.4,-0.4,0.00,100.0,2,0,0.0,0,95.06
2026-08-10 22:37:33,80.50,ATTENTIVE,0.230,0.599,0.60,55.0,10.5,0.8,0.00,100.0,2,0,0.0,0,95.53
2026-08-10 22:37:34,81.59,DROWSY,0.238,0.603,0.60,55.0,8.6,0.4,0.00,100.0,2,0,0.0,0,96.61
2026-08-10 22:37:35,82.62,DROWSY,0.239,0.591,0.60,55.0,10.1,0.8,0.00,100.0,2,0,0.0,0,97.17
2026-08-10 22:37:36,83.74,DROWSY,0.237,0.597,0.60,55.1,10.2,0.4,0.00,100.0,2,0,0.0,0,96.70
2026-08-10 22:37:38,84.87,DROWSY,0.249,0.596,0.60,54.5,3.7,-2.3,0.00,100.0,2,0,0.0,0,96.35
2026-08-10 22:37:39,85.90,DROWSY,0.253,0.612,0.60,54.4,7.4,-1.9,0.00,100.0,2,0,0.0,0,96.53
2026-08-10 22:37:40,86.98,DROWSY,0.240,0.595,0.60,53.0,3.1,-0.4,0.00,100.0,2,0,0.0,0,95.04
2026-08-10 22:37:41,88.09,DROWSY,0.268,0.603,0.60,54.7,7.5,-1.5,0.00,100.0,2,0,0.0,0,94.11
2026-08-10 22:37:42,89.13,DROWSY,0.216,0.598,0.60,54.7,5.2,-1.5,0.00,100.0,2,0,0.0,0,92.94
2026-08-10 22:37:43,90.26,DROWSY,0.244,0.589,0.60,54.7,3.1,-1.9,0.00,100.0,2,0,0.0,0,93.98
2026-08-10 22:37:44,91.32,DROWSY,0.235,0.611,0.60,54.5,4.9,-2.6,0.10,85.6,3,0,0.0,0,93.95
2026-08-10 22:37:45,92.48,DROWSY,0.244,0.592,0.60,54.7,3.8,-2.3,0.03,91.6,3,0,0.0,0,97.22
2026-08-10 22:37:46,93.48,DROWSY,0.251,0.590,0.60,54.4,3.4,-1.9,0.01,97.0,3,0,0.0,0,101.73
2026-08-10 22:37:47,94.62,DROWSY,0.236,0.611,0.60,54.8,6.1,-1.9,0.01,100.0,3,0,0.0,0,104.34
2026-08-10 22:37:48,95.67,DROWSY,0.237,0.592,0.60,55.1,3.1,-5.1,0.01,100.0,3,0,0.0,0,110.84
2026-08-10 22:37:49,96.75,DROWSY,0.207,0.629,0.60,54.4,4.3,-1.9,0.01,100.0,3,0,0.0,0,113.54
2026-08-10 22:37:51,97.86,DROWSY,0.157,0.594,0.60,54.3,0.6,-1.1,0.23,67.9,3,0,0.0,0,113.81
2026-08-10 22:37:52,98.96,DROWSY,0.168,0.607,0.60,54.0,1.9,-3.0,0.35,36.8,3,0,0.0,0,115.70
2026-08-10 22:37:53,100.07,DROWSY,0.205,0.609,0.60,54.0,3.9,-4.3,0.43,8.0,3,0,0.0,0,120.14
2026-08-10 22:37:54,101.22,DROWSY,0.170,0.622,0.60,52.5,6.1,-5.8,0.46,0.0,3,0,0.0,0,122.13
2026-08-10 22:37:55,102.25,DROWSY,0.189,0.610,0.60,52.1,-2.6,-2.7,0.48,0.0,3,0,0.0,0,123.11
2026-08-10 22:37:56,103.40,DROWSY,0.181,0.605,0.60,51.8,-1.5,-3.8,0.50,0.0,3,0,0.0,1,124.01
2026-08-10 22:37:57,104.49,MICROSLEEP,0.188,0.615,0.60,52.2,-1.2,-3.1,0.52,0.0,3,0,0.0,1,124.90
2026-08-10 22:37:58,105.58,MICROSLEEP,0.184,0.617,0.60,52.6,0.7,-2.3,0.54,0.0,3,0,0.0,1,123.25
2026-08-10 22:37:59,106.66,MICROSLEEP,0.194,0.603,0.60,52.5,0.3,-2.7,0.56,0.0,3,0,0.0,1,115.89
2026-08-10 22:38:00,107.78,MICROSLEEP,0.190,0.596,0.60,52.4,0.7,-2.3,0.58,0.0,3,0,0.0,1,113.64
2026-08-10 22:38:02,108.85,MICROSLEEP,0.174,0.614,0.60,52.8,0.4,-2.3,0.60,0.0,3,0,0.0,1,107.30
2026-08-10 22:38:03,109.91,MICROSLEEP,0.166,0.726,0.60,56.1,7.4,1.6,0.62,0.0,3,0,0.0,1,103.22
2026-08-10 22:38:04,111.04,MICROSLEEP,0.248,0.760,0.60,54.7,17.6,11.9,0.48,0.0,4,0,0.0,0,98.71
2026-08-10 22:38:05,112.08,DROWSY,0.319,0.944,0.60,51.3,8.0,2.5,0.29,0.0,4,0,0.0,0,100.56
2026-08-10 22:38:06,113.19,DROWSY,0.318,0.904,0.60,51.7,2.1,1.8,0.25,0.0,4,0,0.0,0,97.23
2026-08-10 22:38:07,114.26,DROWSY,0.310,0.906,0.60,52.0,2.6,1.4,0.24,0.0,4,0,0.0,0,94.95
2026-08-10 22:38:08,115.37,DROWSY,0.270,0.854,0.60,51.9,1.0,0.0,0.22,0.0,4,0,0.0,0,94.67
2026-08-10 22:38:09,116.43,DROWSY,0.283,0.823,0.60,51.5,-0.8,0.7,0.19,0.0,4,0,0.0,0,95.56
2026-08-10 22:38:10,117.50,DROWSY,0.282,0.840,0.60,52.3,-0.4,0.3,0.17,0.0,4,0,0.0,0,93.04
2026-08-10 22:38:11,118.59,DROWSY,0.246,0.806,0.60,52.7,-0.5,0.7,0.15,1.0,4,0,0.0,0,93.03
2026-08-10 22:38:12,119.70,DROWSY,0.253,0.836,0.60,52.8,-0.9,0.7,0.13,8.2,4,0,0.0,0,93.41
2026-08-10 22:38:13,120.77,DROWSY,0.332,0.820,0.60,52.1,-0.1,0.7,0.10,15.4,4,0,0.0,0,92.08
2026-08-10 22:38:15,121.85,DROWSY,0.356,0.843,0.60,51.9,1.0,1.7,0.08,22.6,4,0,0.0,0,88.50
2026-08-10 22:38:16,123.00,DROWSY,0.305,0.866,0.60,52.7,4.8,1.0,0.06,29.2,4,0,0.0,0,93.17
2026-08-10 22:38:17,124.04,DROWSY,0.256,0.701,0.60,55.2,22.5,3.6,0.04,35.2,4,0,0.0,0,94.43
2026-08-10 22:38:18,125.24,DROWSY,0.239,0.641,0.60,55.9,18.0,-0.8,0.02,41.2,4,0,0.0,0,97.46
2026-08-10 22:38:19,126.29,DROWSY,0.218,0.623,0.60,55.9,7.3,-4.8,0.02,44.8,4,0,0.0,0,106.24
2026-08-10 22:38:20,127.42,DROWSY,0.183,0.599,0.60,55.5,-3.7,-10.1,0.19,22.5,4,0,0.0,0,114.86
2026-08-10 22:38:21,128.50,DROWSY,0.249,0.581,0.60,56.0,-6.4,-9.5,0.18,4.7,5,0,0.0,0,121.31
2026-08-10 22:38:22,129.55,DROWSY,0.199,0.580,0.60,56.6,-3.9,-6.0,0.18,0.0,5,0,0.0,0,124.42
2026-08-10 22:38:23,130.58,FATIGUED,0.245,0.594,0.60,56.1,-1.2,-4.8,0.10,2.4,6,0,0.0,0,123.59
2026-08-10 22:38:24,131.72,ATTENTIVE,0.230,0.598,0.60,56.1,-3.5,-3.9,0.05,9.6,6,0,0.0,0,122.80
2026-08-10 22:38:25,132.78,ATTENTIVE,0.215,0.593,0.60,56.1,-2.5,-4.8,0.15,1.1,6,0,0.0,0,114.49
2026-08-10 23:18:27,15.51,CALIBRATING,0.224,0.607,0.60,57.9,9.2,-12.2,0.00,100.0,0,0,0.0,0,49.18
2026-08-10 23:18:28,15.75,CALIBRATING,0.220,0.611,0.60,57.7,12.7,-11.8,0.00,100.0,0,0,0.0,0,94.23
2026-08-10 23:18:29,16.97,CALIBRATING,0.206,0.636,0.60,57.9,12.2,-12.0,0.00,100.0,0,0,0.0,0,109.83
2026-08-10 23:18:30,18.09,CALIBRATING,0.199,0.640,0.60,58.1,11.9,-12.1,0.10,100.0,0,0,0.0,0,124.49
2026-08-10 23:18:31,19.23,CALIBRATING,0.206,0.651,0.60,58.2,12.8,-12.2,0.27,100.0,0,0,0.0,0,137.84
2026-08-10 23:18:32,20.47,CALIBRATING,0.200,0.645,0.60,58.1,11.5,-12.1,0.41,100.0,0,0,0.0,0,153.36
2026-08-10 23:18:34,21.65,CALIBRATING,0.194,0.649,0.60,58.0,12.0,-11.6,0.51,100.0,0,0,0.0,0,169.80
2026-08-10 23:18:35,22.80,CALIBRATING,0.265,0.639,0.60,57.9,11.7,-12.5,0.37,100.0,1,0,0.0,0,183.77
2026-08-10 23:18:36,23.89,CALIBRATING,0.288,0.635,0.60,57.8,12.7,-12.5,0.27,100.0,1,0,0.0,0,198.25
2026-08-10 23:18:37,24.99,CALIBRATING,0.269,0.628,0.60,57.6,12.2,-13.0,0.20,100.0,1,0,0.0,0,211.80
2026-08-10 23:18:38,26.09,CALIBRATING,0.259,0.634,0.60,57.3,7.0,-12.8,0.16,100.0,1,0,0.0,0,225.05
2026-08-10 23:18:39,27.24,CALIBRATING,0.286,0.629,0.60,57.3,10.0,-12.9,0.13,100.0,1,0,0.0,0,240.51
2026-08-10 23:18:40,28.33,CALIBRATING,0.281,0.634,0.60,57.6,10.0,-12.9,0.11,100.0,1,0,0.0,0,254.68
2026-08-10 23:21:57,14.26,CALIBRATING,0.206,0.625,0.60,58.1,29.6,-8.6,0.00,100.0,0,0,0.0,0,42.23
2026-08-10 23:21:57,14.51,CALIBRATING,0.203,0.640,0.60,58.9,27.2,-3.6,0.00,100.0,0,0,0.0,0,85.97
2026-08-10 23:21:58,15.69,CALIBRATING,0.180,0.678,0.60,59.5,17.6,-6.6,0.07,100.0,0,0,0.0,0,102.57
2026-08-10 23:21:59,16.78,CALIBRATING,0.146,0.660,0.60,58.9,13.8,-9.1,0.20,100.0,0,0,0.0,0,117.34
2026-08-10 23:22:00,17.74,CALIBRATING,0.160,0.655,0.60,58.7,17.2,-9.6,0.33,100.0,0,0,0.0,0,131.69
2026-08-10 23:22:01,18.86,CALIBRATING,0.183,0.644,0.60,58.8,17.9,-9.5,0.48,100.0,0,0,0.0,0,145.30
2026-08-10 23:22:03,19.95,CALIBRATING,0.175,0.646,0.60,58.7,17.2,-9.6,0.56,100.0,0,0,0.0,0,159.56
2026-08-10 23:22:04,21.10,CALIBRATING,0.161,0.635,0.60,58.7,19.4,-9.1,0.61,100.0,0,0,0.0,0,175.82
2026-08-10 23:22:05,22.34,CALIBRATING,0.159,0.635,0.60,58.8,18.3,-9.1,0.63,100.0,0,0,0.0,0,190.65
2026-08-10 23:22:06,23.21,CALIBRATING,0.164,0.649,0.60,58.9,17.6,-9.6,0.64,100.0,0,0,0.0,0,203.71
2026-08-10 23:22:07,24.34,CALIBRATING,0.169,0.649,0.60,58.9,17.2,-9.6,0.65,100.0,0,0,0.0,0,218.31
2026-08-10 23:22:08,25.46,CALIBRATING,0.170,0.645,0.60,58.7,18.1,-9.2,0.66,100.0,0,0,0.0,0,232.36
2026-08-10 23:22:09,26.60,CALIBRATING,0.188,0.656,0.60,58.7,18.1,-9.2,0.67,100.0,0,0,0.0,0,247.07
2026-08-10 23:22:10,27.67,CALIBRATING,0.192,0.659,0.60,58.6,19.2,-9.2,0.67,100.0,0,0,0.0,0,217.48
2026-08-10 23:22:11,28.81,CALIBRATING,0.185,0.657,0.60,58.6,17.0,-9.3,0.67,100.0,0,0,0.0,0,209.36
2026-08-10 23:22:13,29.95,CALIBRATING,0.178,0.653,0.60,58.5,17.5,-8.6,0.67,100.0,0,0,0.0,0,198.26
2026-08-10 23:22:14,31.02,CALIBRATING,0.168,0.643,0.60,57.5,3.0,-16.0,0.68,100.0,0,0,0.0,0,201.28
2026-08-10 23:22:15,31.98,CALIBRATING,0.261,0.610,0.60,56.9,4.2,-15.9,0.57,100.0,1,0,0.0,0,197.72
2026-08-10 23:22:16,33.29,CALIBRATING,0.269,0.617,0.60,56.8,-0.2,-15.9,0.38,100.0,1,0,0.0,0,193.21
2026-08-10 23:22:17,34.36,CALIBRATING,0.252,0.615,0.60,56.9,3.4,-15.4,0.30,100.0,1,0,0.0,0,191.62
2026-08-10 23:22:18,35.47,CALIBRATING,0.236,0.621,0.60,57.1,3.5,-16.0,0.26,100.0,1,0,0.0,0,191.45
2026-08-10 23:22:19,36.64,CALIBRATING,0.234,0.638,0.60,57.0,4.6,-16.1,0.23,100.0,1,0,0.0,0,188.37
2026-08-10 23:22:20,37.87,CALIBRATING,0.231,0.628,0.60,57.1,4.3,-15.8,0.22,100.0,1,0,0.0,0,186.10
2026-08-10 23:22:21,38.94,CALIBRATING,0.224,0.627,0.60,57.2,3.2,-16.1,0.21,100.0,1,0,0.0,0,188.40
2026-08-10 23:22:23,40.04,CALIBRATING,0.219,0.628,0.60,57.1,5.2,-15.0,0.20,99.7,1,0,0.0,0,194.88
2026-08-10 23:22:24,41.24,CALIBRATING,0.200,0.633,0.60,57.5,12.9,-10.2,0.23,95.5,1,0,0.0,0,204.14
2026-08-10 23:22:25,42.29,FATIGUED,0.192,0.636,0.60,57.6,12.5,-11.7,0.34,81.7,1,0,0.0,0,210.82
2026-08-10 23:22:26,43.34,FATIGUED,0.204,0.646,0.60,57.6,10.3,-11.2,0.45,67.2,1,0,0.0,0,216.86
2026-08-10 23:22:27,44.34,FATIGUED,0.202,0.651,0.60,57.4,10.2,-12.2,0.52,52.3,1,0,0.0,0,219.62
2026-08-10 23:22:28,45.48,FATIGUED,0.196,0.646,0.60,57.5,10.9,-12.3,0.56,33.2,1,0,0.0,0,223.29
2026-08-10 23:22:29,46.49,DROWSY,0.234,0.627,0.00,56.7,5.0,-16.3,0.52,16.9,1,0,0.0,0,227.61
2026-08-10 23:22:30,47.88,DROWSY,0.239,0.590,0.60,53.0,1.0,-23.3,0.39,2.8,2,0,0.0,0,222.99
2026-08-10 23:22:32,49.05,DROWSY,0.201,0.606,0.60,53.0,3.2,-6.2,0.28,0.4,2,0,0.0,0,227.70
2026-08-10 23:22:33,50.27,FATIGUED,0.238,0.602,0.60,54.5,-1.0,-4.6,0.23,0.0,2,0,0.0,0,232.86
2026-08-10 23:22:34,51.44,FATIGUED,0.251,0.606,0.60,54.2,-4.2,-2.9,0.20,0.0,2,0,0.0,0,237.42
2026-08-10 23:22:35,52.59,FATIGUED,0.257,0.586,0.60,53.7,-1.8,-2.5,0.18,0.0,2,0,0.0,0,239.31
2026-08-10 23:22:36,53.76,FATIGUED,0.252,0.590,0.60,54.1,-4.8,-3.0,0.17,0.0,2,0,0.0,0,236.91
2026-08-10 23:22:37,54.93,FATIGUED,0.257,0.603,0.60,54.1,-4.6,-4.2,0.16,0.0,2,0,0.0,0,231.18
2026-08-10 23:22:38,55.91,FATIGUED,0.270,0.611,0.60,54.2,-4.8,-3.8,0.15,0.6,2,0,0.0,0,229.77
2026-08-10 23:22:40,57.09,FATIGUED,0.264,0.603,0.60,54.4,-3.5,-4.2,0.14,3.6,2,0,0.0,0,227.74
2026-08-10 23:22:41,58.30,ATTENTIVE,0.253,0.600,0.60,54.6,-5.7,-5.1,0.13,6.6,2,0,0.0,0,226.33
2026-08-10 23:22:42,59.28,ATTENTIVE,0.251,0.595,0.60,54.6,-5.2,-5.1,0.12,9.0,2,0,0.0,0,227.78
2026-08-10 23:22:43,60.50,ATTENTIVE,0.249,0.706,0.60,55.0,-5.8,-7.8,0.11,12.0,2,0,0.0,0,228.98
2026-08-10 23:22:44,61.67,ATTENTIVE,0.247,0.817,0.60,55.4,-4.6,-8.7,0.10,15.0,2,0,0.0,0,236.63
2026-08-10 23:22:45,62.85,ATTENTIVE,0.252,0.781,0.60,55.3,-7.9,-9.5,0.09,18.0,2,0,0.0,0,235.94
2026-08-10 23:22:47,64.05,ATTENTIVE,0.242,0.821,0.60,55.5,-4.7,-10.5,0.09,21.0,2,0,0.0,0,236.76
2026-08-10 23:22:48,65.23,ATTENTIVE,0.222,0.802,0.60,56.3,-3.9,-11.6,0.08,24.0,2,0,0.0,0,235.37
2026-08-10 23:22:49,66.46,ATTENTIVE,0.208,0.810,0.60,56.5,-3.6,-12.5,0.08,27.0,2,0,0.0,0,237.02
2026-08-10 23:22:50,67.47,ATTENTIVE,0.215,0.815,0.60,56.3,-2.5,-12.4,0.07,29.4,2,0,0.0,0,238.43
2026-08-10 23:22:51,68.59,ATTENTIVE,0.222,0.821,0.60,56.4,-6.2,-12.4,0.07,32.4,2,0,0.0,0,237.75
2026-08-10 23:22:52,69.79,ATTENTIVE,0.221,0.822,0.60,56.5,-4.0,-12.1,0.08,35.4,2,0,0.0,0,237.63
2026-08-10 23:22:53,70.92,ATTENTIVE,0.217,0.806,0.60,56.7,-2.8,-12.1,0.08,38.4,2,0,0.0,0,236.70
2026-08-10 23:22:55,72.08,ATTENTIVE,0.214,0.856,0.60,56.9,-2.2,-15.2,0.08,41.4,2,0,0.0,0,236.77
2026-08-10 23:22:56,73.20,ATTENTIVE,0.210,0.861,0.60,57.2,0.0,-18.0,0.09,44.4,2,0,0.0,0,234.91
2026-08-10 23:22:57,74.37,ATTENTIVE,0.217,0.862,0.60,57.5,0.2,-17.7,0.10,47.4,2,0,0.0,0,233.58
2026-08-10 23:22:58,75.50,ATTENTIVE,0.210,0.857,0.60,57.6,2.3,-17.7,0.11,50.4,2,0,0.0,0,232.44
2026-08-10 23:22:59,76.75,ATTENTIVE,0.209,0.869,0.60,57.7,1.1,-17.2,0.12,53.4,2,0,0.0,0,233.75
2026-08-10 23:23:00,77.88,ATTENTIVE,0.173,0.635,0.60,58.1,-3.1,-17.4,0.25,40.8,2,0,0.0,0,232.17
2026-08-10 23:23:02,79.13,FATIGUED,0.137,0.602,0.60,58.7,-0.9,-17.4,0.38,23.3,2,0,0.0,0,232.44
2026-08-10 23:23:03,80.22,FATIGUED,0.133,0.596,0.60,58.7,-0.6,-17.5,0.45,8.7,2,0,0.0,0,234.34
2026-08-10 23:23:04,81.15,FATIGUED,0.131,0.598,0.60,58.5,-6.8,-18.6,0.48,0.0,2,0,0.0,0,235.78
2026-08-10 23:23:05,82.40,DROWSY,0.152,0.540,0.58,56.0,-38.7,-26.1,0.50,0.0,2,0,0.0,0,234.08
2026-08-10 23:23:06,83.38,DROWSY,0.161,0.509,0.53,55.8,-39.5,-25.9,0.50,0.0,2,0,0.0,0,236.64
2026-08-10 23:23:07,84.51,DROWSY,0.153,0.515,0.54,55.6,-38.7,-26.8,0.50,0.0,2,0,0.0,0,236.05
2026-08-10 23:23:08,85.76,MICROSLEEP,0.139,0.596,0.60,56.4,0.7,-16.3,0.49,0.0,2,0,0.0,1,237.16
2026-08-10 23:23:09,86.94,MICROSLEEP,0.150,0.629,0.60,58.7,13.8,-12.8,0.49,0.0,2,0,0.0,1,237.98
2026-08-10 23:23:11,87.98,MICROSLEEP,0.173,0.617,0.60,58.6,12.0,-13.2,0.49,0.0,2,0,0.0,1,239.78
2026-08-10 23:23:12,89.21,MICROSLEEP,0.165,0.610,0.60,58.6,12.8,-11.5,0.49,0.0,2,0,0.0,1,240.51
2026-08-10 23:23:13,90.20,MICROSLEEP,0.157,0.624,0.60,58.3,13.6,-10.5,0.50,0.0,2,0,0.0,1,242.70
2026-08-10 23:23:14,91.41,MICROSLEEP,0.179,0.623,0.60,58.7,12.0,-10.8,0.51,0.0,2,0,0.0,1,242.39
2026-08-10 23:23:15,92.41,MICROSLEEP,0.193,0.660,0.60,58.7,9.6,-11.0,0.51,0.0,2,0,0.0,1,244.26
2026-08-10 23:23:16,93.62,MICROSLEEP,0.193,0.759,0.60,58.6,11.9,-11.7,0.53,0.0,2,0,0.0,1,243.71
2026-08-10 23:23:17,94.72,MICROSLEEP,0.203,0.750,0.60,57.7,-1.6,-18.3,0.54,0.0,2,0,0.0,1,244.12
2026-08-10 23:23:18,95.87,MICROSLEEP,0.225,0.640,0.60,53.6,-1.6,-14.1,0.44,0.0,3,0,0.0,0,245.58
2026-08-10 23:23:20,97.00,MICROSLEEP,0.230,0.609,0.60,52.9,0.6,-8.4,0.31,0.0,3,0,0.0,0,249.45
2026-08-10 23:23:21,98.17,FATIGUED,0.232,0.597,0.60,53.2,-2.2,-9.3,0.24,0.0,3,0,0.0,0,251.73
2026-08-10 23:23:22,99.45,FATIGUED,0.225,0.600,0.60,53.3,-1.4,-6.8,0.20,0.0,3,0,0.0,0,252.91
2026-08-10 23:23:23,100.62,FATIGUED,0.232,0.609,0.60,53.8,-2.9,-10.2,0.18,0.0,3,0,0.0,0,254.22
2026-08-10 23:23:24,101.90,FATIGUED,0.251,0.611,0.60,53.9,-1.6,-11.9,0.17,0.0,3,0,0.0,0,254.29
2026-08-10 23:23:25,102.91,FATIGUED,0.252,0.609,0.60,54.0,-1.3,-12.0,0.17,0.0,3,0,0.0,0,255.14
2026-08-10 23:23:27,104.09,FATIGUED,0.248,0.615,0.60,54.1,-1.5,-12.1,0.16,0.0,3,0,0.0,0,254.53
2026-08-10 23:23:28,105.35,FATIGUED,0.267,0.606,0.60,54.0,-4.5,-13.5,0.15,0.0,3,0,0.0,0,253.50
2026-08-10 23:23:29,106.55,FATIGUED,0.283,0.637,0.60,53.4,-6.0,-14.2,0.15,0.6,3,0,0.0,0,253.82
2026-08-10 23:23:30,107.52,FATIGUED,0.280,0.627,0.60,53.2,-6.3,-13.9,0.15,3.0,3,0,0.0,0,253.05
2026-08-10 23:23:31,108.76,ATTENTIVE,0.269,0.695,0.60,53.7,-3.7,-14.2,0.15,6.0,3,0,0.0,0,254.72
2026-08-10 23:23:33,109.96,ATTENTIVE,0.267,0.737,0.60,54.1,-4.3,-14.1,0.15,9.0,3,0,0.0,0,251.76
2026-08-10 23:23:34,111.09,ATTENTIVE,0.268,0.810,0.60,54.5,-4.4,-11.6,0.15,12.0,3,0,0.0,0,247.41
2026-08-10 23:23:35,112.29,ATTENTIVE,0.243,0.801,0.60,54.6,-3.4,-11.1,0.15,15.0,3,0,0.0,0,242.89
2026-08-10 23:23:36,113.48,ATTENTIVE,0.244,0.809,0.60,54.5,-4.2,-11.0,0.15,18.0,3,0,0.0,0,240.01
2026-08-10 23:23:37,114.66,ATTENTIVE,0.246,0.763,0.60,55.0,-1.9,-10.9,0.15,21.0,3,0,0.0,0,239.80
2026-08-10 23:23:38,115.94,ATTENTIVE,0.242,0.656,0.60,55.7,8.4,-6.8,0.14,24.0,3,0,0.0,0,240.42
2026-08-10 23:23:40,117.52,ATTENTIVE,0.241,0.632,0.60,55.8,1.7,-9.5,0.14,26.4,3,0,0.0,0,245.02
2026-08-10 23:23:41,118.58,ATTENTIVE,0.237,0.629,0.60,55.5,-0.4,-11.0,0.14,27.6,3,0,0.0,0,254.75
2026-08-10 23:23:42,119.65,ATTENTIVE,0.235,0.621,0.60,55.2,0.8,-11.5,0.13,28.8,3,0,0.0,0,263.84
2026-08-10 23:23:43,120.90,ATTENTIVE,0.225,0.609,0.60,55.3,-5.9,-14.0,0.13,30.6,3,0,0.0,0,275.39
2026-08-10 23:23:44,121.85,ATTENTIVE,0.219,0.626,0.60,56.6,4.2,-15.2,0.12,32.4,3,0,0.0,0,279.81
2026-08-10 23:23:45,122.88,ATTENTIVE,0.198,0.636,0.60,57.6,4.5,-13.2,0.15,31.0,3,0,0.0,0,280.88
2026-08-10 23:23:47,123.96,ATTENTIVE,0.195,0.629,0.60,57.6,4.5,-12.8,0.27,17.6,3,0,0.0,0,282.76
2026-08-10 23:23:48,125.15,FATIGUED,0.224,0.640,0.60,57.2,5.4,-13.1,0.34,3.0,4,0,0.0,0,282.51
2026-08-10 23:30:49,14.09,CALIBRATING,0.212,0.627,0.75,58.6,15.9,-20.9,0.00,100.0,0,0,0.0,0,43.50
2026-08-10 23:30:50,14.33,CALIBRATING,0.190,0.625,0.76,58.8,17.6,-20.2,0.03,100.0,0,0,0.0,0,89.68
2026-08-10 23:30:51,15.49,CALIBRATING,0.178,0.623,0.84,58.7,16.9,-19.8,0.24,100.0,0,0,0.0,0,104.86
2026-08-10 23:30:52,16.56,CALIBRATING,0.174,0.625,0.95,58.8,19.4,-20.0,0.39,100.0,0,0,0.0,0,119.22
2026-08-10 23:30:53,17.73,CALIBRATING,0.165,0.616,1.00,59.0,19.0,-21.1,0.60,100.0,0,1,1.0,0,133.26
2026-08-10 23:30:54,18.92,CALIBRATING,0.159,0.633,1.00,59.0,19.5,-20.1,0.70,100.0,0,1,2.1,0,148.06
2026-08-10 23:30:55,20.19,CALIBRATING,0.180,0.638,1.00,58.8,19.4,-20.0,0.73,100.0,0,1,3.4,0,165.48
2026-08-10 23:30:57,21.36,CALIBRATING,0.187,0.641,1.00,58.9,18.8,-20.0,0.75,100.0,0,1,4.6,0,181.85
2026-08-10 23:30:58,22.65,CALIBRATING,0.182,0.641,1.00,59.0,19.4,-20.0,0.76,100.0,0,1,5.8,0,200.06
2026-08-10 23:30:59,23.71,CALIBRATING,0.176,0.642,1.00,59.0,20.7,-20.1,0.76,100.0,0,1,6.9,0,214.90
2026-08-10 23:31:00,24.81,CALIBRATING,0.174,0.651,1.00,59.0,18.2,-20.0,0.77,100.0,0,1,8.0,0,229.38
2026-08-10 23:31:01,25.90,CALIBRATING,0.176,0.637,1.00,58.8,18.3,-20.8,0.77,100.0,0,1,9.1,0,243.55
2026-08-10 23:31:02,27.05,CALIBRATING,0.203,0.621,1.00,58.8,19.6,-20.8,0.77,100.0,0,1,10.2,0,257.96
2026-08-10 23:31:03,28.12,CALIBRATING,0.150,0.623,1.00,58.9,17.2,-21.0,0.77,100.0,0,1,11.3,0,216.40
2026-08-10 23:31:05,29.24,CALIBRATING,0.133,0.624,1.00,58.9,21.9,-20.0,0.77,100.0,0,1,12.4,0,216.00
2026-08-10 23:31:06,30.30,CALIBRATING,0.175,0.630,1.00,59.1,20.6,-20.0,0.77,100.0,0,1,13.5,0,216.52
2026-08-10 23:31:07,31.39,CALIBRATING,0.181,0.634,1.00,59.0,20.1,-20.4,0.77,100.0,0,1,14.6,0,222.07
2026-08-10 23:31:08,32.47,CALIBRATING,0.158,0.640,1.00,61.3,17.3,-7.9,0.77,100.0,0,1,15.7,0,223.95
2026-08-10 23:31:09,33.58,CALIBRATING,0.148,0.631,1.00,58.0,-1.6,-13.5,0.75,100.0,0,1,16.8,0,214.20
2026-08-10 23:31:10,34.78,CALIBRATING,0.146,0.614,1.00,57.6,5.0,-5.2,0.76,100.0,0,1,18.0,0,214.73
2026-08-10 23:31:11,35.93,CALIBRATING,0.167,0.629,1.00,58.0,-0.4,-6.7,0.77,100.0,0,1,19.1,0,208.41
2026-08-10 23:31:12,37.01,CALIBRATING,0.187,0.610,1.00,57.9,3.2,-7.8,0.77,100.0,0,1,20.2,0,208.46
2026-08-10 23:31:13,37.94,CALIBRATING,0.237,0.617,1.00,57.8,5.3,-9.2,0.66,100.0,1,1,21.3,0,208.19
2026-08-10 23:31:15,39.25,CALIBRATING,0.246,0.618,1.00,58.1,5.9,-9.2,0.47,100.0,1,1,22.5,0,209.20
2026-08-10 23:31:16,40.38,CALIBRATING,0.237,0.622,1.00,57.9,6.0,-9.3,0.40,100.0,1,1,23.6,0,209.44
2026-08-10 23:31:17,41.54,CALIBRATING,0.218,0.618,1.00,58.1,5.5,-9.0,0.37,100.0,1,1,24.7,0,209.92
2026-08-10 23:31:18,42.49,CALIBRATING,0.207,0.617,1.00,57.9,6.3,-9.3,0.35,100.0,1,1,25.9,0,210.87
2026-08-10 23:31:19,43.90,CALIBRATING,0.235,0.618,1.00,57.2,3.6,-9.2,0.33,100.0,1,1,27.1,0,206.51
2026-08-10 23:31:20,45.02,CALIBRATING,0.232,0.632,1.00,57.8,2.4,-8.2,0.31,100.0,1,1,28.2,0,203.40
2026-08-10 23:31:21,46.09,CALIBRATING,0.205,0.610,1.00,58.1,-0.2,-8.7,0.30,100.0,1,1,29.3,0,209.97
2026-08-10 23:31:23,47.30,CALIBRATING,0.206,0.709,1.00,57.1,-2.0,-8.3,0.30,98.2,1,1,30.5,0,206.73
2026-08-10 23:31:24,48.57,FATIGUED,0.199,0.729,1.00,57.5,2.7,-9.8,0.32,93.0,1,1,31.7,0,208.42
2026-08-10 23:31:25,49.61,FATIGUED,0.203,0.738,1.00,57.6,0.4,-9.7,0.43,78.6,1,1,32.8,0,210.68
2026-08-10 23:31:26,50.64,FATIGUED,0.204,0.735,1.00,57.4,-2.4,-10.6,0.53,63.7,1,1,33.8,0,213.86
2026-08-10 23:31:27,51.62,FATIGUED,0.196,0.755,1.00,57.4,-2.6,-11.1,0.60,48.2,1,1,34.8,0,218.53
2026-08-10 23:31:28,52.77,DROWSY,0.173,0.781,1.00,57.9,-2.1,-12.0,0.65,28.4,1,1,36.0,0,219.41
2026-08-10 23:31:29,53.78,DROWSY,0.171,0.795,1.00,58.4,-3.0,-12.0,0.68,12.4,1,1,37.0,0,220.94
2026-08-10 23:31:30,54.92,DROWSY,0.170,0.761,1.00,57.8,9.5,-11.5,0.69,0.0,1,1,38.1,1,221.95
2026-08-10 23:31:31,56.17,DROWSY,0.163,0.664,1.00,60.0,7.2,-7.5,0.70,0.0,1,1,39.4,1,222.75
2026-08-10 23:31:33,57.41,MICROSLEEP,0.154,0.628,1.00,61.8,-0.7,-8.9,0.71,0.0,1,1,40.6,1,230.42
2026-08-10 23:31:34,58.61,MICROSLEEP,0.175,0.622,1.00,59.6,1.2,-9.9,0.71,0.0,1,1,41.8,1,232.12
2026-08-10 23:31:35,59.63,MICROSLEEP,0.179,0.620,1.00,58.9,-2.3,-10.4,0.71,0.0,1,1,42.8,1,237.56
2026-08-10 23:31:36,60.80,MICROSLEEP,0.164,0.613,1.00,58.5,-4.2,-12.4,0.71,0.0,1,1,44.0,1,238.85
2026-08-10 23:31:37,61.87,MICROSLEEP,0.155,0.598,1.00,58.1,-5.6,-5.7,0.71,0.0,1,1,45.0,1,244.05
2026-08-10 23:31:38,62.93,MICROSLEEP,0.155,0.596,1.00,57.7,-2.5,-7.8,0.70,0.0,1,1,46.1,1,245.22
2026-08-10 23:31:39,64.13,MICROSLEEP,0.143,0.594,1.00,57.9,-4.0,-8.7,0.69,0.0,1,1,47.3,1,245.11
2026-08-10 23:31:41,65.25,MICROSLEEP,0.143,0.597,1.00,58.3,-2.9,-9.9,0.68,0.0,1,1,48.4,1,241.89
2026-08-10 23:31:42,66.48,MICROSLEEP,0.175,0.609,1.00,57.3,-0.4,-11.3,0.66,0.0,1,1,49.7,0,234.47
2026-08-10 23:31:43,67.60,MICROSLEEP,0.218,0.606,1.00,55.1,6.4,-16.0,0.67,0.0,1,1,50.8,0,233.41
2026-08-10 23:31:44,68.53,MICROSLEEP,0.225,0.627,1.00,55.7,2.8,-10.3,0.36,0.0,2,1,51.9,0,219.40
2026-08-10 23:31:45,69.88,FATIGUED,0.254,0.607,1.00,54.0,9.5,-12.1,0.30,0.0,2,1,53.1,0,214.96
2026-08-10 23:31:46,71.05,FATIGUED,0.240,0.622,1.00,55.2,12.7,-12.5,0.27,0.0,2,1,54.3,0,213.97
2026-08-10 23:31:47,72.17,FATIGUED,0.228,0.619,1.00,55.3,10.8,-12.6,0.25,0.0,2,1,55.4,0,211.35
2026-08-10 23:31:49,73.40,FATIGUED,0.226,0.631,1.00,55.7,12.1,-12.6,0.25,0.0,2,1,56.6,0,212.43
2026-08-10 23:31:50,74.62,FATIGUED,0.225,0.625,1.00,55.4,11.4,-13.3,0.24,0.0,2,1,57.8,0,211.05
2026-08-10 23:31:51,75.76,FATIGUED,0.220,0.617,1.00,55.6,8.0,-13.6,0.24,0.0,2,1,58.9,0,211.82
2026-08-10 23:31:52,76.74,FATIGUED,0.218,0.626,1.00,55.5,11.6,-12.6,0.24,0.0,2,1,59.9,0,212.59
2026-08-10 23:31:53,77.94,FATIGUED,0.224,0.643,1.00,55.5,10.5,-13.0,0.24,0.0,2,1,61.1,0,213.48
2026-08-10 23:31:54,79.07,FATIGUED,0.224,0.623,1.00,55.4,9.8,-13.9,0.24,0.0,2,1,62.3,0,215.66
2026-08-10 23:31:56,80.26,FATIGUED,0.228,0.615,1.00,55.4,5.7,-13.4,0.24,0.0,2,1,63.4,0,219.83
2026-08-10 23:31:57,81.50,FATIGUED,0.227,0.624,1.00,55.3,6.8,-13.6,0.24,0.0,2,1,64.7,0,221.66
2026-08-10 23:31:58,82.75,FATIGUED,0.230,0.620,1.00,55.4,7.9,-14.0,0.24,0.0,2,1,65.9,0,232.13
2026-08-10 23:31:59,83.74,FATIGUED,0.233,0.616,1.00,55.4,9.7,-13.6,0.24,0.0,2,1,67.0,0,236.69
2026-08-10 23:32:00,84.80,FATIGUED,0.214,0.621,1.00,55.4,7.9,-13.4,0.24,0.0,2,1,68.0,0,238.71
2026-08-10 23:32:01,86.01,FATIGUED,0.206,0.625,1.00,55.5,9.0,-13.7,0.23,0.0,2,1,69.2,0,239.65
2026-08-10 23:32:02,87.08,FATIGUED,0.225,0.626,1.00,55.5,10.2,-13.3,0.23,0.0,2,1,70.2,0,242.19
2026-08-10 23:32:03,88.11,FATIGUED,0.203,0.639,1.00,55.5,2.7,-14.9,0.22,0.0,2,1,71.3,0,243.31
2026-08-10 23:32:05,89.40,FATIGUED,0.178,0.622,1.00,55.8,9.3,-12.5,0.37,0.0,2,1,72.5,0,243.33
2026-08-10 23:32:06,90.40,FATIGUED,0.208,0.624,1.00,55.6,7.7,-11.2,0.47,0.0,2,1,73.6,0,242.91
2026-08-10 23:32:07,91.51,FATIGUED,0.202,0.634,1.00,55.6,7.8,-12.0,0.54,0.0,2,1,74.7,0,243.95
2026-08-10 23:32:08,92.96,DROWSY,0.193,0.630,1.00,55.9,10.2,-12.5,0.57,0.0,2,1,76.0,0,249.95
2026-08-10 23:32:09,94.15,DROWSY,0.225,0.635,1.00,55.8,10.1,-11.9,0.53,0.0,3,1,77.3,0,255.03
2026-08-10 23:55:28,48.90,CALIBRATING,0.200,0.363,0.00,56.6,3.3,-17.0,0.00,100.0,0,0,0.0,0,42.93
2026-08-10 23:55:29,49.19,CALIBRATING,0.216,0.373,0.00,56.9,7.2,-15.9,0.00,100.0,0,0,0.0,0,94.12
2026-08-10 23:55:30,50.43,CALIBRATING,0.219,0.417,0.00,57.4,9.3,-15.4,0.00,100.0,0,0,0.0,0,110.18
2026-08-10 23:55:31,51.51,CALIBRATING,0.204,0.397,0.00,57.8,11.6,-16.4,0.00,100.0,0,0,0.0,0,127.40
2026-08-10 23:55:32,52.81,CALIBRATING,0.186,0.384,0.00,57.9,15.7,-15.1,0.00,100.0,0,0,0.0,0,144.33
2026-08-10 23:55:33,53.78,CALIBRATING,0.177,0.370,0.00,57.3,-5.8,5.8,0.00,100.0,0,0,0.0,0,155.02
2026-08-10 23:55:34,55.07,CALIBRATING,0.236,0.368,0.00,52.7,14.4,-6.4,0.00,100.0,0,0,0.0,0,168.97
2026-08-10 23:55:35,56.12,CALIBRATING,0.263,0.380,0.00,52.5,5.9,-3.7,0.00,100.0,0,0,0.0,0,183.72
2026-08-10 23:55:37,57.17,CALIBRATING,0.229,0.384,0.00,53.2,8.7,-1.4,0.00,100.0,0,0,0.0,0,197.80
2026-08-10 23:55:38,58.38,CALIBRATING,0.212,0.404,0.00,53.2,6.1,-3.7,0.00,100.0,0,0,0.0,0,214.74
2026-08-10 23:55:39,59.52,CALIBRATING,0.225,0.398,0.00,53.3,5.3,-3.3,0.00,100.0,0,0,0.0,0,230.97
2026-08-10 23:55:40,60.61,CALIBRATING,0.201,0.404,0.00,53.6,9.1,-3.2,0.00,100.0,0,0,0.0,0,245.55
2026-08-10 23:55:41,61.72,CALIBRATING,0.188,0.395,0.00,53.6,10.4,-2.3,0.00,100.0,0,0,0.0,0,260.41
2026-08-10 23:55:42,62.73,ATTENTIVE,0.214,0.399,0.00,53.4,9.5,-2.8,0.00,100.0,0,0,0.0,0,223.50
2026-08-10 23:55:43,63.73,ATTENTIVE,0.220,0.391,0.00,53.3,8.6,-3.7,0.00,100.0,0,0,0.0,0,221.33
2026-08-10 23:55:44,64.79,ATTENTIVE,0.215,0.398,0.00,53.2,8.6,-2.4,0.00,100.0,0,0,0.0,0,218.77
2026-08-10 23:55:45,65.80,ATTENTIVE,0.235,0.494,0.00,53.2,5.7,-2.3,0.00,100.0,0,0,0.0,0,219.24
2026-08-10 23:55:46,66.84,ATTENTIVE,0.274,0.709,0.87,53.9,5.8,-1.4,0.00,100.0,0,0,0.0,0,220.98
2026-08-10 23:55:47,67.90,ATTENTIVE,0.289,0.809,1.00,54.6,5.2,-0.5,0.00,100.0,0,0,0.0,0,233.54
2026-08-10 23:55:48,68.92,ATTENTIVE,0.257,0.883,1.00,54.6,4.5,0.0,0.04,100.0,0,1,0.8,0,243.58
2026-08-10 23:55:49,69.99,ATTENTIVE,0.236,0.680,1.00,54.6,8.7,-0.5,0.06,100.0,0,1,1.8,0,253.20
2026-08-10 23:55:50,71.07,ATTENTIVE,0.233,0.412,0.00,54.8,8.9,0.5,0.04,100.0,0,1,2.9,0,260.14
2026-08-10 23:55:51,72.10,ATTENTIVE,0.218,0.381,0.00,54.9,7.6,-2.3,0.02,100.0,0,1,4.0,0,259.94
2026-08-10 23:55:53,73.22,ATTENTIVE,0.187,0.359,0.00,54.7,7.4,-2.3,0.01,100.0,0,1,5.0,0,260.84
2026-08-10 23:55:54,74.27,ATTENTIVE,0.165,0.387,0.00,54.2,6.7,-2.3,0.01,100.0,0,1,6.1,0,262.68
2026-08-10 23:55:55,75.36,ATTENTIVE,0.153,0.371,0.00,53.8,6.3,-0.9,0.10,90.7,0,1,7.1,0,264.74
2026-08-10 23:55:56,76.44,ATTENTIVE,0.145,0.372,0.00,53.0,7.5,0.0,0.23,77.6,0,1,8.3,0,266.82
2026-08-10 23:55:57,77.52,FATIGUED,0.176,0.380,0.00,52.7,6.6,-0.9,0.32,63.8,0,1,9.4,0,266.91
2026-08-10 23:55:58,78.53,FATIGUED,0.203,0.397,0.00,53.4,7.0,-0.5,0.26,55.9,0,1,10.4,0,265.94
2026-08-10 23:55:59,79.56,FATIGUED,0.231,0.380,0.00,53.4,6.1,0.0,0.15,54.8,0,1,11.4,0,265.98
2026-08-10 23:56:00,80.62,FATIGUED,0.245,0.410,0.00,53.5,7.3,-0.9,0.09,57.2,0,1,12.5,0,265.91
2026-08-10 23:56:01,81.69,FATIGUED,0.268,0.399,0.00,53.5,8.8,-0.9,0.06,59.6,0,1,13.5,0,267.15
2026-08-10 23:56:02,82.77,ATTENTIVE,0.248,0.398,0.00,53.5,6.6,-0.5,0.05,62.0,0,1,14.6,0,268.47
2026-08-10 23:56:03,83.85,ATTENTIVE,0.207,0.379,0.00,53.7,5.2,-1.4,0.04,64.4,0,1,15.7,0,268.18
2026-08-10 23:56:04,84.94,ATTENTIVE,0.225,0.376,0.00,53.7,4.1,-3.3,0.03,66.8,0,1,16.8,0,269.46
2026-08-10 23:56:05,86.08,ATTENTIVE,0.243,0.390,0.00,53.6,7.0,-1.4,0.03,69.2,0,1,17.9,0,271.07
2026-08-10 23:56:07,87.17,ATTENTIVE,0.248,0.378,0.00,53.6,5.1,-1.4,0.03,71.6,0,1,19.0,0,270.90
2026-08-10 23:56:08,88.21,ATTENTIVE,0.239,0.382,0.00,53.5,5.8,-0.9,0.03,74.0,0,1,20.1,0,270.68
2026-08-10 23:56:09,89.24,ATTENTIVE,0.224,0.369,0.00,53.7,3.5,-1.4,0.02,76.4,0,1,21.1,0,270.28
2026-08-10 23:56:10,90.32,ATTENTIVE,0.193,0.366,0.00,53.8,6.1,-2.4,0.02,78.8,0,1,22.1,0,269.96
2026-08-10 23:56:11,91.40,ATTENTIVE,0.147,0.373,0.00,53.8,2.2,-1.0,0.09,73.8,0,1,23.3,0,266.79
2026-08-10 23:56:12,92.46,ATTENTIVE,0.130,0.377,0.00,53.3,0.2,-1.9,0.22,60.7,0,1,24.3,0,265.50
2026-08-10 23:56:13,93.51,FATIGUED,0.139,0.372,0.00,53.0,3.7,-2.4,0.32,47.0,0,1,25.4,0,264.72
2026-08-10 23:56:14,94.58,FATIGUED,0.140,0.368,0.00,52.9,0.5,-2.9,0.38,32.8,0,1,26.4,0,264.76
2026-08-10 23:56:15,95.79,FATIGUED,0.150,0.358,0.00,52.8,-0.2,-2.4,0.42,18.4,0,1,27.6,0,267.50
2026-08-10 23:56:16,96.88,DROWSY,0.157,0.375,0.00,52.6,-1.1,-2.8,0.43,7.5,0,1,28.7,0,273.63
2026-08-10 23:56:17,98.01,DROWSY,0.159,0.371,0.00,52.7,1.7,-1.4,0.45,0.0,0,1,29.8,0,273.37
2026-08-10 23:56:18,98.97,DROWSY,0.163,0.362,0.00,52.8,0.7,-1.9,0.46,0.0,0,1,30.8,0,272.51
2026-08-10 23:56:20,100.18,MICROSLEEP,0.169,0.370,0.00,52.6,2.2,-1.5,0.47,0.0,0,1,32.1,1,275.12
2026-08-10 23:56:21,101.22,MICROSLEEP,0.173,0.365,0.00,52.4,-0.3,-2.4,0.48,0.0,0,1,33.1,1,273.77
2026-08-10 23:56:22,102.47,MICROSLEEP,0.182,0.377,0.00,52.3,1.6,-1.9,0.49,0.0,0,1,34.3,1,271.48
2026-08-10 23:56:23,103.51,MICROSLEEP,0.184,0.377,0.00,52.2,2.0,-2.8,0.50,0.0,0,1,35.4,1,270.85
2026-08-10 23:56:24,104.76,MICROSLEEP,0.168,0.369,0.00,52.2,0.1,-1.9,0.51,0.0,0,1,36.6,1,269.55
2026-08-10 23:56:25,105.79,MICROSLEEP,0.168,0.380,0.00,52.0,0.5,-3.3,0.52,0.0,0,1,37.6,1,269.33
2026-08-10 23:56:26,106.95,MICROSLEEP,0.184,0.390,0.00,52.3,7.1,-7.1,0.53,0.0,0,1,38.8,1,270.80
2026-08-10 23:56:27,107.99,MICROSLEEP,0.217,0.387,0.00,53.5,2.3,-4.7,0.34,0.0,0,1,39.8,0,269.68
2026-08-10 23:56:28,109.08,MICROSLEEP,0.238,0.397,0.00,53.8,3.8,-4.2,0.25,0.0,0,1,40.9,0,270.39
2026-08-10 23:56:30,110.20,FATIGUED,0.236,0.393,0.00,53.7,5.8,-4.2,0.20,0.0,0,1,42.1,0,271.73
2026-08-10 23:56:31,111.43,FATIGUED,0.236,0.390,0.00,53.7,3.3,-4.2,0.16,0.0,0,1,43.3,0,268.85
2026-08-10 23:56:32,112.46,FATIGUED,0.242,0.394,0.00,53.8,5.9,-1.4,0.15,0.0,0,1,44.3,0,263.94
2026-08-10 23:56:33,113.55,FATIGUED,0.254,0.388,0.00,53.6,4.0,-1.4,0.15,1.8,0,1,45.4,0,260.92
2026-08-10 23:56:34,114.62,FATIGUED,0.267,0.411,0.00,53.5,2.1,-0.9,0.14,4.2,0,1,46.5,0,262.60
2026-08-10 23:56:35,115.71,ATTENTIVE,0.278,0.397,0.00,53.2,2.0,0.5,0.14,6.6,0,1,47.5,0,259.74
2026-08-10 23:56:36,116.73,ATTENTIVE,0.270,0.387,0.00,53.1,1.3,-0.5,0.14,9.0,0,1,48.6,0,260.63
2026-08-10 23:56:37,117.95,ATTENTIVE,0.267,0.379,0.00,53.4,3.8,0.5,0.13,11.4,0,1,49.7,0,263.92
2026-08-10 23:56:38,118.97,ATTENTIVE,0.260,0.358,0.00,54.7,1.5,5.3,0.12,13.8,0,1,50.8,0,263.50
2026-08-11 00:01:29,13.33,CALIBRATING,0.159,0.297,0.00,61.0,-4.4,-4.1,0.00,100.0,0,0,0.0,0,39.60
2026-08-11 00:01:29,13.39,CALIBRATING,0.159,0.297,0.00,61.0,-4.4,-4.1,0.00,100.0,0,0,0.0,0,70.35
2026-08-11 00:01:31,14.68,CALIBRATING,0.177,0.332,0.00,54.9,-7.5,-10.2,0.00,100.0,0,0,0.0,0,81.93
2026-08-11 00:01:32,15.62,CALIBRATING,0.218,0.352,0.00,55.1,8.8,-15.5,0.00,100.0,0,0,0.0,0,95.72
2026-08-11 00:01:33,16.90,CALIBRATING,0.206,0.358,0.00,55.9,9.1,-8.0,0.00,100.0,0,0,0.0,0,110.12
2026-08-11 00:01:34,17.80,CALIBRATING,0.188,0.351,0.00,56.3,14.0,-5.4,0.00,100.0,0,0,0.0,0,124.59
2026-08-11 00:01:35,18.98,CALIBRATING,0.161,0.405,0.00,57.4,14.1,-5.0,0.00,100.0,0,0,0.0,0,138.82
2026-08-11 00:01:36,20.31,CALIBRATING,0.204,0.367,0.00,56.5,9.1,-8.0,0.00,100.0,0,0,0.0,0,153.55
2026-08-11 00:01:38,21.65,CALIBRATING,0.208,0.373,0.00,56.1,9.3,-8.4,0.00,100.0,0,0,0.0,0,168.11
2026-08-11 00:01:39,22.50,CALIBRATING,0.193,0.376,0.00,56.0,10.1,-8.0,0.00,100.0,0,0,0.0,0,182.09
2026-08-11 00:01:40,23.64,ATTENTIVE,0.208,0.385,0.00,56.2,9.7,-7.9,0.00,100.0,0,0,0.0,0,196.86
2026-08-11 00:01:41,24.77,ATTENTIVE,0.227,0.379,0.00,56.3,10.9,-7.4,0.00,100.0,0,0,0.0,0,180.98
2026-08-11 00:01:42,25.86,ATTENTIVE,0.230,0.391,0.00,56.2,10.3,-7.5,0.00,100.0,0,0,0.0,0,191.21
2026-08-11 00:01:43,26.97,ATTENTIVE,0.221,0.376,0.00,56.0,6.8,-8.1,0.00,100.0,0,0,0.0,0,192.09
2026-08-11 00:01:44,28.08,ATTENTIVE,0.180,0.373,0.00,54.9,-2.9,-12.5,0.00,100.0,0,0,0.0,0,198.11
2026-08-11 00:01:45,29.18,ATTENTIVE,0.154,0.368,0.00,54.3,-1.7,-11.6,0.00,100.0,0,0,0.0,0,199.02
2026-08-11 00:01:46,30.30,ATTENTIVE,0.173,0.370,0.00,53.9,-5.1,-11.4,0.00,100.0,0,0,0.0,0,202.65
2026-08-11 00:01:48,31.45,ATTENTIVE,0.155,0.376,0.00,54.0,-6.1,-10.3,0.00,100.0,0,0,0.0,0,206.60
2026-08-11 00:01:49,32.55,ATTENTIVE,0.113,0.378,0.00,53.9,-9.3,-10.3,0.16,84.3,0,0,0.0,0,209.51
2026-08-11 00:01:50,33.68,FATIGUED,0.110,0.375,0.00,53.8,-8.8,-11.3,0.29,67.5,0,0,0.0,0,216.74
2026-08-11 00:01:51,34.82,FATIGUED,0.110,0.371,0.00,53.8,-9.4,-12.0,0.37,49.9,0,0,0.0,0,224.13
2026-08-11 00:01:52,35.85,FATIGUED,0.111,0.383,0.00,53.8,-8.9,-11.6,0.41,31.9,0,0,0.0,0,220.80
2026-08-11 00:01:53,37.02,DROWSY,0.089,0.379,0.00,54.1,-8.0,-11.5,0.44,10.0,0,0,0.0,0,217.50
2026-08-11 00:01:54,38.10,DROWSY,0.077,0.393,0.00,54.1,-9.4,-11.5,0.46,0.0,0,0,0.0,0,216.67
2026-08-11 00:01:55,39.16,DROWSY,0.097,0.383,0.00,53.9,-9.3,-11.2,0.47,0.0,0,0,0.0,1,216.13
2026-08-11 00:01:56,40.30,MICROSLEEP,0.164,0.365,0.00,54.6,12.2,-6.1,0.48,0.0,0,0,0.0,1,216.62
2026-08-11 00:01:58,41.47,MICROSLEEP,0.244,0.365,0.00,55.1,5.3,-7.0,0.26,0.0,0,0,0.0,0,217.31
2026-08-11 00:01:59,42.70,FATIGUED,0.259,0.345,0.00,54.1,1.3,-10.2,0.16,0.0,0,0,0.0,0,219.41
2026-08-11 00:02:00,43.73,FATIGUED,0.265,0.369,0.00,53.6,0.5,-9.9,0.12,1.8,0,0,0.0,0,221.29
2026-08-11 00:02:01,44.88,FATIGUED,0.257,0.368,0.00,53.8,-1.0,-9.8,0.10,4.8,0,0,0.0,0,221.86
2026-08-11 00:02:02,45.99,ATTENTIVE,0.263,0.372,0.00,53.8,2.5,-9.3,0.09,8.4,0,0,0.0,0,218.44
2026-08-11 00:02:03,47.10,ATTENTIVE,0.245,0.411,0.00,53.9,-0.9,-10.8,0.08,11.4,0,0,0.0,0,217.64
2026-08-11 00:02:04,48.18,ATTENTIVE,0.222,0.624,0.86,54.9,2.1,-10.3,0.08,14.4,0,0,0.0,0,217.13
2026-08-11 00:02:05,49.32,ATTENTIVE,0.232,0.669,1.00,55.0,1.6,-9.8,0.08,17.4,0,0,0.0,0,218.55
2026-08-11 00:02:07,50.55,ATTENTIVE,0.233,0.710,1.00,54.9,2.3,-9.4,0.13,20.4,0,1,1.0,0,222.79
2026-08-11 00:02:08,51.72,ATTENTIVE,0.220,0.485,0.59,55.6,4.6,-9.8,0.14,23.4,0,1,2.2,0,224.70
2026-08-11 00:02:09,52.78,ATTENTIVE,0.209,0.505,0.00,55.5,2.9,-9.5,0.12,26.4,0,1,3.2,0,224.87
2026-08-11 00:02:10,53.91,ATTENTIVE,0.214,0.685,0.89,55.5,3.7,-8.2,0.10,29.4,0,1,4.3,0,224.43
2026-08-11 00:02:11,55.02,ATTENTIVE,0.218,0.891,1.00,56.5,4.2,-7.7,0.18,31.5,0,2,0.2,0,223.90
2026-08-11 00:02:12,56.19,FATIGUED,0.208,0.934,1.00,56.8,1.4,-7.6,0.34,28.9,0,2,1.4,0,218.98
2026-08-11 00:02:13,57.27,FATIGUED,0.158,0.859,1.00,56.2,1.7,-7.9,0.39,26.2,0,2,2.5,0,215.69
2026-08-11 00:02:15,58.49,FATIGUED,0.120,0.841,1.00,56.3,3.8,-7.4,0.57,7.4,0,2,3.7,0,217.85
2026-08-11 00:02:16,59.72,FATIGUED,0.135,0.837,1.00,56.3,2.3,-7.0,0.71,0.0,0,2,4.9,0,223.08
2026-08-11 00:02:17,60.85,DROWSY,0.153,0.460,0.59,57.3,10.7,-2.9,0.78,0.0,0,2,6.1,0,223.83
2026-08-11 00:02:18,61.98,DROWSY,0.173,0.385,0.00,56.9,13.2,-2.5,0.78,0.0,0,2,7.2,0,224.29
2026-08-11 00:02:19,63.18,DROWSY,0.200,0.423,0.00,56.0,16.9,-2.6,0.68,0.0,0,2,8.4,1,224.83
2026-08-11 00:02:20,64.32,DROWSY,0.205,0.464,0.00,56.4,11.6,-6.6,0.52,0.0,0,2,9.5,1,223.58
2026-08-11 00:02:22,65.50,DROWSY,0.188,0.374,0.00,56.2,12.4,-6.1,0.45,0.0,0,2,10.7,1,223.66
2026-08-11 00:02:23,66.64,DROWSY,0.196,0.510,0.00,56.1,12.6,-6.6,0.41,0.0,0,2,11.8,1,225.24
2026-08-11 00:02:24,67.79,FATIGUED,0.224,0.387,0.00,56.1,11.7,-6.0,0.39,0.0,0,2,13.0,0,225.52
2026-08-11 00:02:25,68.92,FATIGUED,0.230,0.364,0.00,56.3,10.7,-7.1,0.37,0.0,0,2,14.1,0,225.54
2026-08-11 00:02:26,69.95,FATIGUED,0.215,0.371,0.00,56.5,11.4,-7.0,0.36,0.0,0,2,15.1,0,228.38
2026-08-11 00:41:00,73.48,CALIBRATING,0.229,0.292,0.00,54.8,13.6,6.6,0.00,100.0,0,0,0.0,0,30.46
2026-08-11 00:41:00,74.03,CALIBRATING,0.212,0.301,0.00,54.5,10.9,3.5,0.00,100.0,0,0,0.0,0,41.69
2026-08-11 00:41:02,75.07,CALIBRATING,0.217,0.327,0.00,53.6,8.7,2.3,0.00,100.0,0,0,0.0,0,47.11
2026-08-11 00:41:03,76.11,CALIBRATING,0.254,0.306,0.00,52.0,5.6,1.2,0.00,100.0,0,0,0.0,0,54.11
2026-08-11 00:41:04,77.15,ATTENTIVE,0.266,0.306,0.00,51.6,5.1,0.0,0.00,100.0,0,0,0.0,0,52.81
2026-08-11 00:41:05,78.20,ATTENTIVE,0.262,0.297,0.00,51.4,2.6,-0.4,0.00,100.0,0,0,0.0,0,56.85
2026-08-11 00:41:06,79.25,ATTENTIVE,0.257,0.284,0.00,51.8,4.3,0.0,0.00,100.0,0,0,0.0,0,60.94
2026-08-11 00:41:07,80.27,ATTENTIVE,0.237,1.008,0.84,53.5,-1.4,-2.3,0.00,100.0,0,0,0.0,0,62.62
2026-08-11 00:41:08,81.36,ATTENTIVE,0.190,0.992,0.98,55.9,0.3,-8.3,0.02,100.0,0,0,0.0,0,66.44
2026-08-11 00:41:09,82.42,ATTENTIVE,0.154,1.021,1.00,56.8,7.0,-1.2,0.22,86.9,0,1,0.9,0,72.03
2026-08-11 00:41:10,83.45,FATIGUED,0.160,1.031,1.00,57.2,16.3,3.7,0.46,37.3,0,1,1.9,0,74.66
2026-08-11 00:41:11,84.51,DROWSY,0.152,0.923,1.00,57.5,3.6,-2.7,0.59,0.0,0,1,3.0,0,76.64
2026-08-11 00:41:12,85.55,DROWSY,0.170,0.843,1.00,56.1,-0.5,-2.1,0.65,0.0,0,1,4.0,0,75.04
2026-08-11 00:41:13,86.56,DROWSY,0.207,0.285,0.00,56.7,4.1,-2.6,0.41,0.0,0,1,5.0,0,69.47
2026-08-11 00:41:14,87.57,FATIGUED,0.183,1.131,0.83,56.5,0.1,-5.7,0.18,0.0,0,1,6.0,0,65.97
2026-08-11 00:41:15,88.62,FATIGUED,0.167,0.992,0.97,57.2,0.6,-18.7,0.37,0.0,0,1,7.1,0,62.36
2026-08-11 00:41:16,89.67,DROWSY,0.166,1.043,1.00,56.8,-17.4,-2.7,0.89,0.0,0,2,0.8,0,62.18
2026-08-11 00:41:17,90.73,DROWSY,0.157,0.507,0.97,56.3,6.4,17.9,0.98,0.0,0,2,1.8,0,66.45
2026-08-11 00:41:18,91.74,DROWSY,0.138,0.319,0.02,56.1,20.5,19.0,1.00,0.0,0,2,2.9,0,71.26
2026-08-11 00:41:19,92.76,DROWSY,0.139,0.430,0.00,57.3,19.9,15.7,0.96,0.0,0,2,3.9,0,76.45
2026-08-11 00:41:20,93.79,DROWSY,0.251,0.274,0.00,49.5,3.1,7.9,0.74,0.0,0,2,4.9,1,83.38
2026-08-11 00:41:21,94.83,DROWSY,0.274,0.297,0.00,48.9,0.3,4.0,0.49,0.0,0,2,6.0,1,83.05
2026-08-11 00:41:22,95.84,DROWSY,0.135,0.303,0.00,50.7,-0.1,2.9,0.66,0.0,0,2,7.0,1,78.01
2026-08-11 00:41:23,96.87,DROWSY,0.150,0.314,0.00,51.0,-0.6,2.9,0.79,0.0,0,2,8.0,1,74.61
2026-08-11 00:41:24,97.91,DROWSY,0.153,0.323,0.00,51.6,-0.4,2.9,0.86,0.0,0,2,9.0,1,65.23
2026-08-11 00:41:25,98.95,DROWSY,0.251,0.317,0.00,51.0,-0.6,2.7,0.67,0.0,0,2,10.1,1,63.98
2026-08-11 00:41:26,99.99,DROWSY,0.165,0.307,0.00,51.6,-0.1,2.6,0.54,0.0,0,2,11.1,1,66.06
2026-08-11 00:41:27,101.00,DROWSY,0.169,0.318,0.00,51.9,-0.4,2.2,0.72,0.0,0,2,12.1,1,71.20
2026-08-11 00:41:29,102.06,DROWSY,0.152,0.305,0.00,51.9,1.1,2.6,0.84,0.0,0,2,13.2,1,75.09
2026-08-11 00:41:30,103.13,DROWSY,0.151,0.337,0.00,52.3,0.9,2.9,0.87,0.0,0,2,14.3,1,79.78
2026-08-11 00:41:31,104.15,DROWSY,0.255,0.338,0.00,51.5,-1.9,2.3,0.65,0.0,0,2,15.3,1,82.53
2026-08-11 00:41:32,105.18,DROWSY,0.249,0.705,0.84,52.0,-1.4,2.3,0.48,0.0,0,2,16.3,1,83.41
2026-08-11 00:41:33,106.22,DROWSY,0.218,0.883,0.98,53.4,0.7,0.4,0.46,0.0,0,2,17.4,1,78.21
2026-08-11 00:41:34,107.24,DROWSY,0.171,1.094,1.00,55.4,-0.8,-1.1,0.62,0.0,0,3,0.8,1,74.14
2026-08-11 00:41:35,108.27,DROWSY,0.154,1.077,1.00,55.6,-3.2,-1.8,0.90,0.0,0,3,1.9,1,71.30
2026-08-11 00:41:36,109.30,DROWSY,0.144,1.074,1.00,56.3,-1.4,-3.8,0.99,0.0,0,3,2.9,1,67.40
2026-08-11 00:41:37,110.33,DROWSY,0.211,0.306,0.00,55.9,8.4,-14.2,0.92,0.0,0,3,3.9,1,68.15
2026-08-11 00:41:38,111.37,DROWSY,0.180,0.293,0.00,57.9,13.0,-34.4,0.60,0.0,0,3,4.9,1,69.53
2026-08-11 00:41:39,112.41,DROWSY,0.182,0.293,0.00,57.9,12.3,-35.6,0.55,0.0,0,3,6.0,1,70.10
2026-08-11 00:41:40,113.47,DROWSY,0.171,0.313,0.00,57.4,-24.4,37.1,0.62,0.0,0,3,7.1,1,69.52
2026-08-11 00:41:41,114.54,DROWSY,0.215,0.300,0.00,57.0,-16.6,38.0,0.56,0.0,0,3,8.1,1,70.30
2026-08-11 00:41:42,115.57,DROWSY,0.179,0.312,0.00,56.7,-10.8,39.6,0.48,0.0,0,3,9.2,1,67.47
2026-08-11 00:41:43,116.58,DROWSY,0.150,0.306,0.00,56.6,-13.4,39.7,0.69,0.0,0,3,10.2,1,68.12
2026-08-11 00:41:44,117.59,DROWSY,0.175,0.310,0.00,56.1,-10.1,39.6,0.85,0.0,0,3,11.2,1,68.31
2026-08-11 00:41:45,118.64,DROWSY,0.162,0.308,0.00,55.9,-8.3,38.7,0.92,0.0,0,3,12.2,1,69.02
2026-08-11 00:41:46,119.67,DROWSY,0.189,0.324,0.00,53.8,-4.6,-3.1,0.92,0.0,0,3,13.2,1,70.86
2026-08-11 00:41:47,120.68,DROWSY,0.279,0.181,0.00,39.9,-4.5,-4.1,0.53,0.0,0,3,14.3,1,70.25
2026-08-11 00:41:48,121.72,DROWSY,0.274,0.144,0.00,38.5,-6.8,-7.0,0.68,0.0,0,3,15.3,1,71.50
2026-08-11 00:41:49,122.75,MICROSLEEP,0.258,0.158,0.00,37.8,-6.3,-6.0,0.84,0.0,0,3,16.3,1,68.78
2026-08-11 00:41:50,123.77,MICROSLEEP,0.278,0.159,0.00,37.7,-5.5,-4.0,0.85,0.0,0,3,17.3,1,69.18
2026-08-11 00:41:51,124.80,MICROSLEEP,0.248,0.334,0.00,52.6,-8.2,-5.4,0.84,0.0,0,3,18.4,1,69.57
2026-08-11 00:41:52,125.85,DROWSY,0.213,0.335,0.00,57.0,9.2,-10.8,0.47,0.0,0,3,19.4,1,68.77
2026-08-11 00:41:53,126.89,FATIGUED,0.190,1.042,0.92,57.9,9.0,-12.1,0.44,0.0,0,3,20.5,0,69.86
2026-08-11 00:41:54,127.94,FATIGUED,0.142,1.070,1.00,58.1,-0.0,-6.2,0.70,0.0,0,4,0.4,0,68.26
2026-08-11 00:41:55,128.99,DROWSY,0.152,1.136,1.00,56.8,-12.4,-7.3,0.90,0.0,0,4,1.5,0,68.49
2026-08-11 00:41:56,130.04,DROWSY,0.139,1.061,1.00,57.4,10.2,-4.2,0.98,0.0,0,4,2.5,0,68.43
2026-08-11 00:41:58,131.12,DROWSY,0.158,0.473,0.99,57.4,2.5,-5.0,0.99,0.0,0,4,3.6,1,72.46
2026-08-11 00:41:59,132.14,DROWSY,0.151,0.548,0.00,57.9,5.9,-5.3,0.89,0.0,0,4,4.6,1,75.48
2026-08-11 00:42:00,133.18,MICROSLEEP,0.156,0.553,0.86,56.3,11.3,-0.4,0.88,0.0,0,4,5.7,1,75.47
2026-08-11 00:42:01,134.19,MICROSLEEP,0.177,0.410,0.00,56.5,27.7,14.4,0.91,0.0,0,4,6.7,1,75.38
2026-08-11 00:42:02,135.26,DROWSY,0.214,0.356,0.00,56.4,4.8,8.6,0.61,0.0,0,4,7.7,1,70.98
2026-08-11 00:42:03,136.30,DROWSY,0.176,0.211,0.00,55.0,-15.2,-8.7,0.53,0.0,0,4,8.8,1,66.85
2026-08-11 00:42:04,137.31,DROWSY,0.292,0.272,0.00,48.5,-30.2,-15.2,0.52,0.0,0,4,9.8,1,68.96
2026-08-11 00:42:05,138.35,DROWSY,0.300,0.295,0.00,48.6,-27.3,-14.4,0.52,0.0,0,4,10.8,1,69.20
2026-08-11 00:42:06,139.40,DROWSY,0.278,0.306,0.00,48.9,-23.7,-16.0,0.50,0.0,0,4,11.9,1,69.86
2026-08-11 00:42:07,140.46,DROWSY,0.221,0.273,0.00,50.5,-10.2,-14.8,0.48,0.0,0,4,12.9,1,71.70
2026-08-11 00:42:42,15.73,CALIBRATING,0.288,0.286,0.00,50.1,-6.9,-5.1,0.00,100.0,0,0,0.0,0,33.59
2026-08-11 00:42:43,16.70,CALIBRATING,0.262,0.280,0.00,49.9,-6.5,-5.1,0.00,100.0,0,0,0.0,0,38.85
2026-08-11 00:42:44,17.75,CALIBRATING,0.264,0.272,0.00,49.6,-4.5,-5.1,0.00,100.0,0,0,0.0,0,42.88
2026-08-11 00:42:46,18.78,ATTENTIVE,0.267,0.276,0.00,49.7,-4.3,-4.3,0.00,100.0,0,0,0.0,0,50.76
2026-08-11 00:42:47,19.79,ATTENTIVE,0.255,0.278,0.00,49.6,-3.1,-4.2,0.00,100.0,0,0,0.0,0,55.46
2026-08-11 00:42:48,20.84,ATTENTIVE,0.258,0.292,0.00,49.7,-3.8,-4.2,0.00,100.0,0,0,0.0,0,59.65
2026-08-11 00:42:49,21.89,ATTENTIVE,0.257,0.288,0.00,49.6,-3.4,-4.3,0.00,100.0,0,0,0.0,0,62.50
2026-08-11 00:42:50,22.91,ATTENTIVE,0.229,0.303,0.00,50.6,-10.0,-9.7,0.00,100.0,0,0,0.0,0,63.40
2026-08-11 00:42:51,23.96,ATTENTIVE,0.156,0.455,0.00,52.5,-13.9,-16.9,0.19,74.6,0,0,0.0,0,68.15
2026-08-11 00:42:52,25.01,FATIGUED,0.150,0.798,0.91,54.2,-9.2,-15.9,0.36,33.4,0,0,0.0,0,72.62
2026-08-11 00:42:53,26.10,FATIGUED,0.146,0.725,1.00,53.6,-11.6,-15.1,0.51,0.0,0,1,0.4,0,75.60
2026-08-11 00:42:54,27.11,DROWSY,0.136,1.048,1.00,55.7,-11.3,-14.6,0.58,0.0,0,1,1.4,0,77.99
2026-08-11 00:42:55,28.19,DROWSY,0.131,1.136,1.00,56.9,-10.4,-11.5,0.62,0.0,0,1,2.4,0,82.13
2026-08-11 00:42:56,29.18,DROWSY,0.128,0.287,0.00,56.3,-8.2,-13.1,0.60,0.0,0,1,3.4,0,80.48
2026-08-11 00:42:57,30.17,MICROSLEEP,0.144,0.729,0.00,54.9,-10.7,-12.0,0.59,0.0,0,1,4.5,1,78.11
2026-08-11 00:42:58,31.17,MICROSLEEP,0.255,0.466,0.00,54.7,-6.5,-12.7,0.45,0.0,0,1,5.5,0,75.83
2026-08-11 00:42:59,32.22,FATIGUED,0.225,0.312,0.00,51.9,-8.6,8.8,0.22,0.0,0,1,6.5,0,75.07
2026-08-11 00:43:00,33.28,FATIGUED,0.146,0.328,0.00,53.9,-11.0,30.2,0.33,0.0,0,1,7.6,0,68.29
2026-08-11 00:43:01,34.28,FATIGUED,0.147,0.330,0.00,55.4,-2.7,20.7,0.54,0.0,0,1,8.6,0,66.75
2026-08-11 00:43:02,35.30,DROWSY,0.154,0.318,0.00,56.4,0.7,-9.5,0.65,0.0,0,1,9.6,0,65.05
2026-08-11 00:43:03,36.30,DROWSY,0.162,0.307,0.00,56.7,2.5,-18.6,0.66,0.0,0,1,10.6,0,65.28
2026-08-11 00:43:04,37.33,DROWSY,0.142,0.314,0.00,56.7,-2.3,-14.0,0.65,0.0,0,1,11.6,0,64.64
2026-08-11 00:43:05,38.37,DROWSY,0.124,0.307,0.00,61.9,-3.5,0.0,0.65,0.0,0,1,12.6,1,65.55
2026-08-11 00:43:06,39.37,MICROSLEEP,0.240,0.337,0.00,56.0,-2.5,1.7,0.37,0.0,0,1,13.6,0,65.20
2026-08-11 00:43:07,40.46,FATIGUED,0.238,0.288,0.00,54.9,-0.1,-0.8,0.23,0.0,0,1,14.7,0,68.63
2026-08-11 00:43:08,41.51,FATIGUED,0.138,1.000,0.91,55.1,9.7,11.8,0.31,0.0,0,1,15.8,0,71.13
2026-08-11 00:43:09,42.56,FATIGUED,0.133,0.655,1.00,54.8,1.4,-15.7,0.75,0.0,0,2,0.3,0,71.48
2026-08-11 00:43:10,43.61,DROWSY,0.137,0.613,1.00,53.6,-7.1,-24.2,0.98,0.0,0,2,1.4,0,71.54
2026-08-11 00:43:11,44.64,DROWSY,0.132,0.632,1.00,55.3,-6.9,-26.7,1.00,0.0,0,2,2.4,0,69.06
2026-08-11 00:43:12,45.65,DROWSY,0.121,0.811,1.00,54.8,-8.7,-26.9,1.00,0.0,0,2,3.4,0,65.82
2026-08-11 00:43:13,46.69,DROWSY,0.141,0.668,1.00,54.5,-8.7,-27.1,1.00,0.0,0,2,4.5,1,65.63
2026-08-11 00:43:14,47.74,MICROSLEEP,0.224,0.280,0.00,53.8,1.8,7.3,0.75,0.0,0,2,5.5,1,65.90
2026-08-11 00:43:15,48.77,DROWSY,0.241,0.650,0.00,53.5,-3.4,6.9,0.55,0.0,0,2,6.5,1,67.01
2026-08-11 00:43:16,49.75,DROWSY,0.215,0.790,0.89,52.9,-3.6,5.7,0.48,0.0,0,2,7.5,1,68.05
2026-08-11 00:43:17,50.76,DROWSY,0.194,1.042,1.00,53.3,-4.2,3.0,0.53,0.0,0,3,0.1,1,66.35
2026-08-11 00:43:19,51.78,DROWSY,0.205,0.631,1.00,52.7,-2.4,4.1,0.63,0.0,0,3,1.2,1,66.98
2026-08-11 00:43:20,52.84,DROWSY,0.200,0.543,1.00,53.1,-4.0,2.6,0.61,0.0,0,3,2.2,1,65.05
2026-08-11 00:43:21,53.92,DROWSY,0.189,0.363,0.00,54.1,-3.0,2.7,0.54,0.0,0,3,3.3,1,65.52
2026-08-11 00:43:22,54.92,DROWSY,0.189,0.646,0.00,53.0,-2.3,2.6,0.43,0.0,0,3,4.3,1,66.70
2026-08-11 00:43:23,55.94,FATIGUED,0.209,0.684,0.89,53.3,-1.8,1.1,0.39,0.0,0,3,5.3,0,66.67
2026-08-11 00:43:24,56.98,FATIGUED,0.210,0.713,1.00,53.5,-3.8,0.7,0.41,0.0,0,4,0.2,0,66.22
2026-08-11 00:43:25,57.98,FATIGUED,0.201,0.734,1.00,53.4,-10.5,-6.7,0.45,0.0,0,4,1.2,0,64.92
2026-08-11 00:43:26,59.05,DROWSY,0.203,0.768,1.00,53.4,-21.1,-17.3,0.46,0.0,0,4,2.3,0,67.78
2026-08-11 00:43:27,60.08,DROWSY,0.190,0.909,1.00,54.7,-14.7,-12.2,0.47,0.0,0,4,3.3,0,69.81
2026-08-11 00:43:28,61.12,DROWSY,0.208,1.156,1.00,55.3,-21.2,-10.7,0.49,0.0,0,4,4.3,0,71.68
2026-08-11 00:43:29,62.18,DROWSY,0.160,1.314,1.00,57.9,-3.2,-7.9,0.50,0.0,0,4,5.4,1,74.38
2026-08-11 00:43:30,63.19,DROWSY,0.132,1.286,1.00,58.5,-5.2,-4.5,0.75,0.0,0,4,6.4,1,77.42
2026-08-11 00:43:31,64.20,DROWSY,0.138,0.415,0.75,56.6,0.6,-3.3,0.88,0.0,0,4,7.4,1,78.63
